{"type":"FeatureCollection","features":[{"type":"Feature","geometry":{"type":"Point","coordinates":[114.32681,22.39651]},"properties":{"FAC_ID":"M001","TRAIL_ID":"mc_1","TRAIL_NAME_EN":"MACLEHOSE TRAIL SECTION 1","TRAIL_NAME_TC":"麥理浩徑第一段","COUNTRY_PARK_EN":"SAI KUNG EAST COUNTRY PARK","COUNTRY_PARK_TC":"西貢東郊野公園","UTM_GRID":"KK247791","UTM_ZONE":"50Q","trail_id_corrected_from":null,"position_may_be_inaccurate":false}},{"type":"Feature","geometry":{"type":"Point","coordinates":[114.33034,22.3945]},"properties":{"FAC_ID":"M002","TRAIL_ID":"mc_1","TRAIL_NAME_EN":"MACLEHOSE TRAIL SECTION 1","TRAIL_NAME_TC":"麥理浩徑第一段","COUNTRY_PARK_EN":"SAI KUNG EAST COUNTRY PARK","COUNTRY_PARK_TC":"西貢東郊野公園","UTM_GRID":"KK251789","UTM_ZONE":"50Q","trail_id_corrected_from":null,"position_may_be_inaccurate":false}},{"type":"Feature","geometry":{"type":"Point","coordinates":[114.33284,22.39047]},"properties":{"FAC_ID":"M003","TRAIL_ID":"mc_1","TRAIL_NAME_EN":"MACLEHOSE TRAIL SECTION 1","TRAIL_NAME_TC":"麥理浩徑第一段","COUNTRY_PARK_EN":"SAI KUNG EAST COUNTRY PARK","COUNTRY_PARK_TC":"西貢東郊野公園","UTM_GRID":"KK253784","UTM_ZONE":"50Q","trail_id_corrected_from":null,"position_may_be_inaccurate":false}},{"type":"Feature","geometry":{"type":"Point","coordinates":[114.3358,22.3873]},"properties":{"FAC_ID":"M004","TRAIL_ID":"mc_1","TRAIL_NAME_EN":"MACLEHOSE TRAIL SECTION 1","TRAIL_NAME_TC":"麥理浩徑第一段","COUNTRY_PARK_EN":"SAI KUNG EAST COUNTRY PARK","COUNTRY_PARK_TC":"西貢東郊野公園","UTM_GRID":"KK256781","UTM_ZONE":"50Q","trail_id_corrected_from":null,"position_may_be_inaccurate":false}},{"type":"Feature","geometry":{"type":"Point","coordinates":[114.33482,22.3835]},"properties":{"FAC_ID":"M005","TRAIL_ID":"mc_1","TRAIL_NAME_EN":"MACLEHOSE TRAIL SECTION 1","TRAIL_NAME_TC":"麥理浩徑第一段","COUNTRY_PARK_EN":"SAI KUNG EAST COUNTRY PARK","COUNTRY_PARK_TC":"西貢東郊野公園","UTM_GRID":"KK255777","UTM_ZONE":"50Q","trail_id_corrected_from":null,"position_may_be_inaccurate":false}},{"type":"Feature","geometry":{"type":"Point","coordinates":[114.33717,22.3804]},"properties":{"FAC_ID":"M006","TRAIL_ID":"mc_1","TRAIL_NAME_EN":"MACLEHOSE TRAIL SECTION 1","TRAIL_NAME_TC":"麥理浩徑第一段","COUNTRY_PARK_EN":"SAI KUNG EAST COUNTRY PARK","COUNTRY_PARK_TC":"西貢東郊野公園","UTM_GRID":"KK258773","UTM_ZONE":"50Q","trail_id_corrected_from":null,"position_may_be_inaccurate":false}},{"type":"Feature","geometry":{"type":"Point","coordinates":[114.33931,22.37752]},"properties":{"FAC_ID":"M007","TRAIL_ID":"mc_1","TRAIL_NAME_EN":"MACLEHOSE TRAIL SECTION 1","TRAIL_NAME_TC":"麥理浩徑第一段","COUNTRY_PARK_EN":"SAI KUNG EAST COUNTRY PARK","COUNTRY_PARK_TC":"西貢東郊野公園","UTM_GRID":"KK260770","UTM_ZONE":"50Q","trail_id_corrected_from":null,"position_may_be_inaccurate":false}},{"type":"Feature","geometry":{"type":"Point","coordinates":[114.34123,22.373]},"properties":{"FAC_ID":"M008","TRAIL_ID":"mc_1","TRAIL_NAME_EN":"MACLEHOSE TRAIL SECTION 1","TRAIL_NAME_TC":"麥理浩徑第一段","COUNTRY_PARK_EN":"SAI KUNG EAST COUNTRY PARK","COUNTRY_PARK_TC":"西貢東郊野公園","UTM_GRID":"KK262765","UTM_ZONE":"50Q","trail_id_corrected_from":null,"position_may_be_inaccurate":false}},{"type":"Feature","geometry":{"type":"Point","coordinates":[114.34393,22.36955]},"properties":{"FAC_ID":"M009","TRAIL_ID":"mc_1","TRAIL_NAME_EN":"MACLEHOSE TRAIL SECTION 1","TRAIL_NAME_TC":"麥理浩徑第一段","COUNTRY_PARK_EN":"SAI KUNG EAST COUNTRY PARK","COUNTRY_PARK_TC":"西貢東郊野公園","UTM_GRID":"KK264761","UTM_ZONE":"50Q","trail_id_corrected_from":null,"position_may_be_inaccurate":false}},{"type":"Feature","geometry":{"type":"Point","coordinates":[114.34659,22.36681]},"properties":{"FAC_ID":"M010","TRAIL_ID":"mc_1","TRAIL_NAME_EN":"MACLEHOSE TRAIL SECTION 1","TRAIL_NAME_TC":"麥理浩徑第一段","COUNTRY_PARK_EN":"SAI KUNG EAST COUNTRY PARK","COUNTRY_PARK_TC":"西貢東郊野公園","UTM_GRID":"KK267758","UTM_ZONE":"50Q","trail_id_corrected_from":null,"position_may_be_inaccurate":false}},{"type":"Feature","geometry":{"type":"Point","coordinates":[114.34941,22.36325]},"properties":{"FAC_ID":"M011","TRAIL_ID":"mc_1","TRAIL_NAME_EN":"MACLEHOSE TRAIL SECTION 1","TRAIL_NAME_TC":"麥理浩徑第一段","COUNTRY_PARK_EN":"SAI KUNG EAST COUNTRY PARK","COUNTRY_PARK_TC":"西貢東郊野公園","UTM_GRID":"KK270754","UTM_ZONE":"50Q","trail_id_corrected_from":null,"position_may_be_inaccurate":false}},{"type":"Feature","geometry":{"type":"Point","coordinates":[114.35309,22.36147]},"properties":{"FAC_ID":"M012","TRAIL_ID":"mc_1","TRAIL_NAME_EN":"MACLEHOSE TRAIL SECTION 1","TRAIL_NAME_TC":"麥理浩徑第一段","COUNTRY_PARK_EN":"SAI KUNG EAST COUNTRY PARK","COUNTRY_PARK_TC":"西貢東郊野公園","UTM_GRID":"KK274752","UTM_ZONE":"50Q","trail_id_corrected_from":null,"position_may_be_inaccurate":false}},{"type":"Feature","geometry":{"type":"Point","coordinates":[114.3554,22.36351]},"properties":{"FAC_ID":"M013","TRAIL_ID":"mc_1","TRAIL_NAME_EN":"MACLEHOSE TRAIL SECTION 1","TRAIL_NAME_TC":"麥理浩徑第一段","COUNTRY_PARK_EN":"SAI KUNG EAST COUNTRY PARK","COUNTRY_PARK_TC":"西貢東郊野公園","UTM_GRID":"KK276754","UTM_ZONE":"50Q","trail_id_corrected_from":null,"position_may_be_inaccurate":false}},{"type":"Feature","geometry":{"type":"Point","coordinates":[114.35874,22.3619]},"properties":{"FAC_ID":"M014","TRAIL_ID":"mc_1","TRAIL_NAME_EN":"MACLEHOSE TRAIL SECTION 1","TRAIL_NAME_TC":"麥理浩徑第一段","COUNTRY_PARK_EN":"SAI KUNG EAST COUNTRY PARK","COUNTRY_PARK_TC":"西貢東郊野公園","UTM_GRID":"KK279752","UTM_ZONE":"50Q","trail_id_corrected_from":null,"position_may_be_inaccurate":false}},{"type":"Feature","geometry":{"type":"Point","coordinates":[114.36186,22.35903]},"properties":{"FAC_ID":"M015","TRAIL_ID":"mc_1","TRAIL_NAME_EN":"MACLEHOSE TRAIL SECTION 1","TRAIL_NAME_TC":"麥理浩徑第一段","COUNTRY_PARK_EN":"SAI KUNG EAST COUNTRY PARK","COUNTRY_PARK_TC":"西貢東郊野公園","UTM_GRID":"KK283749","UTM_ZONE":"50Q","trail_id_corrected_from":null,"position_may_be_inaccurate":false}},{"type":"Feature","geometry":{"type":"Point","coordinates":[114.36619,22.35958]},"properties":{"FAC_ID":"M016","TRAIL_ID":"mc_1","TRAIL_NAME_EN":"MACLEHOSE TRAIL SECTION 1","TRAIL_NAME_TC":"麥理浩徑第一段","COUNTRY_PARK_EN":"SAI KUNG EAST COUNTRY PARK","COUNTRY_PARK_TC":"西貢東郊野公園","UTM_GRID":"KK287750","UTM_ZONE":"50Q","trail_id_corrected_from":null,"position_may_be_inaccurate":false}},{"type":"Feature","geometry":{"type":"Point","coordinates":[114.37031,22.36042]},"properties":{"FAC_ID":"M017","TRAIL_ID":"mc_1","TRAIL_NAME_EN":"MACLEHOSE TRAIL SECTION 1","TRAIL_NAME_TC":"麥理浩徑第一段","COUNTRY_PARK_EN":"SAI KUNG EAST COUNTRY PARK","COUNTRY_PARK_TC":"西貢東郊野公園","UTM_GRID":"KK291750","UTM_ZONE":"50Q","trail_id_corrected_from":null,"position_may_be_inaccurate":false}},{"type":"Feature","geometry":{"type":"Point","coordinates":[114.37221,22.36346]},"properties":{"FAC_ID":"M018","TRAIL_ID":"mc_1","TRAIL_NAME_EN":"MACLEHOSE TRAIL SECTION 1","TRAIL_NAME_TC":"麥理浩徑第一段","COUNTRY_PARK_EN":"SAI KUNG EAST COUNTRY PARK","COUNTRY_PARK_TC":"西貢東郊野公園","UTM_GRID":"KK293754","UTM_ZONE":"50Q","trail_id_corrected_from":null,"position_may_be_inaccurate":false}},{"type":"Feature","geometry":{"type":"Point","coordinates":[114.37415,22.36691]},"properties":{"FAC_ID":"M019","TRAIL_ID":"mc_1","TRAIL_NAME_EN":"MACLEHOSE TRAIL SECTION 1","TRAIL_NAME_TC":"麥理浩徑第一段","COUNTRY_PARK_EN":"SAI KUNG EAST COUNTRY PARK","COUNTRY_PARK_TC":"西貢東郊野公園","UTM_GRID":"KK295757","UTM_ZONE":"50Q","trail_id_corrected_from":null,"position_may_be_inaccurate":false}},{"type":"Feature","geometry":{"type":"Point","coordinates":[114.37464,22.37011]},"properties":{"FAC_ID":"M020","TRAIL_ID":"mc_1","TRAIL_NAME_EN":"MACLEHOSE TRAIL SECTION 1","TRAIL_NAME_TC":"麥理浩徑第一段","COUNTRY_PARK_EN":"SAI KUNG EAST COUNTRY PARK","COUNTRY_PARK_TC":"西貢東郊野公園","UTM_GRID":"KK296761","UTM_ZONE":"50Q","trail_id_corrected_from":null,"position_may_be_inaccurate":false}},{"type":"Feature","geometry":{"type":"Point","coordinates":[114.37491,22.37394]},"properties":{"FAC_ID":"M021","TRAIL_ID":"mc_2","TRAIL_NAME_EN":"MACLEHOSE TRAIL SECTION 2","TRAIL_NAME_TC":"麥理浩徑第二段","COUNTRY_PARK_EN":"SAI KUNG EAST COUNTRY PARK","COUNTRY_PARK_TC":"西貢東郊野公園","UTM_GRID":"KK296765","UTM_ZONE":"50Q","trail_id_corrected_from":null,"position_may_be_inaccurate":false}},{"type":"Feature","geometry":{"type":"Point","coordinates":[114.37648,22.37668]},"properties":{"FAC_ID":"M022","TRAIL_ID":"mc_2","TRAIL_NAME_EN":"MACLEHOSE TRAIL SECTION 2","TRAIL_NAME_TC":"麥理浩徑第二段","COUNTRY_PARK_EN":"SAI KUNG EAST COUNTRY PARK","COUNTRY_PARK_TC":"西貢東郊野公園","UTM_GRID":"KK298768","UTM_ZONE":"50Q","trail_id_corrected_from":null,"position_may_be_inaccurate":false}},{"type":"Feature","geometry":{"type":"Point","coordinates":[114.38,22.3791]},"properties":{"FAC_ID":"M023","TRAIL_ID":"mc_2","TRAIL_NAME_EN":"MACLEHOSE TRAIL SECTION 2","TRAIL_NAME_TC":"麥理浩徑第二段","COUNTRY_PARK_EN":"SAI KUNG EAST COUNTRY PARK","COUNTRY_PARK_TC":"西貢東郊野公園","UTM_GRID":"KK302771","UTM_ZONE":"50Q","trail_id_corrected_from":null,"position_may_be_inaccurate":false}},{"type":"Feature","geometry":{"type":"Point","coordinates":[114.37827,22.38338]},"properties":{"FAC_ID":"M024","TRAIL_ID":"mc_2","TRAIL_NAME_EN":"MACLEHOSE TRAIL SECTION 2","TRAIL_NAME_TC":"麥理浩徑第二段","COUNTRY_PARK_EN":"SAI KUNG EAST COUNTRY PARK","COUNTRY_PARK_TC":"西貢東郊野公園","UTM_GRID":"KK300776","UTM_ZONE":"50Q","trail_id_corrected_from":null,"position_may_be_inaccurate":false}},{"type":"Feature","geometry":{"type":"Point","coordinates":[114.37808,22.38649]},"properties":{"FAC_ID":"M025","TRAIL_ID":"mc_2","TRAIL_NAME_EN":"MACLEHOSE TRAIL SECTION 2","TRAIL_NAME_TC":"麥理浩徑第二段","COUNTRY_PARK_EN":"SAI KUNG EAST COUNTRY PARK","COUNTRY_PARK_TC":"西貢東郊野公園","UTM_GRID":"KK300779","UTM_ZONE":"50Q","trail_id_corrected_from":null,"position_may_be_inaccurate":false}},{"type":"Feature","geometry":{"type":"Point","coordinates":[114.37595,22.38954]},"properties":{"FAC_ID":"M026","TRAIL_ID":"mc_2","TRAIL_NAME_EN":"MACLEHOSE TRAIL SECTION 2","TRAIL_NAME_TC":"麥理浩徑第二段","COUNTRY_PARK_EN":"SAI KUNG EAST COUNTRY PARK","COUNTRY_PARK_TC":"西貢東郊野公園","UTM_GRID":"KK298783","UTM_ZONE":"50Q","trail_id_corrected_from":null,"position_may_be_inaccurate":false}},{"type":"Feature","geometry":{"type":"Point","coordinates":[114.37301,22.38972]},"properties":{"FAC_ID":"M027","TRAIL_ID":"mc_2","TRAIL_NAME_EN":"MACLEHOSE TRAIL SECTION 2","TRAIL_NAME_TC":"麥理浩徑第二段","COUNTRY_PARK_EN":"SAI KUNG EAST COUNTRY PARK","COUNTRY_PARK_TC":"西貢東郊野公園","UTM_GRID":"KK295783","UTM_ZONE":"50Q","trail_id_corrected_from":null,"position_may_be_inaccurate":false}},{"type":"Feature","geometry":{"type":"Point","coordinates":[114.3683,22.38727]},"properties":{"FAC_ID":"M028","TRAIL_ID":"mc_2","TRAIL_NAME_EN":"MACLEHOSE TRAIL SECTION 2","TRAIL_NAME_TC":"麥理浩徑第二段","COUNTRY_PARK_EN":"SAI KUNG EAST COUNTRY PARK","COUNTRY_PARK_TC":"西貢東郊野公園","UTM_GRID":"KK290780","UTM_ZONE":"50Q","trail_id_corrected_from":null,"position_may_be_inaccurate":false}},{"type":"Feature","geometry":{"type":"Point","coordinates":[114.36647,22.39014]},"properties":{"FAC_ID":"M029","TRAIL_ID":"mc_2","TRAIL_NAME_EN":"MACLEHOSE TRAIL SECTION 2","TRAIL_NAME_TC":"麥理浩徑第二段","COUNTRY_PARK_EN":"SAI KUNG EAST COUNTRY PARK","COUNTRY_PARK_TC":"西貢東郊野公園","UTM_GRID":"KK288783","UTM_ZONE":"50Q","trail_id_corrected_from":null,"position_may_be_inaccurate":false}},{"type":"Feature","geometry":{"type":"Point","coordinates":[114.36804,22.39205]},"properties":{"FAC_ID":"M030","TRAIL_ID":"mc_2","TRAIL_NAME_EN":"MACLEHOSE TRAIL SECTION 2","TRAIL_NAME_TC":"麥理浩徑第二段","COUNTRY_PARK_EN":"SAI KUNG EAST COUNTRY PARK","COUNTRY_PARK_TC":"西貢東郊野公園","UTM_GRID":"KK290785","UTM_ZONE":"50Q","trail_id_corrected_from":null,"position_may_be_inaccurate":false}},{"type":"Feature","geometry":{"type":"Point","coordinates":[114.37079,22.39807]},"properties":{"FAC_ID":"M031","TRAIL_ID":"mc_2","TRAIL_NAME_EN":"MACLEHOSE TRAIL SECTION 2","TRAIL_NAME_TC":"麥理浩徑第二段","COUNTRY_PARK_EN":"SAI KUNG EAST COUNTRY PARK","COUNTRY_PARK_TC":"西貢東郊野公園","UTM_GRID":"KK293792","UTM_ZONE":"50Q","trail_id_corrected_from":null,"position_may_be_inaccurate":false}},{"type":"Feature","geometry":{"type":"Point","coordinates":[114.36991,22.40059]},"properties":{"FAC_ID":"M032","TRAIL_ID":"mc_2","TRAIL_NAME_EN":"MACLEHOSE TRAIL SECTION 2","TRAIL_NAME_TC":"麥理浩徑第二段","COUNTRY_PARK_EN":"SAI KUNG EAST COUNTRY PARK","COUNTRY_PARK_TC":"西貢東郊野公園","UTM_GRID":"KK292795","UTM_ZONE":"50Q","trail_id_corrected_from":null,"position_may_be_inaccurate":false}},{"type":"Feature","geometry":{"type":"Point","coordinates":[114.37142,22.40132]},"properties":{"FAC_ID":"M033","TRAIL_ID":"mc_2","TRAIL_NAME_EN":"MACLEHOSE TRAIL SECTION 2","TRAIL_NAME_TC":"麥理浩徑第二段","COUNTRY_PARK_EN":"SAI KUNG EAST COUNTRY PARK","COUNTRY_PARK_TC":"西貢東郊野公園","UTM_GRID":"KK293796","UTM_ZONE":"50Q","trail_id_corrected_from":null,"position_may_be_inaccurate":false}},{"type":"Feature","geometry":{"type":"Point","coordinates":[114.37219,22.40372]},"properties":{"FAC_ID":"M034","TRAIL_ID":"mc_2","TRAIL_NAME_EN":"MACLEHOSE TRAIL SECTION 2","TRAIL_NAME_TC":"麥理浩徑第二段","COUNTRY_PARK_EN":"SAI KUNG EAST COUNTRY PARK","COUNTRY_PARK_TC":"西貢東郊野公園","UTM_GRID":"KK294798","UTM_ZONE":"50Q","trail_id_corrected_from":null,"position_may_be_inaccurate":false}},{"type":"Feature","geometry":{"type":"Point","coordinates":[114.3741,22.40724]},"properties":{"FAC_ID":"M035","TRAIL_ID":"mc_2","TRAIL_NAME_EN":"MACLEHOSE TRAIL SECTION 2","TRAIL_NAME_TC":"麥理浩徑第二段","COUNTRY_PARK_EN":"SAI KUNG EAST COUNTRY PARK","COUNTRY_PARK_TC":"西貢東郊野公園","UTM_GRID":"KK296802","UTM_ZONE":"50Q","trail_id_corrected_from":null,"position_may_be_inaccurate":false}},{"type":"Feature","geometry":{"type":"Point","coordinates":[114.37434,22.41107]},"properties":{"FAC_ID":"M036","TRAIL_ID":"mc_2","TRAIL_NAME_EN":"MACLEHOSE TRAIL SECTION 2","TRAIL_NAME_TC":"麥理浩徑第二段","COUNTRY_PARK_EN":"SAI KUNG EAST COUNTRY PARK","COUNTRY_PARK_TC":"西貢東郊野公園","UTM_GRID":"KK296806","UTM_ZONE":"50Q","trail_id_corrected_from":null,"position_may_be_inaccurate":false}},{"type":"Feature","geometry":{"type":"Point","coordinates":[114.37229,22.4147]},"properties":{"FAC_ID":"M037","TRAIL_ID":"mc_2","TRAIL_NAME_EN":"MACLEHOSE TRAIL SECTION 2","TRAIL_NAME_TC":"麥理浩徑第二段","COUNTRY_PARK_EN":"Outside Country Park and Special Area","COUNTRY_PARK_TC":"不在郊野公園及特別地區範圍","UTM_GRID":"KK294810","UTM_ZONE":"50Q","trail_id_corrected_from":null,"position_may_be_inaccurate":false}},{"type":"Feature","geometry":{"type":"Point","coordinates":[114.3712,22.41838]},"properties":{"FAC_ID":"M038","TRAIL_ID":"mc_2","TRAIL_NAME_EN":"MACLEHOSE TRAIL SECTION 2","TRAIL_NAME_TC":"麥理浩徑第二段","COUNTRY_PARK_EN":"Outside Country Park and Special Area","COUNTRY_PARK_TC":"不在郊野公園及特別地區範圍","UTM_GRID":"KK293815","UTM_ZONE":"50Q","trail_id_corrected_from":null,"position_may_be_inaccurate":false}},{"type":"Feature","geometry":{"type":"Point","coordinates":[114.36777,22.41932]},"properties":{"FAC_ID":"M039","TRAIL_ID":"mc_2","TRAIL_NAME_EN":"MACLEHOSE TRAIL SECTION 2","TRAIL_NAME_TC":"麥理浩徑第二段","COUNTRY_PARK_EN":"SAI KUNG EAST COUNTRY PARK","COUNTRY_PARK_TC":"西貢東郊野公園","UTM_GRID":"KK290816","UTM_ZONE":"50Q","trail_id_corrected_from":null,"position_may_be_inaccurate":false}},{"type":"Feature","geometry":{"type":"Point","coordinates":[114.36472,22.42077]},"properties":{"FAC_ID":"M040","TRAIL_ID":"mc_2","TRAIL_NAME_EN":"MACLEHOSE TRAIL SECTION 2","TRAIL_NAME_TC":"麥理浩徑第二段","COUNTRY_PARK_EN":"SAI KUNG EAST COUNTRY PARK","COUNTRY_PARK_TC":"西貢東郊野公園","UTM_GRID":"KK287817","UTM_ZONE":"50Q","trail_id_corrected_from":null,"position_may_be_inaccurate":false}},{"type":"Feature","geometry":{"type":"Point","coordinates":[114.36042,22.42141]},"properties":{"FAC_ID":"M041","TRAIL_ID":"mc_2","TRAIL_NAME_EN":"MACLEHOSE TRAIL SECTION 2","TRAIL_NAME_TC":"麥理浩徑第二段","COUNTRY_PARK_EN":"SAI KUNG EAST COUNTRY PARK","COUNTRY_PARK_TC":"西貢東郊野公園","UTM_GRID":"KK282818","UTM_ZONE":"50Q","trail_id_corrected_from":null,"position_may_be_inaccurate":false}},{"type":"Feature","geometry":{"type":"Point","coordinates":[114.35643,22.42168]},"properties":{"FAC_ID":"M042","TRAIL_ID":"mc_2","TRAIL_NAME_EN":"MACLEHOSE TRAIL SECTION 2","TRAIL_NAME_TC":"麥理浩徑第二段","COUNTRY_PARK_EN":"SAI KUNG EAST COUNTRY PARK","COUNTRY_PARK_TC":"西貢東郊野公園","UTM_GRID":"KK278818","UTM_ZONE":"50Q","trail_id_corrected_from":null,"position_may_be_inaccurate":false}},{"type":"Feature","geometry":{"type":"Point","coordinates":[114.35234,22.42209]},"properties":{"FAC_ID":"M043","TRAIL_ID":"mc_2","TRAIL_NAME_EN":"MACLEHOSE TRAIL SECTION 2","TRAIL_NAME_TC":"麥理浩徑第二段","COUNTRY_PARK_EN":"Outside Country Park and Special Area","COUNTRY_PARK_TC":"不在郊野公園及特別地區範圍","UTM_GRID":"KK274819","UTM_ZONE":"50Q","trail_id_corrected_from":null,"position_may_be_inaccurate":false}},{"type":"Feature","geometry":{"type":"Point","coordinates":[114.34874,22.42161]},"properties":{"FAC_ID":"M044","TRAIL_ID":"mc_2","TRAIL_NAME_EN":"MACLEHOSE TRAIL SECTION 2","TRAIL_NAME_TC":"麥理浩徑第二段","COUNTRY_PARK_EN":"Outside Country Park and Special Area","COUNTRY_PARK_TC":"不在郊野公園及特別地區範圍","UTM_GRID":"KK270819","UTM_ZONE":"50Q","trail_id_corrected_from":null,"position_may_be_inaccurate":false}},{"type":"Feature","geometry":{"type":"Point","coordinates":[114.34497,22.42322]},"properties":{"FAC_ID":"M045","TRAIL_ID":"mc_2","TRAIL_NAME_EN":"MACLEHOSE TRAIL SECTION 2","TRAIL_NAME_TC":"麥理浩徑第二段","COUNTRY_PARK_EN":"Outside Country Park and Special Area","COUNTRY_PARK_TC":"不在郊野公園及特別地區範圍","UTM_GRID":"KK266820","UTM_ZONE":"50Q","trail_id_corrected_from":null,"position_may_be_inaccurate":false}},{"type":"Feature","geometry":{"type":"Point","coordinates":[114.34159,22.42494]},"properties":{"FAC_ID":"M046","TRAIL_ID":"mc_2","TRAIL_NAME_EN":"MACLEHOSE TRAIL SECTION 2","TRAIL_NAME_TC":"麥理浩徑第二段","COUNTRY_PARK_EN":"SAI KUNG EAST COUNTRY PARK","COUNTRY_PARK_TC":"西貢東郊野公園","UTM_GRID":"KK263822","UTM_ZONE":"50Q","trail_id_corrected_from":null,"position_may_be_inaccurate":false}},{"type":"Feature","geometry":{"type":"Point","coordinates":[114.33749,22.42501]},"properties":{"FAC_ID":"M047","TRAIL_ID":"mc_2","TRAIL_NAME_EN":"MACLEHOSE TRAIL SECTION 2","TRAIL_NAME_TC":"麥理浩徑第二段","COUNTRY_PARK_EN":"SAI KUNG EAST COUNTRY PARK","COUNTRY_PARK_TC":"西貢東郊野公園","UTM_GRID":"KK259823","UTM_ZONE":"50Q","trail_id_corrected_from":null,"position_may_be_inaccurate":false}},{"type":"Feature","geometry":{"type":"Point","coordinates":[114.33362,22.4224]},"properties":{"FAC_ID":"M048","TRAIL_ID":"mc_2","TRAIL_NAME_EN":"MACLEHOSE TRAIL SECTION 2","TRAIL_NAME_TC":"麥理浩徑第二段","COUNTRY_PARK_EN":"SAI KUNG EAST COUNTRY PARK","COUNTRY_PARK_TC":"西貢東郊野公園","UTM_GRID":"KK255820","UTM_ZONE":"50Q","trail_id_corrected_from":null,"position_may_be_inaccurate":false}},{"type":"Feature","geometry":{"type":"Point","coordinates":[114.33108,22.42101]},"properties":{"FAC_ID":"M049","TRAIL_ID":"mc_3","TRAIL_NAME_EN":"MACLEHOSE TRAIL SECTION 3","TRAIL_NAME_TC":"麥理浩徑第三段","COUNTRY_PARK_EN":"SAI KUNG WEST COUNTRY PARK","COUNTRY_PARK_TC":"西貢西郊野公園","UTM_GRID":"KK252818","UTM_ZONE":"50Q","trail_id_corrected_from":null,"position_may_be_inaccurate":false}},{"type":"Feature","geometry":{"type":"Point","coordinates":[114.32958,22.42256]},"properties":{"FAC_ID":"M050","TRAIL_ID":"mc_3","TRAIL_NAME_EN":"MACLEHOSE TRAIL SECTION 3","TRAIL_NAME_TC":"麥理浩徑第三段","COUNTRY_PARK_EN":"SAI KUNG WEST COUNTRY PARK","COUNTRY_PARK_TC":"西貢西郊野公園","UTM_GRID":"KK251820","UTM_ZONE":"50Q","trail_id_corrected_from":null,"position_may_be_inaccurate":false}},{"type":"Feature","geometry":{"type":"Point","coordinates":[114.32417,22.42223]},"properties":{"FAC_ID":"M051","TRAIL_ID":"mc_3","TRAIL_NAME_EN":"MACLEHOSE TRAIL SECTION 3","TRAIL_NAME_TC":"麥理浩徑第三段","COUNTRY_PARK_EN":"SAI KUNG WEST COUNTRY PARK","COUNTRY_PARK_TC":"西貢西郊野公園","UTM_GRID":"KK245820","UTM_ZONE":"50Q","trail_id_corrected_from":null,"position_may_be_inaccurate":false}},{"type":"Feature","geometry":{"type":"Point","coordinates":[114.3203,22.42277]},"properties":{"FAC_ID":"M052","TRAIL_ID":"mc_3","TRAIL_NAME_EN":"MACLEHOSE TRAIL SECTION 3","TRAIL_NAME_TC":"麥理浩徑第三段","COUNTRY_PARK_EN":"SAI KUNG WEST COUNTRY PARK","COUNTRY_PARK_TC":"西貢西郊野公園","UTM_GRID":"KK241820","UTM_ZONE":"50Q","trail_id_corrected_from":null,"position_may_be_inaccurate":false}},{"type":"Feature","geometry":{"type":"Point","coordinates":[114.31715,22.42503]},"properties":{"FAC_ID":"M053","TRAIL_ID":"mc_3","TRAIL_NAME_EN":"MACLEHOSE TRAIL SECTION 3","TRAIL_NAME_TC":"麥理浩徑第三段","COUNTRY_PARK_EN":"SAI KUNG WEST COUNTRY PARK","COUNTRY_PARK_TC":"西貢西郊野公園","UTM_GRID":"KK238823","UTM_ZONE":"50Q","trail_id_corrected_from":null,"position_may_be_inaccurate":false}},{"type":"Feature","geometry":{"type":"Point","coordinates":[114.31283,22.42668]},"properties":{"FAC_ID":"M054","TRAIL_ID":"mc_3","TRAIL_NAME_EN":"MACLEHOSE TRAIL SECTION 3","TRAIL_NAME_TC":"麥理浩徑第三段","COUNTRY_PARK_EN":"SAI KUNG WEST COUNTRY PARK","COUNTRY_PARK_TC":"西貢西郊野公園","UTM_GRID":"KK233825","UTM_ZONE":"50Q","trail_id_corrected_from":null,"position_may_be_inaccurate":false}},{"type":"Feature","geometry":{"type":"Point","coordinates":[114.30983,22.42865]},"properties":{"FAC_ID":"M055","TRAIL_ID":"mc_3","TRAIL_NAME_EN":"MACLEHOSE TRAIL SECTION 3","TRAIL_NAME_TC":"麥理浩徑第三段","COUNTRY_PARK_EN":"Excluded Area","COUNTRY_PARK_TC":"不包括地區","UTM_GRID":"KK230827","UTM_ZONE":"50Q","trail_id_corrected_from":null,"position_may_be_inaccurate":false}},{"type":"Feature","geometry":{"type":"Point","coordinates":[114.30701,22.42814]},"properties":{"FAC_ID":"M056","TRAIL_ID":"mc_3","TRAIL_NAME_EN":"MACLEHOSE TRAIL SECTION 3","TRAIL_NAME_TC":"麥理浩徑第三段","COUNTRY_PARK_EN":"Excluded Area","COUNTRY_PARK_TC":"不包括地區","UTM_GRID":"KK227827","UTM_ZONE":"50Q","trail_id_corrected_from":null,"position_may_be_inaccurate":false}},{"type":"Feature","geometry":{"type":"Point","coordinates":[114.30763,22.42484]},"properties":{"FAC_ID":"M057","TRAIL_ID":"mc_3","TRAIL_NAME_EN":"MACLEHOSE TRAIL SECTION 3","TRAIL_NAME_TC":"麥理浩徑第三段","COUNTRY_PARK_EN":"SAI KUNG WEST COUNTRY PARK","COUNTRY_PARK_TC":"西貢西郊野公園","UTM_GRID":"KK228823","UTM_ZONE":"50Q","trail_id_corrected_from":null,"position_may_be_inaccurate":false}},{"type":"Feature","geometry":{"type":"Point","coordinates":[114.30658,22.42243]},"properties":{"FAC_ID":"M058","TRAIL_ID":"mc_3","TRAIL_NAME_EN":"MACLEHOSE TRAIL SECTION 3","TRAIL_NAME_TC":"麥理浩徑第三段","COUNTRY_PARK_EN":"SAI KUNG WEST COUNTRY PARK","COUNTRY_PARK_TC":"西貢西郊野公園","UTM_GRID":"KK227820","UTM_ZONE":"50Q","trail_id_corrected_from":null,"position_may_be_inaccurate":false}},{"type":"Feature","geometry":{"type":"Point","coordinates":[114.30705,22.41984]},"properties":{"FAC_ID":"M059","TRAIL_ID":"mc_3","TRAIL_NAME_EN":"MACLEHOSE TRAIL SECTION 3","TRAIL_NAME_TC":"麥理浩徑第三段","COUNTRY_PARK_EN":"SAI KUNG WEST COUNTRY PARK","COUNTRY_PARK_TC":"西貢西郊野公園","UTM_GRID":"KK227817","UTM_ZONE":"50Q","trail_id_corrected_from":null,"position_may_be_inaccurate":false}},{"type":"Feature","geometry":{"type":"Point","coordinates":[114.30492,22.41599]},"properties":{"FAC_ID":"M060","TRAIL_ID":"mc_3","TRAIL_NAME_EN":"MACLEHOSE TRAIL SECTION 3","TRAIL_NAME_TC":"麥理浩徑第三段","COUNTRY_PARK_EN":"SAI KUNG WEST COUNTRY PARK","COUNTRY_PARK_TC":"西貢西郊野公園","UTM_GRID":"KK225813","UTM_ZONE":"50Q","trail_id_corrected_from":null,"position_may_be_inaccurate":false}},{"type":"Feature","geometry":{"type":"Point","coordinates":[114.3012,22.41529]},"properties":{"FAC_ID":"M061","TRAIL_ID":"mc_3","TRAIL_NAME_EN":"MACLEHOSE TRAIL SECTION 3","TRAIL_NAME_TC":"麥理浩徑第三段","COUNTRY_PARK_EN":"SAI KUNG WEST COUNTRY PARK","COUNTRY_PARK_TC":"西貢西郊野公園","UTM_GRID":"KK221812","UTM_ZONE":"50Q","trail_id_corrected_from":null,"position_may_be_inaccurate":false}},{"type":"Feature","geometry":{"type":"Point","coordinates":[114.29763,22.41535]},"properties":{"FAC_ID":"M062","TRAIL_ID":"mc_3","TRAIL_NAME_EN":"MACLEHOSE TRAIL SECTION 3","TRAIL_NAME_TC":"麥理浩徑第三段","COUNTRY_PARK_EN":"SAI KUNG WEST COUNTRY PARK","COUNTRY_PARK_TC":"西貢西郊野公園","UTM_GRID":"KK218813","UTM_ZONE":"50Q","trail_id_corrected_from":null,"position_may_be_inaccurate":false}},{"type":"Feature","geometry":{"type":"Point","coordinates":[114.294,22.41617]},"properties":{"FAC_ID":"M063","TRAIL_ID":"mc_3","TRAIL_NAME_EN":"MACLEHOSE TRAIL SECTION 3","TRAIL_NAME_TC":"麥理浩徑第三段","COUNTRY_PARK_EN":"SAI KUNG WEST COUNTRY PARK","COUNTRY_PARK_TC":"西貢西郊野公園","UTM_GRID":"KK214814","UTM_ZONE":"50Q","trail_id_corrected_from":null,"position_may_be_inaccurate":false}},{"type":"Feature","geometry":{"type":"Point","coordinates":[114.2902,22.416]},"properties":{"FAC_ID":"M064","TRAIL_ID":"mc_3","TRAIL_NAME_EN":"MACLEHOSE TRAIL SECTION 3","TRAIL_NAME_TC":"麥理浩徑第三段","COUNTRY_PARK_EN":"SAI KUNG WEST COUNTRY PARK","COUNTRY_PARK_TC":"西貢西郊野公園","UTM_GRID":"KK210813","UTM_ZONE":"50Q","trail_id_corrected_from":null,"position_may_be_inaccurate":false}},{"type":"Feature","geometry":{"type":"Point","coordinates":[114.28751,22.41369]},"properties":{"FAC_ID":"M065","TRAIL_ID":"mc_3","TRAIL_NAME_EN":"MACLEHOSE TRAIL SECTION 3","TRAIL_NAME_TC":"麥理浩徑第三段","COUNTRY_PARK_EN":"SAI KUNG WEST COUNTRY PARK","COUNTRY_PARK_TC":"西貢西郊野公園","UTM_GRID":"KK207811","UTM_ZONE":"50Q","trail_id_corrected_from":null,"position_may_be_inaccurate":false}},{"type":"Feature","geometry":{"type":"Point","coordinates":[114.28707,22.41032]},"properties":{"FAC_ID":"M066","TRAIL_ID":"mc_3","TRAIL_NAME_EN":"MACLEHOSE TRAIL SECTION 3","TRAIL_NAME_TC":"麥理浩徑第三段","COUNTRY_PARK_EN":"SAI KUNG WEST COUNTRY PARK","COUNTRY_PARK_TC":"西貢西郊野公園","UTM_GRID":"KK207807","UTM_ZONE":"50Q","trail_id_corrected_from":null,"position_may_be_inaccurate":false}},{"type":"Feature","geometry":{"type":"Point","coordinates":[114.28317,22.4102]},"properties":{"FAC_ID":"M067","TRAIL_ID":"mc_3","TRAIL_NAME_EN":"MACLEHOSE TRAIL SECTION 3","TRAIL_NAME_TC":"麥理浩徑第三段","COUNTRY_PARK_EN":"SAI KUNG WEST COUNTRY PARK","COUNTRY_PARK_TC":"西貢西郊野公園","UTM_GRID":"KK203807","UTM_ZONE":"50Q","trail_id_corrected_from":null,"position_may_be_inaccurate":false}},{"type":"Feature","geometry":{"type":"Point","coordinates":[114.2808,22.40545]},"properties":{"FAC_ID":"M068","TRAIL_ID":"mc_3","TRAIL_NAME_EN":"MACLEHOSE TRAIL SECTION 3","TRAIL_NAME_TC":"麥理浩徑第三段","COUNTRY_PARK_EN":"SAI KUNG WEST COUNTRY PARK","COUNTRY_PARK_TC":"西貢西郊野公園","UTM_GRID":"KK200802","UTM_ZONE":"50Q","trail_id_corrected_from":null,"position_may_be_inaccurate":false}},{"type":"Feature","geometry":{"type":"Point","coordinates":[114.27946,22.40357]},"properties":{"FAC_ID":"M069","TRAIL_ID":"mc_4","TRAIL_NAME_EN":"MACLEHOSE TRAIL SECTION 4","TRAIL_NAME_TC":"麥理浩徑第四段","COUNTRY_PARK_EN":"MA ON SHAN COUNTRY PARK","COUNTRY_PARK_TC":"馬鞍山郊野公園","UTM_GRID":"KK199800","UTM_ZONE":"50Q","trail_id_corrected_from":null,"position_may_be_inaccurate":false}},{"type":"Feature","geometry":{"type":"Point","coordinates":[114.27556,22.40218]},"properties":{"FAC_ID":"M070","TRAIL_ID":"mc_4","TRAIL_NAME_EN":"MACLEHOSE TRAIL SECTION 4","TRAIL_NAME_TC":"麥理浩徑第四段","COUNTRY_PARK_EN":"MA ON SHAN COUNTRY PARK","COUNTRY_PARK_TC":"馬鞍山郊野公園","UTM_GRID":"KK195798","UTM_ZONE":"50Q","trail_id_corrected_from":null,"position_may_be_inaccurate":false}},{"type":"Feature","geometry":{"type":"Point","coordinates":[114.2735,22.39984]},"properties":{"FAC_ID":"M071","TRAIL_ID":"mc_4","TRAIL_NAME_EN":"MACLEHOSE TRAIL SECTION 4","TRAIL_NAME_TC":"麥理浩徑第四段","COUNTRY_PARK_EN":"Outside Country Park and Special Area","COUNTRY_PARK_TC":"不在郊野公園及特別地區範圍","UTM_GRID":"KK192796","UTM_ZONE":"50Q","trail_id_corrected_from":null,"position_may_be_inaccurate":false}},{"type":"Feature","geometry":{"type":"Point","coordinates":[114.27068,22.39844]},"properties":{"FAC_ID":"M072","TRAIL_ID":"mc_4","TRAIL_NAME_EN":"MACLEHOSE TRAIL SECTION 4","TRAIL_NAME_TC":"麥理浩徑第四段","COUNTRY_PARK_EN":"Outside Country Park and Special Area","COUNTRY_PARK_TC":"不在郊野公園及特別地區範圍","UTM_GRID":"KK189794","UTM_ZONE":"50Q","trail_id_corrected_from":null,"position_may_be_inaccurate":false}},{"type":"Feature","geometry":{"type":"Point","coordinates":[114.26843,22.40155]},"properties":{"FAC_ID":"M073","TRAIL_ID":"mc_4","TRAIL_NAME_EN":"MACLEHOSE TRAIL SECTION 4","TRAIL_NAME_TC":"麥理浩徑第四段","COUNTRY_PARK_EN":"Outside Country Park and Special Area","COUNTRY_PARK_TC":"不在郊野公園及特別地區範圍","UTM_GRID":"KK187798","UTM_ZONE":"50Q","trail_id_corrected_from":null,"position_may_be_inaccurate":false}},{"type":"Feature","geometry":{"type":"Point","coordinates":[114.26437,22.40273]},"properties":{"FAC_ID":"M074","TRAIL_ID":"mc_4","TRAIL_NAME_EN":"MACLEHOSE TRAIL SECTION 4","TRAIL_NAME_TC":"麥理浩徑第四段","COUNTRY_PARK_EN":"Outside Country Park and Special Area","COUNTRY_PARK_TC":"不在郊野公園及特別地區範圍","UTM_GRID":"KK183799","UTM_ZONE":"50Q","trail_id_corrected_from":null,"position_may_be_inaccurate":false}},{"type":"Feature","geometry":{"type":"Point","coordinates":[114.26281,22.40487]},"properties":{"FAC_ID":"M075","TRAIL_ID":"mc_4","TRAIL_NAME_EN":"MACLEHOSE TRAIL SECTION 4","TRAIL_NAME_TC":"麥理浩徑第四段","COUNTRY_PARK_EN":"MA ON SHAN COUNTRY PARK","COUNTRY_PARK_TC":"馬鞍山郊野公園","UTM_GRID":"KK181802","UTM_ZONE":"50Q","trail_id_corrected_from":null,"position_may_be_inaccurate":false}},{"type":"Feature","geometry":{"type":"Point","coordinates":[114.26022,22.40659]},"properties":{"FAC_ID":"M076","TRAIL_ID":"mc_4","TRAIL_NAME_EN":"MACLEHOSE TRAIL SECTION 4","TRAIL_NAME_TC":"麥理浩徑第四段","COUNTRY_PARK_EN":"MA ON SHAN COUNTRY PARK","COUNTRY_PARK_TC":"馬鞍山郊野公園","UTM_GRID":"KK179804","UTM_ZONE":"50Q","trail_id_corrected_from":null,"position_may_be_inaccurate":false}},{"type":"Feature","geometry":{"type":"Point","coordinates":[114.25523,22.40708]},"properties":{"FAC_ID":"M077","TRAIL_ID":"mc_4","TRAIL_NAME_EN":"MACLEHOSE TRAIL SECTION 4","TRAIL_NAME_TC":"麥理浩徑第四段","COUNTRY_PARK_EN":"MA ON SHAN COUNTRY PARK","COUNTRY_PARK_TC":"馬鞍山郊野公園","UTM_GRID":"KK174804","UTM_ZONE":"50Q","trail_id_corrected_from":null,"position_may_be_inaccurate":false}},{"type":"Feature","geometry":{"type":"Point","coordinates":[114.25266,22.40542]},"properties":{"FAC_ID":"M078","TRAIL_ID":"mc_4","TRAIL_NAME_EN":"MACLEHOSE TRAIL SECTION 4","TRAIL_NAME_TC":"麥理浩徑第四段","COUNTRY_PARK_EN":"MA ON SHAN COUNTRY PARK","COUNTRY_PARK_TC":"馬鞍山郊野公園","UTM_GRID":"KK171802","UTM_ZONE":"50Q","trail_id_corrected_from":null,"position_may_be_inaccurate":false}},{"type":"Feature","geometry":{"type":"Point","coordinates":[114.25311,22.40306]},"properties":{"FAC_ID":"M079","TRAIL_ID":"mc_4","TRAIL_NAME_EN":"MACLEHOSE TRAIL SECTION 4","TRAIL_NAME_TC":"麥理浩徑第四段","COUNTRY_PARK_EN":"MA ON SHAN COUNTRY PARK","COUNTRY_PARK_TC":"馬鞍山郊野公園","UTM_GRID":"KK171800","UTM_ZONE":"50Q","trail_id_corrected_from":null,"position_may_be_inaccurate":false}},{"type":"Feature","geometry":{"type":"Point","coordinates":[114.25282,22.39921]},"properties":{"FAC_ID":"M080","TRAIL_ID":"mc_4","TRAIL_NAME_EN":"MACLEHOSE TRAIL SECTION 4","TRAIL_NAME_TC":"麥理浩徑第四段","COUNTRY_PARK_EN":"MA ON SHAN COUNTRY PARK","COUNTRY_PARK_TC":"馬鞍山郊野公園","UTM_GRID":"KK171796","UTM_ZONE":"50Q","trail_id_corrected_from":null,"position_may_be_inaccurate":false}},{"type":"Feature","geometry":{"type":"Point","coordinates":[114.24973,22.39663]},"properties":{"FAC_ID":"M081","TRAIL_ID":"mc_4","TRAIL_NAME_EN":"MACLEHOSE TRAIL SECTION 4","TRAIL_NAME_TC":"麥理浩徑第四段","COUNTRY_PARK_EN":"MA ON SHAN COUNTRY PARK","COUNTRY_PARK_TC":"馬鞍山郊野公園","UTM_GRID":"KK168793","UTM_ZONE":"50Q","trail_id_corrected_from":null,"position_may_be_inaccurate":false}},{"type":"Feature","geometry":{"type":"Point","coordinates":[114.25209,22.39349]},"properties":{"FAC_ID":"M082","TRAIL_ID":"mc_4","TRAIL_NAME_EN":"MACLEHOSE TRAIL SECTION 4","TRAIL_NAME_TC":"麥理浩徑第四段","COUNTRY_PARK_EN":"MA ON SHAN COUNTRY PARK","COUNTRY_PARK_TC":"馬鞍山郊野公園","UTM_GRID":"KK170789","UTM_ZONE":"50Q","trail_id_corrected_from":null,"position_may_be_inaccurate":false}},{"type":"Feature","geometry":{"type":"Point","coordinates":[114.2512,22.38969]},"properties":{"FAC_ID":"M083","TRAIL_ID":"mc_4","TRAIL_NAME_EN":"MACLEHOSE TRAIL SECTION 4","TRAIL_NAME_TC":"麥理浩徑第四段","COUNTRY_PARK_EN":"MA ON SHAN COUNTRY PARK","COUNTRY_PARK_TC":"馬鞍山郊野公園","UTM_GRID":"KK169785","UTM_ZONE":"50Q","trail_id_corrected_from":null,"position_may_be_inaccurate":false}},{"type":"Feature","geometry":{"type":"Point","coordinates":[114.24698,22.38791]},"properties":{"FAC_ID":"M084","TRAIL_ID":"mc_4","TRAIL_NAME_EN":"MACLEHOSE TRAIL SECTION 4","TRAIL_NAME_TC":"麥理浩徑第四段","COUNTRY_PARK_EN":"MA ON SHAN COUNTRY PARK","COUNTRY_PARK_TC":"馬鞍山郊野公園","UTM_GRID":"KK165783","UTM_ZONE":"50Q","trail_id_corrected_from":null,"position_may_be_inaccurate":false}},{"type":"Feature","geometry":{"type":"Point","coordinates":[114.24704,22.38436]},"properties":{"FAC_ID":"M085","TRAIL_ID":"mc_4","TRAIL_NAME_EN":"MACLEHOSE TRAIL SECTION 4","TRAIL_NAME_TC":"麥理浩徑第四段","COUNTRY_PARK_EN":"MA ON SHAN COUNTRY PARK","COUNTRY_PARK_TC":"馬鞍山郊野公園","UTM_GRID":"KK165779","UTM_ZONE":"50Q","trail_id_corrected_from":null,"position_may_be_inaccurate":false}},{"type":"Feature","geometry":{"type":"Point","coordinates":[114.24462,22.37984]},"properties":{"FAC_ID":"M086","TRAIL_ID":"mc_4","TRAIL_NAME_EN":"MACLEHOSE TRAIL SECTION 4","TRAIL_NAME_TC":"麥理浩徑第四段","COUNTRY_PARK_EN":"MA ON SHAN COUNTRY PARK","COUNTRY_PARK_TC":"馬鞍山郊野公園","UTM_GRID":"KK162774","UTM_ZONE":"50Q","trail_id_corrected_from":null,"position_may_be_inaccurate":false}},{"type":"Feature","geometry":{"type":"Point","coordinates":[114.24227,22.37818]},"properties":{"FAC_ID":"M087","TRAIL_ID":"mc_4","TRAIL_NAME_EN":"MACLEHOSE TRAIL SECTION 4","TRAIL_NAME_TC":"麥理浩徑第四段","COUNTRY_PARK_EN":"MA ON SHAN COUNTRY PARK","COUNTRY_PARK_TC":"馬鞍山郊野公園","UTM_GRID":"KK160772","UTM_ZONE":"50Q","trail_id_corrected_from":null,"position_may_be_inaccurate":false}},{"type":"Feature","geometry":{"type":"Point","coordinates":[114.23915,22.37475]},"properties":{"FAC_ID":"M088","TRAIL_ID":"mc_4","TRAIL_NAME_EN":"MACLEHOSE TRAIL SECTION 4","TRAIL_NAME_TC":"麥理浩徑第四段","COUNTRY_PARK_EN":"MA ON SHAN COUNTRY PARK","COUNTRY_PARK_TC":"馬鞍山郊野公園","UTM_GRID":"KK156769","UTM_ZONE":"50Q","trail_id_corrected_from":null,"position_may_be_inaccurate":false}},{"type":"Feature","geometry":{"type":"Point","coordinates":[114.23577,22.37303]},"properties":{"FAC_ID":"M089","TRAIL_ID":"mc_4","TRAIL_NAME_EN":"MACLEHOSE TRAIL SECTION 4","TRAIL_NAME_TC":"麥理浩徑第四段","COUNTRY_PARK_EN":"MA ON SHAN COUNTRY PARK","COUNTRY_PARK_TC":"馬鞍山郊野公園","UTM_GRID":"KK153767","UTM_ZONE":"50Q","trail_id_corrected_from":null,"position_may_be_inaccurate":false}},{"type":"Feature","geometry":{"type":"Point","coordinates":[114.23239,22.37097]},"properties":{"FAC_ID":"M090","TRAIL_ID":"mc_4","TRAIL_NAME_EN":"MACLEHOSE TRAIL SECTION 4","TRAIL_NAME_TC":"麥理浩徑第四段","COUNTRY_PARK_EN":"MA ON SHAN COUNTRY PARK","COUNTRY_PARK_TC":"馬鞍山郊野公園","UTM_GRID":"KK149765","UTM_ZONE":"50Q","trail_id_corrected_from":null,"position_may_be_inaccurate":false}},{"type":"Feature","geometry":{"type":"Point","coordinates":[114.22769,22.37065]},"properties":{"FAC_ID":"M091","TRAIL_ID":"mc_4","TRAIL_NAME_EN":"MACLEHOSE TRAIL SECTION 4","TRAIL_NAME_TC":"麥理浩徑第四段","COUNTRY_PARK_EN":"MA ON SHAN COUNTRY PARK","COUNTRY_PARK_TC":"馬鞍山郊野公園","UTM_GRID":"KK145764","UTM_ZONE":"50Q","trail_id_corrected_from":null,"position_may_be_inaccurate":false}},{"type":"Feature","geometry":{"type":"Point","coordinates":[114.226,22.36751]},"properties":{"FAC_ID":"M092","TRAIL_ID":"mc_4","TRAIL_NAME_EN":"MACLEHOSE TRAIL SECTION 4","TRAIL_NAME_TC":"麥理浩徑第四段","COUNTRY_PARK_EN":"MA ON SHAN COUNTRY PARK","COUNTRY_PARK_TC":"馬鞍山郊野公園","UTM_GRID":"KK143761","UTM_ZONE":"50Q","trail_id_corrected_from":null,"position_may_be_inaccurate":false}},{"type":"Feature","geometry":{"type":"Point","coordinates":[114.22361,22.36406]},"properties":{"FAC_ID":"M093","TRAIL_ID":"mc_4","TRAIL_NAME_EN":"MACLEHOSE TRAIL SECTION 4","TRAIL_NAME_TC":"麥理浩徑第四段","COUNTRY_PARK_EN":"MA ON SHAN COUNTRY PARK","COUNTRY_PARK_TC":"馬鞍山郊野公園","UTM_GRID":"KK140757","UTM_ZONE":"50Q","trail_id_corrected_from":null,"position_may_be_inaccurate":false}},{"type":"Feature","geometry":{"type":"Point","coordinates":[114.22088,22.36131]},"properties":{"FAC_ID":"M094","TRAIL_ID":"mc_5","TRAIL_NAME_EN":"MACLEHOSE TRAIL SECTION 5","TRAIL_NAME_TC":"麥理浩徑第五段","COUNTRY_PARK_EN":"Outside Country Park and Special Area","COUNTRY_PARK_TC":"不在郊野公園及特別地區範圍","UTM_GRID":"KK137754","UTM_ZONE":"50Q","trail_id_corrected_from":null,"position_may_be_inaccurate":false}},{"type":"Feature","geometry":{"type":"Point","coordinates":[114.2186,22.36052]},"properties":{"FAC_ID":"M095","TRAIL_ID":"mc_5","TRAIL_NAME_EN":"MACLEHOSE TRAIL SECTION 5","TRAIL_NAME_TC":"麥理浩徑第五段","COUNTRY_PARK_EN":"MA ON SHAN COUNTRY PARK","COUNTRY_PARK_TC":"馬鞍山郊野公園","UTM_GRID":"KK135753","UTM_ZONE":"50Q","trail_id_corrected_from":null,"position_may_be_inaccurate":false}},{"type":"Feature","geometry":{"type":"Point","coordinates":[114.21431,22.35956]},"properties":{"FAC_ID":"M096","TRAIL_ID":"mc_5","TRAIL_NAME_EN":"MACLEHOSE TRAIL SECTION 5","TRAIL_NAME_TC":"麥理浩徑第五段","COUNTRY_PARK_EN":"MA ON SHAN COUNTRY PARK","COUNTRY_PARK_TC":"馬鞍山郊野公園","UTM_GRID":"KK131752","UTM_ZONE":"50Q","trail_id_corrected_from":null,"position_may_be_inaccurate":false}},{"type":"Feature","geometry":{"type":"Point","coordinates":[114.21322,22.35823]},"properties":{"FAC_ID":"M097","TRAIL_ID":"mc_5","TRAIL_NAME_EN":"MACLEHOSE TRAIL SECTION 5","TRAIL_NAME_TC":"麥理浩徑第五段","COUNTRY_PARK_EN":"MA ON SHAN COUNTRY PARK","COUNTRY_PARK_TC":"馬鞍山郊野公園","UTM_GRID":"KK129751","UTM_ZONE":"50Q","trail_id_corrected_from":null,"position_may_be_inaccurate":false}},{"type":"Feature","geometry":{"type":"Point","coordinates":[114.21268,22.35566]},"properties":{"FAC_ID":"M098","TRAIL_ID":"mc_5","TRAIL_NAME_EN":"MACLEHOSE TRAIL SECTION 5","TRAIL_NAME_TC":"麥理浩徑第五段","COUNTRY_PARK_EN":"Outside Country Park and Special Area","COUNTRY_PARK_TC":"不在郊野公園及特別地區範圍","UTM_GRID":"KK129748","UTM_ZONE":"50Q","trail_id_corrected_from":null,"position_may_be_inaccurate":false}},{"type":"Feature","geometry":{"type":"Point","coordinates":[114.20821,22.35528]},"properties":{"FAC_ID":"M099","TRAIL_ID":"mc_5","TRAIL_NAME_EN":"MACLEHOSE TRAIL SECTION 5","TRAIL_NAME_TC":"麥理浩徑第五段","COUNTRY_PARK_EN":"Outside Country Park and Special Area","COUNTRY_PARK_TC":"不在郊野公園及特別地區範圍","UTM_GRID":"KK124748","UTM_ZONE":"50Q","trail_id_corrected_from":null,"position_may_be_inaccurate":false}},{"type":"Feature","geometry":{"type":"Point","coordinates":[114.20324,22.35444]},"properties":{"FAC_ID":"M100","TRAIL_ID":"mc_5","TRAIL_NAME_EN":"MACLEHOSE TRAIL SECTION 5","TRAIL_NAME_TC":"麥理浩徑第五段","COUNTRY_PARK_EN":"Outside Country Park and Special Area","COUNTRY_PARK_TC":"不在郊野公園及特別地區範圍","UTM_GRID":"KK119747","UTM_ZONE":"50Q","trail_id_corrected_from":null,"position_may_be_inaccurate":false}},{"type":"Feature","geometry":{"type":"Point","coordinates":[114.19961,22.3555]},"properties":{"FAC_ID":"M101","TRAIL_ID":"mc_5","TRAIL_NAME_EN":"MACLEHOSE TRAIL SECTION 5","TRAIL_NAME_TC":"麥理浩徑第五段","COUNTRY_PARK_EN":"MA ON SHAN COUNTRY PARK","COUNTRY_PARK_TC":"馬鞍山郊野公園","UTM_GRID":"KK115748","UTM_ZONE":"50Q","trail_id_corrected_from":null,"position_may_be_inaccurate":false}},{"type":"Feature","geometry":{"type":"Point","coordinates":[114.19759,22.35554]},"properties":{"FAC_ID":"M102","TRAIL_ID":"mc_5","TRAIL_NAME_EN":"MACLEHOSE TRAIL SECTION 5","TRAIL_NAME_TC":"麥理浩徑第五段","COUNTRY_PARK_EN":"LION ROCK COUNTRY PARK","COUNTRY_PARK_TC":"獅子山郊野公園","UTM_GRID":"KK113748","UTM_ZONE":"50Q","trail_id_corrected_from":null,"position_may_be_inaccurate":false}},{"type":"Feature","geometry":{"type":"Point","coordinates":[114.19246,22.35659]},"properties":{"FAC_ID":"M103","TRAIL_ID":"mc_5","TRAIL_NAME_EN":"MACLEHOSE TRAIL SECTION 5","TRAIL_NAME_TC":"麥理浩徑第五段","COUNTRY_PARK_EN":"LION ROCK COUNTRY PARK","COUNTRY_PARK_TC":"獅子山郊野公園","UTM_GRID":"KK108749","UTM_ZONE":"50Q","trail_id_corrected_from":null,"position_may_be_inaccurate":false}},{"type":"Feature","geometry":{"type":"Point","coordinates":[114.18887,22.35493]},"properties":{"FAC_ID":"M104","TRAIL_ID":"mc_5","TRAIL_NAME_EN":"MACLEHOSE TRAIL SECTION 5","TRAIL_NAME_TC":"麥理浩徑第五段","COUNTRY_PARK_EN":"LION ROCK COUNTRY PARK","COUNTRY_PARK_TC":"獅子山郊野公園","UTM_GRID":"KK104748","UTM_ZONE":"50Q","trail_id_corrected_from":null,"position_may_be_inaccurate":false}},{"type":"Feature","geometry":{"type":"Point","coordinates":[114.18423,22.35394]},"properties":{"FAC_ID":"M105","TRAIL_ID":"mc_5","TRAIL_NAME_EN":"MACLEHOSE TRAIL SECTION 5","TRAIL_NAME_TC":"麥理浩徑第五段","COUNTRY_PARK_EN":"LION ROCK COUNTRY PARK","COUNTRY_PARK_TC":"獅子山郊野公園","UTM_GRID":"KK099747","UTM_ZONE":"50Q","trail_id_corrected_from":null,"position_may_be_inaccurate":false}},{"type":"Feature","geometry":{"type":"Point","coordinates":[114.18219,22.35242]},"properties":{"FAC_ID":"M106","TRAIL_ID":"mc_5","TRAIL_NAME_EN":"MACLEHOSE TRAIL SECTION 5","TRAIL_NAME_TC":"麥理浩徑第五段","COUNTRY_PARK_EN":"LION ROCK COUNTRY PARK","COUNTRY_PARK_TC":"獅子山郊野公園","UTM_GRID":"KK097745","UTM_ZONE":"50Q","trail_id_corrected_from":null,"position_may_be_inaccurate":false}},{"type":"Feature","geometry":{"type":"Point","coordinates":[114.1781,22.35006]},"properties":{"FAC_ID":"M107","TRAIL_ID":"mc_5","TRAIL_NAME_EN":"MACLEHOSE TRAIL SECTION 5","TRAIL_NAME_TC":"麥理浩徑第五段","COUNTRY_PARK_EN":"LION ROCK COUNTRY PARK","COUNTRY_PARK_TC":"獅子山郊野公園","UTM_GRID":"KK093742","UTM_ZONE":"50Q","trail_id_corrected_from":null,"position_may_be_inaccurate":false}},{"type":"Feature","geometry":{"type":"Point","coordinates":[114.17376,22.35021]},"properties":{"FAC_ID":"M108","TRAIL_ID":"mc_5","TRAIL_NAME_EN":"MACLEHOSE TRAIL SECTION 5","TRAIL_NAME_TC":"麥理浩徑第五段","COUNTRY_PARK_EN":"LION ROCK COUNTRY PARK","COUNTRY_PARK_TC":"獅子山郊野公園","UTM_GRID":"KK089743","UTM_ZONE":"50Q","trail_id_corrected_from":null,"position_may_be_inaccurate":false}},{"type":"Feature","geometry":{"type":"Point","coordinates":[114.16934,22.34971]},"properties":{"FAC_ID":"M109","TRAIL_ID":"mc_5","TRAIL_NAME_EN":"MACLEHOSE TRAIL SECTION 5","TRAIL_NAME_TC":"麥理浩徑第五段","COUNTRY_PARK_EN":"LION ROCK COUNTRY PARK","COUNTRY_PARK_TC":"獅子山郊野公園","UTM_GRID":"KK084742","UTM_ZONE":"50Q","trail_id_corrected_from":null,"position_may_be_inaccurate":false}},{"type":"Feature","geometry":{"type":"Point","coordinates":[114.16599,22.34898]},"properties":{"FAC_ID":"M110","TRAIL_ID":"mc_5","TRAIL_NAME_EN":"MACLEHOSE TRAIL SECTION 5","TRAIL_NAME_TC":"麥理浩徑第五段","COUNTRY_PARK_EN":"LION ROCK COUNTRY PARK","COUNTRY_PARK_TC":"獅子山郊野公園","UTM_GRID":"KK081742","UTM_ZONE":"50Q","trail_id_corrected_from":null,"position_may_be_inaccurate":false}},{"type":"Feature","geometry":{"type":"Point","coordinates":[114.16205,22.35024]},"properties":{"FAC_ID":"M111","TRAIL_ID":"mc_5","TRAIL_NAME_EN":"MACLEHOSE TRAIL SECTION 5","TRAIL_NAME_TC":"麥理浩徑第五段","COUNTRY_PARK_EN":"LION ROCK COUNTRY PARK","COUNTRY_PARK_TC":"獅子山郊野公園","UTM_GRID":"KK077743","UTM_ZONE":"50Q","trail_id_corrected_from":null,"position_may_be_inaccurate":false}},{"type":"Feature","geometry":{"type":"Point","coordinates":[114.15942,22.34944]},"properties":{"FAC_ID":"M112","TRAIL_ID":"mc_5","TRAIL_NAME_EN":"MACLEHOSE TRAIL SECTION 5","TRAIL_NAME_TC":"麥理浩徑第五段","COUNTRY_PARK_EN":"LION ROCK COUNTRY PARK","COUNTRY_PARK_TC":"獅子山郊野公園","UTM_GRID":"KK074742","UTM_ZONE":"50Q","trail_id_corrected_from":null,"position_may_be_inaccurate":false}},{"type":"Feature","geometry":{"type":"Point","coordinates":[114.15752,22.34983]},"properties":{"FAC_ID":"M113","TRAIL_ID":"mc_5","TRAIL_NAME_EN":"MACLEHOSE TRAIL SECTION 5","TRAIL_NAME_TC":"麥理浩徑第五段","COUNTRY_PARK_EN":"LION ROCK COUNTRY PARK","COUNTRY_PARK_TC":"獅子山郊野公園","UTM_GRID":"KK072743","UTM_ZONE":"50Q","trail_id_corrected_from":null,"position_may_be_inaccurate":false}},{"type":"Feature","geometry":{"type":"Point","coordinates":[114.15453,22.34986]},"properties":{"FAC_ID":"M114","TRAIL_ID":"mc_5","TRAIL_NAME_EN":"MACLEHOSE TRAIL SECTION 5","TRAIL_NAME_TC":"麥理浩徑第五段","COUNTRY_PARK_EN":"LION ROCK COUNTRY PARK","COUNTRY_PARK_TC":"獅子山郊野公園","UTM_GRID":"KK069743","UTM_ZONE":"50Q","trail_id_corrected_from":null,"position_may_be_inaccurate":false}},{"type":"Feature","geometry":{"type":"Point","coordinates":[114.15369,22.34819]},"properties":{"FAC_ID":"M115","TRAIL_ID":"mc_5","TRAIL_NAME_EN":"MACLEHOSE TRAIL SECTION 5","TRAIL_NAME_TC":"麥理浩徑第五段","COUNTRY_PARK_EN":"LION ROCK COUNTRY PARK","COUNTRY_PARK_TC":"獅子山郊野公園","UTM_GRID":"KK068741","UTM_ZONE":"50Q","trail_id_corrected_from":null,"position_may_be_inaccurate":false}},{"type":"Feature","geometry":{"type":"Point","coordinates":[114.15386,22.35195]},"properties":{"FAC_ID":"M116","TRAIL_ID":"mc_6","TRAIL_NAME_EN":"MACLEHOSE TRAIL SECTION 6","TRAIL_NAME_TC":"麥理浩徑第六段","COUNTRY_PARK_EN":"KAM SHAN COUNTRY PARK","COUNTRY_PARK_TC":"金山郊野公園","UTM_GRID":"KK068745","UTM_ZONE":"50Q","trail_id_corrected_from":null,"position_may_be_inaccurate":false}},{"type":"Feature","geometry":{"type":"Point","coordinates":[114.15194,22.3546]},"properties":{"FAC_ID":"M117","TRAIL_ID":"mc_6","TRAIL_NAME_EN":"MACLEHOSE TRAIL SECTION 6","TRAIL_NAME_TC":"麥理浩徑第六段","COUNTRY_PARK_EN":"KAM SHAN COUNTRY PARK","COUNTRY_PARK_TC":"金山郊野公園","UTM_GRID":"KK066748","UTM_ZONE":"50Q","trail_id_corrected_from":null,"position_may_be_inaccurate":false}},{"type":"Feature","geometry":{"type":"Point","coordinates":[114.151,22.35797]},"properties":{"FAC_ID":"M118","TRAIL_ID":"mc_6","TRAIL_NAME_EN":"MACLEHOSE TRAIL SECTION 6","TRAIL_NAME_TC":"麥理浩徑第六段","COUNTRY_PARK_EN":"KAM SHAN COUNTRY PARK","COUNTRY_PARK_TC":"金山郊野公園","UTM_GRID":"KK065752","UTM_ZONE":"50Q","trail_id_corrected_from":null,"position_may_be_inaccurate":false}},{"type":"Feature","geometry":{"type":"Point","coordinates":[114.15016,22.36192]},"properties":{"FAC_ID":"M119","TRAIL_ID":"mc_6","TRAIL_NAME_EN":"MACLEHOSE TRAIL SECTION 6","TRAIL_NAME_TC":"麥理浩徑第六段","COUNTRY_PARK_EN":"KAM SHAN COUNTRY PARK","COUNTRY_PARK_TC":"金山郊野公園","UTM_GRID":"KK065756","UTM_ZONE":"50Q","trail_id_corrected_from":null,"position_may_be_inaccurate":false}},{"type":"Feature","geometry":{"type":"Point","coordinates":[114.15078,22.36566]},"properties":{"FAC_ID":"M120","TRAIL_ID":"mc_6","TRAIL_NAME_EN":"MACLEHOSE TRAIL SECTION 6","TRAIL_NAME_TC":"麥理浩徑第六段","COUNTRY_PARK_EN":"KAM SHAN COUNTRY PARK","COUNTRY_PARK_TC":"金山郊野公園","UTM_GRID":"KK065760","UTM_ZONE":"50Q","trail_id_corrected_from":null,"position_may_be_inaccurate":false}},{"type":"Feature","geometry":{"type":"Point","coordinates":[114.14936,22.3683]},"properties":{"FAC_ID":"M121","TRAIL_ID":"mc_6","TRAIL_NAME_EN":"MACLEHOSE TRAIL SECTION 6","TRAIL_NAME_TC":"麥理浩徑第六段","COUNTRY_PARK_EN":"KAM SHAN COUNTRY PARK","COUNTRY_PARK_TC":"金山郊野公園","UTM_GRID":"KK064763","UTM_ZONE":"50Q","trail_id_corrected_from":null,"position_may_be_inaccurate":false}},{"type":"Feature","geometry":{"type":"Point","coordinates":[114.14717,22.37093]},"properties":{"FAC_ID":"M122","TRAIL_ID":"mc_6","TRAIL_NAME_EN":"MACLEHOSE TRAIL SECTION 6","TRAIL_NAME_TC":"麥理浩徑第六段","COUNTRY_PARK_EN":"KAM SHAN COUNTRY PARK","COUNTRY_PARK_TC":"金山郊野公園","UTM_GRID":"KK062766","UTM_ZONE":"50Q","trail_id_corrected_from":null,"position_may_be_inaccurate":false}},{"type":"Feature","geometry":{"type":"Point","coordinates":[114.14502,22.37374]},"properties":{"FAC_ID":"M123","TRAIL_ID":"mc_6","TRAIL_NAME_EN":"MACLEHOSE TRAIL SECTION 6","TRAIL_NAME_TC":"麥理浩徑第六段","COUNTRY_PARK_EN":"KAM SHAN COUNTRY PARK","COUNTRY_PARK_TC":"金山郊野公園","UTM_GRID":"KK059769","UTM_ZONE":"50Q","trail_id_corrected_from":null,"position_may_be_inaccurate":false}},{"type":"Feature","geometry":{"type":"Point","coordinates":[114.14474,22.37684]},"properties":{"FAC_ID":"M124","TRAIL_ID":"mc_6","TRAIL_NAME_EN":"MACLEHOSE TRAIL SECTION 6","TRAIL_NAME_TC":"麥理浩徑第六段","COUNTRY_PARK_EN":"SHING MUN COUNTRY PARK","COUNTRY_PARK_TC":"城門郊野公園","UTM_GRID":"KK059773","UTM_ZONE":"50Q","trail_id_corrected_from":null,"position_may_be_inaccurate":false}},{"type":"Feature","geometry":{"type":"Point","coordinates":[114.14632,22.37795]},"properties":{"FAC_ID":"M125","TRAIL_ID":"mc_7","TRAIL_NAME_EN":"MACLEHOSE TRAIL SECTION 7","TRAIL_NAME_TC":"麥理浩徑第七段","COUNTRY_PARK_EN":"SHING MUN COUNTRY PARK","COUNTRY_PARK_TC":"城門郊野公園","UTM_GRID":"KK061774","UTM_ZONE":"50Q","trail_id_corrected_from":null,"position_may_be_inaccurate":false}},{"type":"Feature","geometry":{"type":"Point","coordinates":[114.1499,22.38053]},"properties":{"FAC_ID":"M126","TRAIL_ID":"mc_7","TRAIL_NAME_EN":"MACLEHOSE TRAIL SECTION 7","TRAIL_NAME_TC":"麥理浩徑第七段","COUNTRY_PARK_EN":"Outside Country Park and Special Area","COUNTRY_PARK_TC":"不在郊野公園及特別地區範圍","UTM_GRID":"KK065777","UTM_ZONE":"50Q","trail_id_corrected_from":null,"position_may_be_inaccurate":false}},{"type":"Feature","geometry":{"type":"Point","coordinates":[114.15405,22.38176]},"properties":{"FAC_ID":"M127","TRAIL_ID":"mc_7","TRAIL_NAME_EN":"MACLEHOSE TRAIL SECTION 7","TRAIL_NAME_TC":"麥理浩徑第七段","COUNTRY_PARK_EN":"SHING MUN COUNTRY PARK","COUNTRY_PARK_TC":"城門郊野公園","UTM_GRID":"KK069778","UTM_ZONE":"50Q","trail_id_corrected_from":null,"position_may_be_inaccurate":false}},{"type":"Feature","geometry":{"type":"Point","coordinates":[114.15703,22.38455]},"properties":{"FAC_ID":"M128","TRAIL_ID":"mc_7","TRAIL_NAME_EN":"MACLEHOSE TRAIL SECTION 7","TRAIL_NAME_TC":"麥理浩徑第七段","COUNTRY_PARK_EN":"SHING MUN COUNTRY PARK","COUNTRY_PARK_TC":"城門郊野公園","UTM_GRID":"KK072781","UTM_ZONE":"50Q","trail_id_corrected_from":null,"position_may_be_inaccurate":false}},{"type":"Feature","geometry":{"type":"Point","coordinates":[114.16107,22.38763]},"properties":{"FAC_ID":"M129","TRAIL_ID":"mc_7","TRAIL_NAME_EN":"MACLEHOSE TRAIL SECTION 7","TRAIL_NAME_TC":"麥理浩徑第七段","COUNTRY_PARK_EN":"SHING MUN COUNTRY PARK","COUNTRY_PARK_TC":"城門郊野公園","UTM_GRID":"KK076784","UTM_ZONE":"50Q","trail_id_corrected_from":null,"position_may_be_inaccurate":false}},{"type":"Feature","geometry":{"type":"Point","coordinates":[114.16361,22.39165]},"properties":{"FAC_ID":"M130","TRAIL_ID":"mc_7","TRAIL_NAME_EN":"MACLEHOSE TRAIL SECTION 7","TRAIL_NAME_TC":"麥理浩徑第七段","COUNTRY_PARK_EN":"SHING MUN COUNTRY PARK","COUNTRY_PARK_TC":"城門郊野公園","UTM_GRID":"KK079789","UTM_ZONE":"50Q","trail_id_corrected_from":null,"position_may_be_inaccurate":false}},{"type":"Feature","geometry":{"type":"Point","coordinates":[114.16764,22.39394]},"properties":{"FAC_ID":"M131","TRAIL_ID":"mc_7","TRAIL_NAME_EN":"MACLEHOSE TRAIL SECTION 7","TRAIL_NAME_TC":"麥理浩徑第七段","COUNTRY_PARK_EN":"SHING MUN COUNTRY PARK","COUNTRY_PARK_TC":"城門郊野公園","UTM_GRID":"KK083791","UTM_ZONE":"50Q","trail_id_corrected_from":null,"position_may_be_inaccurate":false}},{"type":"Feature","geometry":{"type":"Point","coordinates":[114.16686,22.39808]},"properties":{"FAC_ID":"M132","TRAIL_ID":"mc_7","TRAIL_NAME_EN":"MACLEHOSE TRAIL SECTION 7","TRAIL_NAME_TC":"麥理浩徑第七段","COUNTRY_PARK_EN":"SHING MUN COUNTRY PARK","COUNTRY_PARK_TC":"城門郊野公園","UTM_GRID":"KK082796","UTM_ZONE":"50Q","trail_id_corrected_from":null,"position_may_be_inaccurate":false}},{"type":"Feature","geometry":{"type":"Point","coordinates":[114.16783,22.40122]},"properties":{"FAC_ID":"M133","TRAIL_ID":"mc_7","TRAIL_NAME_EN":"MACLEHOSE TRAIL SECTION 7","TRAIL_NAME_TC":"麥理浩徑第七段","COUNTRY_PARK_EN":"SHING MUN COUNTRY PARK","COUNTRY_PARK_TC":"城門郊野公園","UTM_GRID":"KK084799","UTM_ZONE":"50Q","trail_id_corrected_from":null,"position_may_be_inaccurate":false}},{"type":"Feature","geometry":{"type":"Point","coordinates":[114.16763,22.40487]},"properties":{"FAC_ID":"M134","TRAIL_ID":"mc_7","TRAIL_NAME_EN":"MACLEHOSE TRAIL SECTION 7","TRAIL_NAME_TC":"麥理浩徑第七段","COUNTRY_PARK_EN":"SHING MUN COUNTRY PARK","COUNTRY_PARK_TC":"城門郊野公園","UTM_GRID":"KK083803","UTM_ZONE":"50Q","trail_id_corrected_from":null,"position_may_be_inaccurate":false}},{"type":"Feature","geometry":{"type":"Point","coordinates":[114.1653,22.40887]},"properties":{"FAC_ID":"M135","TRAIL_ID":"mc_7","TRAIL_NAME_EN":"MACLEHOSE TRAIL SECTION 7","TRAIL_NAME_TC":"麥理浩徑第七段","COUNTRY_PARK_EN":"SHING MUN COUNTRY PARK","COUNTRY_PARK_TC":"城門郊野公園","UTM_GRID":"KK081808","UTM_ZONE":"50Q","trail_id_corrected_from":null,"position_may_be_inaccurate":false}},{"type":"Feature","geometry":{"type":"Point","coordinates":[114.16378,22.41153]},"properties":{"FAC_ID":"M136","TRAIL_ID":"mc_7","TRAIL_NAME_EN":"MACLEHOSE TRAIL SECTION 7","TRAIL_NAME_TC":"麥理浩徑第七段","COUNTRY_PARK_EN":"SHING MUN COUNTRY PARK","COUNTRY_PARK_TC":"城門郊野公園","UTM_GRID":"KK080811","UTM_ZONE":"50Q","trail_id_corrected_from":null,"position_may_be_inaccurate":false}},{"type":"Feature","geometry":{"type":"Point","coordinates":[114.15969,22.41246]},"properties":{"FAC_ID":"M137","TRAIL_ID":"mc_7","TRAIL_NAME_EN":"MACLEHOSE TRAIL SECTION 7","TRAIL_NAME_TC":"麥理浩徑第七段","COUNTRY_PARK_EN":"SHING MUN COUNTRY PARK","COUNTRY_PARK_TC":"城門郊野公園","UTM_GRID":"KK075812","UTM_ZONE":"50Q","trail_id_corrected_from":null,"position_may_be_inaccurate":false}},{"type":"Feature","geometry":{"type":"Point","coordinates":[114.15607,22.41241]},"properties":{"FAC_ID":"M138","TRAIL_ID":"mc_8","TRAIL_NAME_EN":"MACLEHOSE TRAIL SECTION 8","TRAIL_NAME_TC":"麥理浩徑第八段","COUNTRY_PARK_EN":"SHING MUN COUNTRY PARK","COUNTRY_PARK_TC":"城門郊野公園","UTM_GRID":"KK072812","UTM_ZONE":"50Q","trail_id_corrected_from":null,"position_may_be_inaccurate":false}},{"type":"Feature","geometry":{"type":"Point","coordinates":[114.1515,22.41397]},"properties":{"FAC_ID":"M139","TRAIL_ID":"mc_8","TRAIL_NAME_EN":"MACLEHOSE TRAIL SECTION 8","TRAIL_NAME_TC":"麥理浩徑第八段","COUNTRY_PARK_EN":"TAI MO SHAN COUNTRY PARK","COUNTRY_PARK_TC":"大帽山郊野公園","UTM_GRID":"KK067814","UTM_ZONE":"50Q","trail_id_corrected_from":null,"position_may_be_inaccurate":false}},{"type":"Feature","geometry":{"type":"Point","coordinates":[114.14833,22.41613]},"properties":{"FAC_ID":"M140","TRAIL_ID":"mc_8","TRAIL_NAME_EN":"MACLEHOSE TRAIL SECTION 8","TRAIL_NAME_TC":"麥理浩徑第八段","COUNTRY_PARK_EN":"SHING MUN COUNTRY PARK","COUNTRY_PARK_TC":"城門郊野公園","UTM_GRID":"KK064816","UTM_ZONE":"50Q","trail_id_corrected_from":null,"position_may_be_inaccurate":false}},{"type":"Feature","geometry":{"type":"Point","coordinates":[114.14414,22.41602]},"properties":{"FAC_ID":"M141","TRAIL_ID":"mc_8","TRAIL_NAME_EN":"MACLEHOSE TRAIL SECTION 8","TRAIL_NAME_TC":"麥理浩徑第八段","COUNTRY_PARK_EN":"SHING MUN COUNTRY PARK","COUNTRY_PARK_TC":"城門郊野公園","UTM_GRID":"KK059816","UTM_ZONE":"50Q","trail_id_corrected_from":null,"position_may_be_inaccurate":false}},{"type":"Feature","geometry":{"type":"Point","coordinates":[114.1394,22.41739]},"properties":{"FAC_ID":"M142","TRAIL_ID":"mc_8","TRAIL_NAME_EN":"MACLEHOSE TRAIL SECTION 8","TRAIL_NAME_TC":"麥理浩徑第八段","COUNTRY_PARK_EN":"SHING MUN COUNTRY PARK","COUNTRY_PARK_TC":"城門郊野公園","UTM_GRID":"KK055818","UTM_ZONE":"50Q","trail_id_corrected_from":null,"position_may_be_inaccurate":false}},{"type":"Feature","geometry":{"type":"Point","coordinates":[114.13445,22.41676]},"properties":{"FAC_ID":"M143","TRAIL_ID":"mc_8","TRAIL_NAME_EN":"MACLEHOSE TRAIL SECTION 8","TRAIL_NAME_TC":"麥理浩徑第八段","COUNTRY_PARK_EN":"TAI MO SHAN COUNTRY PARK","COUNTRY_PARK_TC":"大帽山郊野公園","UTM_GRID":"KK049817","UTM_ZONE":"50Q","trail_id_corrected_from":null,"position_may_be_inaccurate":false}},{"type":"Feature","geometry":{"type":"Point","coordinates":[114.13036,22.41664]},"properties":{"FAC_ID":"M144","TRAIL_ID":"mc_8","TRAIL_NAME_EN":"MACLEHOSE TRAIL SECTION 8","TRAIL_NAME_TC":"麥理浩徑第八段","COUNTRY_PARK_EN":"SHING MUN COUNTRY PARK","COUNTRY_PARK_TC":"城門郊野公園","UTM_GRID":"KK045817","UTM_ZONE":"50Q","trail_id_corrected_from":null,"position_may_be_inaccurate":false}},{"type":"Feature","geometry":{"type":"Point","coordinates":[114.12692,22.41647]},"properties":{"FAC_ID":"M145","TRAIL_ID":"mc_8","TRAIL_NAME_EN":"MACLEHOSE TRAIL SECTION 8","TRAIL_NAME_TC":"麥理浩徑第八段","COUNTRY_PARK_EN":"TAI MO SHAN COUNTRY PARK","COUNTRY_PARK_TC":"大帽山郊野公園","UTM_GRID":"KK042817","UTM_ZONE":"50Q","trail_id_corrected_from":null,"position_may_be_inaccurate":false}},{"type":"Feature","geometry":{"type":"Point","coordinates":[114.12395,22.41385]},"properties":{"FAC_ID":"M146","TRAIL_ID":"mc_8","TRAIL_NAME_EN":"MACLEHOSE TRAIL SECTION 8","TRAIL_NAME_TC":"麥理浩徑第八段","COUNTRY_PARK_EN":"Outside Country Park and Special Area","COUNTRY_PARK_TC":"不在郊野公園及特別地區範圍","UTM_GRID":"KK039814","UTM_ZONE":"50Q","trail_id_corrected_from":null,"position_may_be_inaccurate":false}},{"type":"Feature","geometry":{"type":"Point","coordinates":[114.12544,22.41129]},"properties":{"FAC_ID":"M147","TRAIL_ID":"mc_8","TRAIL_NAME_EN":"MACLEHOSE TRAIL SECTION 8","TRAIL_NAME_TC":"麥理浩徑第八段","COUNTRY_PARK_EN":"Outside Country Park and Special Area","COUNTRY_PARK_TC":"不在郊野公園及特別地區範圍","UTM_GRID":"KK040811","UTM_ZONE":"50Q","trail_id_corrected_from":null,"position_may_be_inaccurate":false}},{"type":"Feature","geometry":{"type":"Point","coordinates":[114.12421,22.40838]},"properties":{"FAC_ID":"M148","TRAIL_ID":"mc_8","TRAIL_NAME_EN":"MACLEHOSE TRAIL SECTION 8","TRAIL_NAME_TC":"麥理浩徑第八段","COUNTRY_PARK_EN":"Outside Country Park and Special Area","COUNTRY_PARK_TC":"不在郊野公園及特別地區範圍","UTM_GRID":"KK039808","UTM_ZONE":"50Q","trail_id_corrected_from":null,"position_may_be_inaccurate":false}},{"type":"Feature","geometry":{"type":"Point","coordinates":[114.1238,22.4079]},"properties":{"FAC_ID":"M149","TRAIL_ID":"mc_8","TRAIL_NAME_EN":"MACLEHOSE TRAIL SECTION 8","TRAIL_NAME_TC":"麥理浩徑第八段","COUNTRY_PARK_EN":"Outside Country Park and Special Area","COUNTRY_PARK_TC":"不在郊野公園及特別地區範圍","UTM_GRID":"KK038808","UTM_ZONE":"50Q","trail_id_corrected_from":null,"position_may_be_inaccurate":false}},{"type":"Feature","geometry":{"type":"Point","coordinates":[114.12209,22.40724]},"properties":{"FAC_ID":"M150","TRAIL_ID":"mc_8","TRAIL_NAME_EN":"MACLEHOSE TRAIL SECTION 8","TRAIL_NAME_TC":"麥理浩徑第八段","COUNTRY_PARK_EN":"Outside Country Park and Special Area","COUNTRY_PARK_TC":"不在郊野公園及特別地區範圍","UTM_GRID":"KK037807","UTM_ZONE":"50Q","trail_id_corrected_from":null,"position_may_be_inaccurate":false}},{"type":"Feature","geometry":{"type":"Point","coordinates":[114.1216,22.40849]},"properties":{"FAC_ID":"M151","TRAIL_ID":"mc_8","TRAIL_NAME_EN":"MACLEHOSE TRAIL SECTION 8","TRAIL_NAME_TC":"麥理浩徑第八段","COUNTRY_PARK_EN":"Outside Country Park and Special Area","COUNTRY_PARK_TC":"不在郊野公園及特別地區範圍","UTM_GRID":"KK036808","UTM_ZONE":"50Q","trail_id_corrected_from":null,"position_may_be_inaccurate":false}},{"type":"Feature","geometry":{"type":"Point","coordinates":[114.11887,22.41149]},"properties":{"FAC_ID":"M152","TRAIL_ID":"mc_8","TRAIL_NAME_EN":"MACLEHOSE TRAIL SECTION 8","TRAIL_NAME_TC":"麥理浩徑第八段","COUNTRY_PARK_EN":"Outside Country Park and Special Area","COUNTRY_PARK_TC":"不在郊野公園及特別地區範圍","UTM_GRID":"KK033812","UTM_ZONE":"50Q","trail_id_corrected_from":null,"position_may_be_inaccurate":false}},{"type":"Feature","geometry":{"type":"Point","coordinates":[114.11576,22.41022]},"properties":{"FAC_ID":"M153","TRAIL_ID":"mc_8","TRAIL_NAME_EN":"MACLEHOSE TRAIL SECTION 8","TRAIL_NAME_TC":"麥理浩徑第八段","COUNTRY_PARK_EN":"TAI MO SHAN COUNTRY PARK","COUNTRY_PARK_TC":"大帽山郊野公園","UTM_GRID":"KK030810","UTM_ZONE":"50Q","trail_id_corrected_from":null,"position_may_be_inaccurate":false}},{"type":"Feature","geometry":{"type":"Point","coordinates":[114.11178,22.40844]},"properties":{"FAC_ID":"M154","TRAIL_ID":"mc_8","TRAIL_NAME_EN":"MACLEHOSE TRAIL SECTION 8","TRAIL_NAME_TC":"麥理浩徑第八段","COUNTRY_PARK_EN":"TAI MO SHAN COUNTRY PARK","COUNTRY_PARK_TC":"大帽山郊野公園","UTM_GRID":"KK026808","UTM_ZONE":"50Q","trail_id_corrected_from":null,"position_may_be_inaccurate":false}},{"type":"Feature","geometry":{"type":"Point","coordinates":[114.10766,22.4074]},"properties":{"FAC_ID":"M155","TRAIL_ID":"mc_8","TRAIL_NAME_EN":"MACLEHOSE TRAIL SECTION 8","TRAIL_NAME_TC":"麥理浩徑第八段","COUNTRY_PARK_EN":"TAI MO SHAN COUNTRY PARK","COUNTRY_PARK_TC":"大帽山郊野公園","UTM_GRID":"KK022807","UTM_ZONE":"50Q","trail_id_corrected_from":null,"position_may_be_inaccurate":false}},{"type":"Feature","geometry":{"type":"Point","coordinates":[114.10526,22.40668]},"properties":{"FAC_ID":"M156","TRAIL_ID":"mc_9","TRAIL_NAME_EN":"MACLEHOSE TRAIL SECTION 9","TRAIL_NAME_TC":"麥理浩徑第九段","COUNTRY_PARK_EN":"TAI LAM COUNTRY PARK","COUNTRY_PARK_TC":"大欖郊野公園","UTM_GRID":"KK019807","UTM_ZONE":"50Q","trail_id_corrected_from":null,"position_may_be_inaccurate":false}},{"type":"Feature","geometry":{"type":"Point","coordinates":[114.10203,22.40757]},"properties":{"FAC_ID":"M157","TRAIL_ID":"mc_9","TRAIL_NAME_EN":"MACLEHOSE TRAIL SECTION 9","TRAIL_NAME_TC":"麥理浩徑第九段","COUNTRY_PARK_EN":"TAI LAM COUNTRY PARK","COUNTRY_PARK_TC":"大欖郊野公園","UTM_GRID":"KK016808","UTM_ZONE":"50Q","trail_id_corrected_from":null,"position_may_be_inaccurate":false}},{"type":"Feature","geometry":{"type":"Point","coordinates":[114.09851,22.40509]},"properties":{"FAC_ID":"M158","TRAIL_ID":"mc_9","TRAIL_NAME_EN":"MACLEHOSE TRAIL SECTION 9","TRAIL_NAME_TC":"麥理浩徑第九段","COUNTRY_PARK_EN":"TAI LAM COUNTRY PARK","COUNTRY_PARK_TC":"大欖郊野公園","UTM_GRID":"KK012805","UTM_ZONE":"50Q","trail_id_corrected_from":null,"position_may_be_inaccurate":false}},{"type":"Feature","geometry":{"type":"Point","coordinates":[114.09591,22.40203]},"properties":{"FAC_ID":"M159","TRAIL_ID":"mc_9","TRAIL_NAME_EN":"MACLEHOSE TRAIL SECTION 9","TRAIL_NAME_TC":"麥理浩徑第九段","COUNTRY_PARK_EN":"TAI LAM COUNTRY PARK","COUNTRY_PARK_TC":"大欖郊野公園","UTM_GRID":"KK009802","UTM_ZONE":"50Q","trail_id_corrected_from":null,"position_may_be_inaccurate":false}},{"type":"Feature","geometry":{"type":"Point","coordinates":[114.09238,22.3995]},"properties":{"FAC_ID":"M160","TRAIL_ID":"mc_9","TRAIL_NAME_EN":"MACLEHOSE TRAIL SECTION 9","TRAIL_NAME_TC":"麥理浩徑第九段","COUNTRY_PARK_EN":"TAI LAM COUNTRY PARK","COUNTRY_PARK_TC":"大欖郊野公園","UTM_GRID":"KK006799","UTM_ZONE":"50Q","trail_id_corrected_from":null,"position_may_be_inaccurate":false}},{"type":"Feature","geometry":{"type":"Point","coordinates":[114.08923,22.40148]},"properties":{"FAC_ID":"M161","TRAIL_ID":"mc_9","TRAIL_NAME_EN":"MACLEHOSE TRAIL SECTION 9","TRAIL_NAME_TC":"麥理浩徑第九段","COUNTRY_PARK_EN":"TAI LAM COUNTRY PARK","COUNTRY_PARK_TC":"大欖郊野公園","UTM_GRID":"KK003801","UTM_ZONE":"50Q","trail_id_corrected_from":null,"position_may_be_inaccurate":false}},{"type":"Feature","geometry":{"type":"Point","coordinates":[114.08479,22.40124]},"properties":{"FAC_ID":"M162","TRAIL_ID":"mc_9","TRAIL_NAME_EN":"MACLEHOSE TRAIL SECTION 9","TRAIL_NAME_TC":"麥理浩徑第九段","COUNTRY_PARK_EN":"TAI LAM COUNTRY PARK","COUNTRY_PARK_TC":"大欖郊野公園","UTM_GRID":"JK998801","UTM_ZONE":"50Q","trail_id_corrected_from":null,"position_may_be_inaccurate":false}},{"type":"Feature","geometry":{"type":"Point","coordinates":[114.08208,22.39851]},"properties":{"FAC_ID":"M163","TRAIL_ID":"mc_9","TRAIL_NAME_EN":"MACLEHOSE TRAIL SECTION 9","TRAIL_NAME_TC":"麥理浩徑第九段","COUNTRY_PARK_EN":"TAI LAM COUNTRY PARK","COUNTRY_PARK_TC":"大欖郊野公園","UTM_GRID":"JK995798","UTM_ZONE":"50Q","trail_id_corrected_from":null,"position_may_be_inaccurate":false}},{"type":"Feature","geometry":{"type":"Point","coordinates":[114.07812,22.39689]},"properties":{"FAC_ID":"M164","TRAIL_ID":"mc_9","TRAIL_NAME_EN":"MACLEHOSE TRAIL SECTION 9","TRAIL_NAME_TC":"麥理浩徑第九段","COUNTRY_PARK_EN":"TAI LAM COUNTRY PARK","COUNTRY_PARK_TC":"大欖郊野公園","UTM_GRID":"JK991796","UTM_ZONE":"50Q","trail_id_corrected_from":null,"position_may_be_inaccurate":false}},{"type":"Feature","geometry":{"type":"Point","coordinates":[114.07411,22.39616]},"properties":{"FAC_ID":"M165","TRAIL_ID":"mc_9","TRAIL_NAME_EN":"MACLEHOSE TRAIL SECTION 9","TRAIL_NAME_TC":"麥理浩徑第九段","COUNTRY_PARK_EN":"TAI LAM COUNTRY PARK","COUNTRY_PARK_TC":"大欖郊野公園","UTM_GRID":"JK987796","UTM_ZONE":"50Q","trail_id_corrected_from":null,"position_may_be_inaccurate":false}},{"type":"Feature","geometry":{"type":"Point","coordinates":[114.07363,22.39335]},"properties":{"FAC_ID":"M166","TRAIL_ID":"mc_9","TRAIL_NAME_EN":"MACLEHOSE TRAIL SECTION 9","TRAIL_NAME_TC":"麥理浩徑第九段","COUNTRY_PARK_EN":"TAI LAM COUNTRY PARK","COUNTRY_PARK_TC":"大欖郊野公園","UTM_GRID":"JK986792","UTM_ZONE":"50Q","trail_id_corrected_from":null,"position_may_be_inaccurate":false}},{"type":"Feature","geometry":{"type":"Point","coordinates":[114.07004,22.39294]},"properties":{"FAC_ID":"M167","TRAIL_ID":"mc_9","TRAIL_NAME_EN":"MACLEHOSE TRAIL SECTION 9","TRAIL_NAME_TC":"麥理浩徑第九段","COUNTRY_PARK_EN":"TAI LAM COUNTRY PARK","COUNTRY_PARK_TC":"大欖郊野公園","UTM_GRID":"JK983792","UTM_ZONE":"50Q","trail_id_corrected_from":null,"position_may_be_inaccurate":false}},{"type":"Feature","geometry":{"type":"Point","coordinates":[114.06688,22.39129]},"properties":{"FAC_ID":"M168","TRAIL_ID":"mc_9","TRAIL_NAME_EN":"MACLEHOSE TRAIL SECTION 9","TRAIL_NAME_TC":"麥理浩徑第九段","COUNTRY_PARK_EN":"TAI LAM COUNTRY PARK","COUNTRY_PARK_TC":"大欖郊野公園","UTM_GRID":"JK979790","UTM_ZONE":"50Q","trail_id_corrected_from":null,"position_may_be_inaccurate":false}},{"type":"Feature","geometry":{"type":"Point","coordinates":[114.06343,22.39002]},"properties":{"FAC_ID":"M169","TRAIL_ID":"mc_10","TRAIL_NAME_EN":"MACLEHOSE TRAIL SECTION 10","TRAIL_NAME_TC":"麥理浩徑第十段","COUNTRY_PARK_EN":"Outside Country Park and Special Area","COUNTRY_PARK_TC":"不在郊野公園及特別地區範圍","UTM_GRID":"JK976789","UTM_ZONE":"50Q","trail_id_corrected_from":null,"position_may_be_inaccurate":false}},{"type":"Feature","geometry":{"type":"Point","coordinates":[114.06123,22.3935]},"properties":{"FAC_ID":"M170","TRAIL_ID":"mc_10","TRAIL_NAME_EN":"MACLEHOSE TRAIL SECTION 10","TRAIL_NAME_TC":"麥理浩徑第十段","COUNTRY_PARK_EN":"TAI LAM COUNTRY PARK","COUNTRY_PARK_TC":"大欖郊野公園","UTM_GRID":"JK974793","UTM_ZONE":"50Q","trail_id_corrected_from":null,"position_may_be_inaccurate":false}},{"type":"Feature","geometry":{"type":"Point","coordinates":[114.05855,22.39602]},"properties":{"FAC_ID":"M171","TRAIL_ID":"mc_10","TRAIL_NAME_EN":"MACLEHOSE TRAIL SECTION 10","TRAIL_NAME_TC":"麥理浩徑第十段","COUNTRY_PARK_EN":"TAI LAM COUNTRY PARK","COUNTRY_PARK_TC":"大欖郊野公園","UTM_GRID":"JK971796","UTM_ZONE":"50Q","trail_id_corrected_from":null,"position_may_be_inaccurate":false}},{"type":"Feature","geometry":{"type":"Point","coordinates":[114.05315,22.39771]},"properties":{"FAC_ID":"M172","TRAIL_ID":"mc_10","TRAIL_NAME_EN":"MACLEHOSE TRAIL SECTION 10","TRAIL_NAME_TC":"麥理浩徑第十段","COUNTRY_PARK_EN":"TAI LAM COUNTRY PARK","COUNTRY_PARK_TC":"大欖郊野公園","UTM_GRID":"JK965798","UTM_ZONE":"50Q","trail_id_corrected_from":null,"position_may_be_inaccurate":false}},{"type":"Feature","geometry":{"type":"Point","coordinates":[114.04914,22.39773]},"properties":{"FAC_ID":"M173","TRAIL_ID":"mc_10","TRAIL_NAME_EN":"MACLEHOSE TRAIL SECTION 10","TRAIL_NAME_TC":"麥理浩徑第十段","COUNTRY_PARK_EN":"TAI LAM COUNTRY PARK","COUNTRY_PARK_TC":"大欖郊野公園","UTM_GRID":"JK961798","UTM_ZONE":"50Q","trail_id_corrected_from":null,"position_may_be_inaccurate":false}},{"type":"Feature","geometry":{"type":"Point","coordinates":[114.04646,22.39717]},"properties":{"FAC_ID":"M174","TRAIL_ID":"mc_10","TRAIL_NAME_EN":"MACLEHOSE TRAIL SECTION 10","TRAIL_NAME_TC":"麥理浩徑第十段","COUNTRY_PARK_EN":"TAI LAM COUNTRY PARK","COUNTRY_PARK_TC":"大欖郊野公園","UTM_GRID":"JK958797","UTM_ZONE":"50Q","trail_id_corrected_from":null,"position_may_be_inaccurate":false}},{"type":"Feature","geometry":{"type":"Point","coordinates":[114.04321,22.39704]},"properties":{"FAC_ID":"M175","TRAIL_ID":"mc_10","TRAIL_NAME_EN":"MACLEHOSE TRAIL SECTION 10","TRAIL_NAME_TC":"麥理浩徑第十段","COUNTRY_PARK_EN":"TAI LAM COUNTRY PARK","COUNTRY_PARK_TC":"大欖郊野公園","UTM_GRID":"JK955797","UTM_ZONE":"50Q","trail_id_corrected_from":null,"position_may_be_inaccurate":false}},{"type":"Feature","geometry":{"type":"Point","coordinates":[114.03929,22.39749]},"properties":{"FAC_ID":"M176","TRAIL_ID":"mc_10","TRAIL_NAME_EN":"MACLEHOSE TRAIL SECTION 10","TRAIL_NAME_TC":"麥理浩徑第十段","COUNTRY_PARK_EN":"TAI LAM COUNTRY PARK","COUNTRY_PARK_TC":"大欖郊野公園","UTM_GRID":"JK951798","UTM_ZONE":"50Q","trail_id_corrected_from":null,"position_may_be_inaccurate":false}},{"type":"Feature","geometry":{"type":"Point","coordinates":[114.03606,22.39868]},"properties":{"FAC_ID":"M177","TRAIL_ID":"mc_10","TRAIL_NAME_EN":"MACLEHOSE TRAIL SECTION 10","TRAIL_NAME_TC":"麥理浩徑第十段","COUNTRY_PARK_EN":"TAI LAM COUNTRY PARK","COUNTRY_PARK_TC":"大欖郊野公園","UTM_GRID":"JK948799","UTM_ZONE":"50Q","trail_id_corrected_from":null,"position_may_be_inaccurate":false}},{"type":"Feature","geometry":{"type":"Point","coordinates":[114.03368,22.39798]},"properties":{"FAC_ID":"M178","TRAIL_ID":"mc_10","TRAIL_NAME_EN":"MACLEHOSE TRAIL SECTION 10","TRAIL_NAME_TC":"麥理浩徑第十段","COUNTRY_PARK_EN":"TAI LAM COUNTRY PARK","COUNTRY_PARK_TC":"大欖郊野公園","UTM_GRID":"JK945798","UTM_ZONE":"50Q","trail_id_corrected_from":null,"position_may_be_inaccurate":false}},{"type":"Feature","geometry":{"type":"Point","coordinates":[114.0308,22.39598]},"properties":{"FAC_ID":"M179","TRAIL_ID":"mc_10","TRAIL_NAME_EN":"MACLEHOSE TRAIL SECTION 10","TRAIL_NAME_TC":"麥理浩徑第十段","COUNTRY_PARK_EN":"TAI LAM COUNTRY PARK","COUNTRY_PARK_TC":"大欖郊野公園","UTM_GRID":"JK942796","UTM_ZONE":"50Q","trail_id_corrected_from":null,"position_may_be_inaccurate":false}},{"type":"Feature","geometry":{"type":"Point","coordinates":[114.02708,22.39519]},"properties":{"FAC_ID":"M180","TRAIL_ID":"mc_10","TRAIL_NAME_EN":"MACLEHOSE TRAIL SECTION 10","TRAIL_NAME_TC":"麥理浩徑第十段","COUNTRY_PARK_EN":"TAI LAM COUNTRY PARK","COUNTRY_PARK_TC":"大欖郊野公園","UTM_GRID":"JK938795","UTM_ZONE":"50Q","trail_id_corrected_from":null,"position_may_be_inaccurate":false}},{"type":"Feature","geometry":{"type":"Point","coordinates":[114.02524,22.39296]},"properties":{"FAC_ID":"M181","TRAIL_ID":"mc_10","TRAIL_NAME_EN":"MACLEHOSE TRAIL SECTION 10","TRAIL_NAME_TC":"麥理浩徑第十段","COUNTRY_PARK_EN":"TAI LAM COUNTRY PARK","COUNTRY_PARK_TC":"大欖郊野公園","UTM_GRID":"JK936793","UTM_ZONE":"50Q","trail_id_corrected_from":null,"position_may_be_inaccurate":false}},{"type":"Feature","geometry":{"type":"Point","coordinates":[114.02313,22.39218]},"properties":{"FAC_ID":"M182","TRAIL_ID":"mc_10","TRAIL_NAME_EN":"MACLEHOSE TRAIL SECTION 10","TRAIL_NAME_TC":"麥理浩徑第十段","COUNTRY_PARK_EN":"TAI LAM COUNTRY PARK","COUNTRY_PARK_TC":"大欖郊野公園","UTM_GRID":"JK934792","UTM_ZONE":"50Q","trail_id_corrected_from":null,"position_may_be_inaccurate":false}},{"type":"Feature","geometry":{"type":"Point","coordinates":[114.02061,22.39204]},"properties":{"FAC_ID":"M183","TRAIL_ID":"mc_10","TRAIL_NAME_EN":"MACLEHOSE TRAIL SECTION 10","TRAIL_NAME_TC":"麥理浩徑第十段","COUNTRY_PARK_EN":"TAI LAM COUNTRY PARK","COUNTRY_PARK_TC":"大欖郊野公園","UTM_GRID":"JK932792","UTM_ZONE":"50Q","trail_id_corrected_from":null,"position_may_be_inaccurate":false}},{"type":"Feature","geometry":{"type":"Point","coordinates":[114.01994,22.38843]},"properties":{"FAC_ID":"M184","TRAIL_ID":"mc_10","TRAIL_NAME_EN":"MACLEHOSE TRAIL SECTION 10","TRAIL_NAME_TC":"麥理浩徑第十段","COUNTRY_PARK_EN":"TAI LAM COUNTRY PARK","COUNTRY_PARK_TC":"大欖郊野公園","UTM_GRID":"JK931788","UTM_ZONE":"50Q","trail_id_corrected_from":null,"position_may_be_inaccurate":false}},{"type":"Feature","geometry":{"type":"Point","coordinates":[114.02087,22.38566]},"properties":{"FAC_ID":"M185","TRAIL_ID":"mc_10","TRAIL_NAME_EN":"MACLEHOSE TRAIL SECTION 10","TRAIL_NAME_TC":"麥理浩徑第十段","COUNTRY_PARK_EN":"TAI LAM COUNTRY PARK","COUNTRY_PARK_TC":"大欖郊野公園","UTM_GRID":"JK932785","UTM_ZONE":"50Q","trail_id_corrected_from":null,"position_may_be_inaccurate":false}},{"type":"Feature","geometry":{"type":"Point","coordinates":[114.01796,22.38367]},"properties":{"FAC_ID":"M186","TRAIL_ID":"mc_10","TRAIL_NAME_EN":"MACLEHOSE TRAIL SECTION 10","TRAIL_NAME_TC":"麥理浩徑第十段","COUNTRY_PARK_EN":"TAI LAM COUNTRY PARK","COUNTRY_PARK_TC":"大欖郊野公園","UTM_GRID":"JK929783","UTM_ZONE":"50Q","trail_id_corrected_from":null,"position_may_be_inaccurate":false}},{"type":"Feature","geometry":{"type":"Point","coordinates":[114.01554,22.38194]},"properties":{"FAC_ID":"M187","TRAIL_ID":"mc_10","TRAIL_NAME_EN":"MACLEHOSE TRAIL SECTION 10","TRAIL_NAME_TC":"麥理浩徑第十段","COUNTRY_PARK_EN":"TAI LAM COUNTRY PARK","COUNTRY_PARK_TC":"大欖郊野公園","UTM_GRID":"JK926781","UTM_ZONE":"50Q","trail_id_corrected_from":null,"position_may_be_inaccurate":false}},{"type":"Feature","geometry":{"type":"Point","coordinates":[114.01125,22.3814]},"properties":{"FAC_ID":"M188","TRAIL_ID":"mc_10","TRAIL_NAME_EN":"MACLEHOSE TRAIL SECTION 10","TRAIL_NAME_TC":"麥理浩徑第十段","COUNTRY_PARK_EN":"TAI LAM COUNTRY PARK","COUNTRY_PARK_TC":"大欖郊野公園","UTM_GRID":"JK922781","UTM_ZONE":"50Q","trail_id_corrected_from":null,"position_may_be_inaccurate":false}},{"type":"Feature","geometry":{"type":"Point","coordinates":[114.00766,22.38004]},"properties":{"FAC_ID":"M189","TRAIL_ID":"mc_10","TRAIL_NAME_EN":"MACLEHOSE TRAIL SECTION 10","TRAIL_NAME_TC":"麥理浩徑第十段","COUNTRY_PARK_EN":"Outside Country Park and Special Area","COUNTRY_PARK_TC":"不在郊野公園及特別地區範圍","UTM_GRID":"JK918779","UTM_ZONE":"50Q","trail_id_corrected_from":null,"position_may_be_inaccurate":false}},{"type":"Feature","geometry":{"type":"Point","coordinates":[114.00335,22.3795]},"properties":{"FAC_ID":"M190","TRAIL_ID":"mc_10","TRAIL_NAME_EN":"MACLEHOSE TRAIL SECTION 10","TRAIL_NAME_TC":"麥理浩徑第十段","COUNTRY_PARK_EN":"TAI LAM COUNTRY PARK","COUNTRY_PARK_TC":"大欖郊野公園","UTM_GRID":"JK914779","UTM_ZONE":"50Q","trail_id_corrected_from":null,"position_may_be_inaccurate":false}},{"type":"Feature","geometry":{"type":"Point","coordinates":[113.99904,22.37911]},"properties":{"FAC_ID":"M191","TRAIL_ID":"mc_10","TRAIL_NAME_EN":"MACLEHOSE TRAIL SECTION 10","TRAIL_NAME_TC":"麥理浩徑第十段","COUNTRY_PARK_EN":"TAI LAM COUNTRY PARK","COUNTRY_PARK_TC":"大欖郊野公園","UTM_GRID":"HE088778","UTM_ZONE":"49Q","trail_id_corrected_from":null,"position_may_be_inaccurate":false}},{"type":"Feature","geometry":{"type":"Point","coordinates":[113.99689,22.3791]},"properties":{"FAC_ID":"M192","TRAIL_ID":"mc_10","TRAIL_NAME_EN":"MACLEHOSE TRAIL SECTION 10","TRAIL_NAME_TC":"麥理浩徑第十段","COUNTRY_PARK_EN":"TAI LAM COUNTRY PARK","COUNTRY_PARK_TC":"大欖郊野公園","UTM_GRID":"HE086778","UTM_ZONE":"49Q","trail_id_corrected_from":null,"position_may_be_inaccurate":false}},{"type":"Feature","geometry":{"type":"Point","coordinates":[113.99266,22.37819]},"properties":{"FAC_ID":"M193","TRAIL_ID":"mc_10","TRAIL_NAME_EN":"MACLEHOSE TRAIL SECTION 10","TRAIL_NAME_TC":"麥理浩徑第十段","COUNTRY_PARK_EN":"TAI LAM COUNTRY PARK","COUNTRY_PARK_TC":"大欖郊野公園","UTM_GRID":"HE081777","UTM_ZONE":"49Q","trail_id_corrected_from":null,"position_may_be_inaccurate":false}},{"type":"Feature","geometry":{"type":"Point","coordinates":[113.98903,22.37907]},"properties":{"FAC_ID":"M194","TRAIL_ID":"mc_10","TRAIL_NAME_EN":"MACLEHOSE TRAIL SECTION 10","TRAIL_NAME_TC":"麥理浩徑第十段","COUNTRY_PARK_EN":"TAI LAM COUNTRY PARK","COUNTRY_PARK_TC":"大欖郊野公園","UTM_GRID":"HE078778","UTM_ZONE":"49Q","trail_id_corrected_from":null,"position_may_be_inaccurate":false}},{"type":"Feature","geometry":{"type":"Point","coordinates":[113.98485,22.38006]},"properties":{"FAC_ID":"M195","TRAIL_ID":"mc_10","TRAIL_NAME_EN":"MACLEHOSE TRAIL SECTION 10","TRAIL_NAME_TC":"麥理浩徑第十段","COUNTRY_PARK_EN":"TAI LAM COUNTRY PARK","COUNTRY_PARK_TC":"大欖郊野公園","UTM_GRID":"HE073779","UTM_ZONE":"49Q","trail_id_corrected_from":null,"position_may_be_inaccurate":false}},{"type":"Feature","geometry":{"type":"Point","coordinates":[113.9837,22.38235]},"properties":{"FAC_ID":"M196","TRAIL_ID":"mc_10","TRAIL_NAME_EN":"MACLEHOSE TRAIL SECTION 10","TRAIL_NAME_TC":"麥理浩徑第十段","COUNTRY_PARK_EN":"Outside Country Park and Special Area","COUNTRY_PARK_TC":"不在郊野公園及特別地區範圍","UTM_GRID":"HE072781","UTM_ZONE":"49Q","trail_id_corrected_from":null,"position_may_be_inaccurate":false}},{"type":"Feature","geometry":{"type":"Point","coordinates":[113.98371,22.38687]},"properties":{"FAC_ID":"M197","TRAIL_ID":"mc_10","TRAIL_NAME_EN":"MACLEHOSE TRAIL SECTION 10","TRAIL_NAME_TC":"麥理浩徑第十段","COUNTRY_PARK_EN":"Outside Country Park and Special Area","COUNTRY_PARK_TC":"不在郊野公園及特別地區範圍","UTM_GRID":"HE072786","UTM_ZONE":"49Q","trail_id_corrected_from":null,"position_may_be_inaccurate":false}},{"type":"Feature","geometry":{"type":"Point","coordinates":[113.98338,22.38964]},"properties":{"FAC_ID":"M198","TRAIL_ID":"mc_10","TRAIL_NAME_EN":"MACLEHOSE TRAIL SECTION 10","TRAIL_NAME_TC":"麥理浩徑第十段","COUNTRY_PARK_EN":"TAI LAM COUNTRY PARK","COUNTRY_PARK_TC":"大欖郊野公園","UTM_GRID":"HE071790","UTM_ZONE":"49Q","trail_id_corrected_from":null,"position_may_be_inaccurate":false}},{"type":"Feature","geometry":{"type":"Point","coordinates":[113.9823,22.39443]},"properties":{"FAC_ID":"M199","TRAIL_ID":"mc_10","TRAIL_NAME_EN":"MACLEHOSE TRAIL SECTION 10","TRAIL_NAME_TC":"麥理浩徑第十段","COUNTRY_PARK_EN":"Outside Country Park and Special Area","COUNTRY_PARK_TC":"不在郊野公園及特別地區範圍","UTM_GRID":"HE070795","UTM_ZONE":"49Q","trail_id_corrected_from":null,"position_may_be_inaccurate":false}},{"type":"Feature","geometry":{"type":"Point","coordinates":[113.97812,22.39522]},"properties":{"FAC_ID":"M200","TRAIL_ID":"mc_10","TRAIL_NAME_EN":"MACLEHOSE TRAIL SECTION 10","TRAIL_NAME_TC":"麥理浩徑第十段","COUNTRY_PARK_EN":"Outside Country Park and Special Area","COUNTRY_PARK_TC":"不在郊野公園及特別地區範圍","UTM_GRID":"HE066796","UTM_ZONE":"49Q","trail_id_corrected_from":null,"position_may_be_inaccurate":false}},{"type":"Feature","geometry":{"type":"Point","coordinates":[114.14907,22.27463]},"properties":{"FAC_ID":"H001","TRAIL_ID":"hk_1","TRAIL_NAME_EN":"HONG KONG TRAIL SECTION 1","TRAIL_NAME_TC":"港島徑第一段","COUNTRY_PARK_EN":"Outside Country Park and Special Area","COUNTRY_PARK_TC":"不在郊野公園及特別地區範圍","UTM_GRID":"KK062659","UTM_ZONE":"50Q","trail_id_corrected_from":null,"position_may_be_inaccurate":false}},{"type":"Feature","geometry":{"type":"Point","coordinates":[114.14817,22.27722]},"properties":{"FAC_ID":"H002","TRAIL_ID":"hk_1","TRAIL_NAME_EN":"HONG KONG TRAIL SECTION 1","TRAIL_NAME_TC":"港島徑第一段","COUNTRY_PARK_EN":"POK FU LAM COUNTRY PARK","COUNTRY_PARK_TC":"薄扶林郊野公園","UTM_GRID":"KK061662","UTM_ZONE":"50Q","trail_id_corrected_from":null,"position_may_be_inaccurate":false}},{"type":"Feature","geometry":{"type":"Point","coordinates":[114.14475,22.27775]},"properties":{"FAC_ID":"H003","TRAIL_ID":"hk_1","TRAIL_NAME_EN":"HONG KONG TRAIL SECTION 1","TRAIL_NAME_TC":"港島徑第一段","COUNTRY_PARK_EN":"Outside Country Park and Special Area","COUNTRY_PARK_TC":"不在郊野公園及特別地區範圍","UTM_GRID":"KK057663","UTM_ZONE":"50Q","trail_id_corrected_from":null,"position_may_be_inaccurate":false}},{"type":"Feature","geometry":{"type":"Point","coordinates":[114.1419,22.27609]},"properties":{"FAC_ID":"H004","TRAIL_ID":"hk_1","TRAIL_NAME_EN":"HONG KONG TRAIL SECTION 1","TRAIL_NAME_TC":"港島徑第一段","COUNTRY_PARK_EN":"Outside Country Park and Special Area","COUNTRY_PARK_TC":"不在郊野公園及特別地區範圍","UTM_GRID":"KK054661","UTM_ZONE":"50Q","trail_id_corrected_from":null,"position_may_be_inaccurate":false}},{"type":"Feature","geometry":{"type":"Point","coordinates":[114.13871,22.27444]},"properties":{"FAC_ID":"H005","TRAIL_ID":"hk_1","TRAIL_NAME_EN":"HONG KONG TRAIL SECTION 1","TRAIL_NAME_TC":"港島徑第一段","COUNTRY_PARK_EN":"Outside Country Park and Special Area","COUNTRY_PARK_TC":"不在郊野公園及特別地區範圍","UTM_GRID":"KK051659","UTM_ZONE":"50Q","trail_id_corrected_from":null,"position_may_be_inaccurate":false}},{"type":"Feature","geometry":{"type":"Point","coordinates":[114.13668,22.27334]},"properties":{"FAC_ID":"H006","TRAIL_ID":"hk_1","TRAIL_NAME_EN":"HONG KONG TRAIL SECTION 1","TRAIL_NAME_TC":"港島徑第一段","COUNTRY_PARK_EN":"LUNG FU SHAN COUNTRY PARK","COUNTRY_PARK_TC":"龍虎山郊野公園","UTM_GRID":"KK049658","UTM_ZONE":"50Q","trail_id_corrected_from":null,"position_may_be_inaccurate":false}},{"type":"Feature","geometry":{"type":"Point","coordinates":[114.13292,22.27348]},"properties":{"FAC_ID":"H007","TRAIL_ID":"hk_1","TRAIL_NAME_EN":"HONG KONG TRAIL SECTION 1","TRAIL_NAME_TC":"港島徑第一段","COUNTRY_PARK_EN":"LUNG FU SHAN COUNTRY PARK","COUNTRY_PARK_TC":"龍虎山郊野公園","UTM_GRID":"KK045659","UTM_ZONE":"50Q","trail_id_corrected_from":null,"position_may_be_inaccurate":false}},{"type":"Feature","geometry":{"type":"Point","coordinates":[114.13367,22.27007]},"properties":{"FAC_ID":"H008","TRAIL_ID":"hk_1","TRAIL_NAME_EN":"HONG KONG TRAIL SECTION 1","TRAIL_NAME_TC":"港島徑第一段","COUNTRY_PARK_EN":"POK FU LAM COUNTRY PARK","COUNTRY_PARK_TC":"薄扶林郊野公園","UTM_GRID":"KK046655","UTM_ZONE":"50Q","trail_id_corrected_from":null,"position_may_be_inaccurate":false}},{"type":"Feature","geometry":{"type":"Point","coordinates":[114.13511,22.26734]},"properties":{"FAC_ID":"H009","TRAIL_ID":"hk_1","TRAIL_NAME_EN":"HONG KONG TRAIL SECTION 1","TRAIL_NAME_TC":"港島徑第一段","COUNTRY_PARK_EN":"POK FU LAM COUNTRY PARK","COUNTRY_PARK_TC":"薄扶林郊野公園","UTM_GRID":"KK047652","UTM_ZONE":"50Q","trail_id_corrected_from":null,"position_may_be_inaccurate":false}},{"type":"Feature","geometry":{"type":"Point","coordinates":[114.13767,22.26726]},"properties":{"FAC_ID":"H010","TRAIL_ID":"hk_1","TRAIL_NAME_EN":"HONG KONG TRAIL SECTION 1","TRAIL_NAME_TC":"港島徑第一段","COUNTRY_PARK_EN":"POK FU LAM COUNTRY PARK","COUNTRY_PARK_TC":"薄扶林郊野公園","UTM_GRID":"KK050652","UTM_ZONE":"50Q","trail_id_corrected_from":null,"position_may_be_inaccurate":false}},{"type":"Feature","geometry":{"type":"Point","coordinates":[114.1399,22.26796]},"properties":{"FAC_ID":"H011","TRAIL_ID":"hk_1","TRAIL_NAME_EN":"HONG KONG TRAIL SECTION 1","TRAIL_NAME_TC":"港島徑第一段","COUNTRY_PARK_EN":"POK FU LAM COUNTRY PARK","COUNTRY_PARK_TC":"薄扶林郊野公園","UTM_GRID":"KK052652","UTM_ZONE":"50Q","trail_id_corrected_from":null,"position_may_be_inaccurate":false}},{"type":"Feature","geometry":{"type":"Point","coordinates":[114.14292,22.26855]},"properties":{"FAC_ID":"H012","TRAIL_ID":"hk_1","TRAIL_NAME_EN":"HONG KONG TRAIL SECTION 1","TRAIL_NAME_TC":"港島徑第一段","COUNTRY_PARK_EN":"POK FU LAM COUNTRY PARK","COUNTRY_PARK_TC":"薄扶林郊野公園","UTM_GRID":"KK055653","UTM_ZONE":"50Q","trail_id_corrected_from":null,"position_may_be_inaccurate":false}},{"type":"Feature","geometry":{"type":"Point","coordinates":[114.14636,22.26889]},"properties":{"FAC_ID":"H013","TRAIL_ID":"hk_1","TRAIL_NAME_EN":"HONG KONG TRAIL SECTION 1","TRAIL_NAME_TC":"港島徑第一段","COUNTRY_PARK_EN":"POK FU LAM COUNTRY PARK","COUNTRY_PARK_TC":"薄扶林郊野公園","UTM_GRID":"KK059653","UTM_ZONE":"50Q","trail_id_corrected_from":null,"position_may_be_inaccurate":false}},{"type":"Feature","geometry":{"type":"Point","coordinates":[114.14416,22.26736]},"properties":{"FAC_ID":"H014","TRAIL_ID":"hk_1","TRAIL_NAME_EN":"HONG KONG TRAIL SECTION 1","TRAIL_NAME_TC":"港島徑第一段","COUNTRY_PARK_EN":"POK FU LAM COUNTRY PARK","COUNTRY_PARK_TC":"薄扶林郊野公園","UTM_GRID":"KK056652","UTM_ZONE":"50Q","trail_id_corrected_from":null,"position_may_be_inaccurate":false}},{"type":"Feature","geometry":{"type":"Point","coordinates":[114.14151,22.26537]},"properties":{"FAC_ID":"H015","TRAIL_ID":"hk_2","TRAIL_NAME_EN":"HONG KONG TRAIL SECTION 2","TRAIL_NAME_TC":"港島徑第二段","COUNTRY_PARK_EN":"Outside Country Park and Special Area","COUNTRY_PARK_TC":"不在郊野公園及特別地區範圍","UTM_GRID":"KK054649","UTM_ZONE":"50Q","trail_id_corrected_from":null,"position_may_be_inaccurate":false}},{"type":"Feature","geometry":{"type":"Point","coordinates":[114.14172,22.26379]},"properties":{"FAC_ID":"H016","TRAIL_ID":"hk_2","TRAIL_NAME_EN":"HONG KONG TRAIL SECTION 2","TRAIL_NAME_TC":"港島徑第二段","COUNTRY_PARK_EN":"POK FU LAM COUNTRY PARK","COUNTRY_PARK_TC":"薄扶林郊野公園","UTM_GRID":"KK054648","UTM_ZONE":"50Q","trail_id_corrected_from":null,"position_may_be_inaccurate":false}},{"type":"Feature","geometry":{"type":"Point","coordinates":[114.14074,22.26081]},"properties":{"FAC_ID":"H017","TRAIL_ID":"hk_2","TRAIL_NAME_EN":"HONG KONG TRAIL SECTION 2","TRAIL_NAME_TC":"港島徑第二段","COUNTRY_PARK_EN":"Outside Country Park and Special Area","COUNTRY_PARK_TC":"不在郊野公園及特別地區範圍","UTM_GRID":"KK053644","UTM_ZONE":"50Q","trail_id_corrected_from":null,"position_may_be_inaccurate":false}},{"type":"Feature","geometry":{"type":"Point","coordinates":[114.14517,22.25942]},"properties":{"FAC_ID":"H019","TRAIL_ID":"hk_2","TRAIL_NAME_EN":"HONG KONG TRAIL SECTION 2","TRAIL_NAME_TC":"港島徑第二段","COUNTRY_PARK_EN":"POK FU LAM COUNTRY PARK","COUNTRY_PARK_TC":"薄扶林郊野公園","UTM_GRID":"KK057643","UTM_ZONE":"50Q","trail_id_corrected_from":null,"position_may_be_inaccurate":false}},{"type":"Feature","geometry":{"type":"Point","coordinates":[114.14581,22.25442]},"properties":{"FAC_ID":"H021","TRAIL_ID":"hk_2","TRAIL_NAME_EN":"HONG KONG TRAIL SECTION 2","TRAIL_NAME_TC":"港島徑第二段","COUNTRY_PARK_EN":"POK FU LAM COUNTRY PARK","COUNTRY_PARK_TC":"薄扶林郊野公園","UTM_GRID":"KK058637","UTM_ZONE":"50Q","trail_id_corrected_from":null,"position_may_be_inaccurate":false}},{"type":"Feature","geometry":{"type":"Point","coordinates":[114.1445,22.2523]},"properties":{"FAC_ID":"H022","TRAIL_ID":"hk_2","TRAIL_NAME_EN":"HONG KONG TRAIL SECTION 2","TRAIL_NAME_TC":"港島徑第二段","COUNTRY_PARK_EN":"Outside Country Park and Special Area","COUNTRY_PARK_TC":"不在郊野公園及特別地區範圍","UTM_GRID":"KK056635","UTM_ZONE":"50Q","trail_id_corrected_from":null,"position_may_be_inaccurate":false}},{"type":"Feature","geometry":{"type":"Point","coordinates":[114.14688,22.25216]},"properties":{"FAC_ID":"H023","TRAIL_ID":"hk_2","TRAIL_NAME_EN":"HONG KONG TRAIL SECTION 2","TRAIL_NAME_TC":"港島徑第二段","COUNTRY_PARK_EN":"Outside Country Park and Special Area","COUNTRY_PARK_TC":"不在郊野公園及特別地區範圍","UTM_GRID":"KK059635","UTM_ZONE":"50Q","trail_id_corrected_from":null,"position_may_be_inaccurate":false}},{"type":"Feature","geometry":{"type":"Point","coordinates":[114.15014,22.25364]},"properties":{"FAC_ID":"H024","TRAIL_ID":"hk_2","TRAIL_NAME_EN":"HONG KONG TRAIL SECTION 2","TRAIL_NAME_TC":"港島徑第二段","COUNTRY_PARK_EN":"Outside Country Park and Special Area","COUNTRY_PARK_TC":"不在郊野公園及特別地區範圍","UTM_GRID":"KK062636","UTM_ZONE":"50Q","trail_id_corrected_from":null,"position_may_be_inaccurate":false}},{"type":"Feature","geometry":{"type":"Point","coordinates":[114.1544,22.26086]},"properties":{"FAC_ID":"H027","TRAIL_ID":"hk_3","TRAIL_NAME_EN":"HONG KONG TRAIL SECTION 3","TRAIL_NAME_TC":"港島徑第三段","COUNTRY_PARK_EN":"ABERDEEN COUNTRY PARK","COUNTRY_PARK_TC":"香港仔郊野公園","UTM_GRID":"KK067644","UTM_ZONE":"50Q","trail_id_corrected_from":null,"position_may_be_inaccurate":false}},{"type":"Feature","geometry":{"type":"Point","coordinates":[114.15686,22.26055]},"properties":{"FAC_ID":"H028","TRAIL_ID":"hk_3","TRAIL_NAME_EN":"HONG KONG TRAIL SECTION 3","TRAIL_NAME_TC":"港島徑第三段","COUNTRY_PARK_EN":"ABERDEEN COUNTRY PARK","COUNTRY_PARK_TC":"香港仔郊野公園","UTM_GRID":"KK069644","UTM_ZONE":"50Q","trail_id_corrected_from":null,"position_may_be_inaccurate":false}},{"type":"Feature","geometry":{"type":"Point","coordinates":[114.15713,22.25889]},"properties":{"FAC_ID":"H029","TRAIL_ID":"hk_3","TRAIL_NAME_EN":"HONG KONG TRAIL SECTION 3","TRAIL_NAME_TC":"港島徑第三段","COUNTRY_PARK_EN":"ABERDEEN COUNTRY PARK","COUNTRY_PARK_TC":"香港仔郊野公園","UTM_GRID":"KK070642","UTM_ZONE":"50Q","trail_id_corrected_from":null,"position_may_be_inaccurate":false}},{"type":"Feature","geometry":{"type":"Point","coordinates":[114.14282,22.25998]},"properties":{"FAC_ID":"H018","TRAIL_ID":"hk_2","TRAIL_NAME_EN":"HONG KONG TRAIL SECTION 2","TRAIL_NAME_TC":"港島徑第二段","COUNTRY_PARK_EN":"POK FU LAM COUNTRY PARK","COUNTRY_PARK_TC":"薄扶林郊野公園","UTM_GRID":"KK055643","UTM_ZONE":"50Q","trail_id_corrected_from":null,"position_may_be_inaccurate":false}},{"type":"Feature","geometry":{"type":"Point","coordinates":[114.14719,22.2568]},"properties":{"FAC_ID":"H020","TRAIL_ID":"hk_2","TRAIL_NAME_EN":"HONG KONG TRAIL SECTION 2","TRAIL_NAME_TC":"港島徑第二段","COUNTRY_PARK_EN":"POK FU LAM COUNTRY PARK","COUNTRY_PARK_TC":"薄扶林郊野公園","UTM_GRID":"KK059640","UTM_ZONE":"50Q","trail_id_corrected_from":null,"position_may_be_inaccurate":false}},{"type":"Feature","geometry":{"type":"Point","coordinates":[114.15318,22.25569]},"properties":{"FAC_ID":"H025","TRAIL_ID":"hk_2","TRAIL_NAME_EN":"HONG KONG TRAIL SECTION 2","TRAIL_NAME_TC":"港島徑第二段","COUNTRY_PARK_EN":"Outside Country Park and Special Area","COUNTRY_PARK_TC":"不在郊野公園及特別地區範圍","UTM_GRID":"KK065638","UTM_ZONE":"50Q","trail_id_corrected_from":null,"position_may_be_inaccurate":false}},{"type":"Feature","geometry":{"type":"Point","coordinates":[114.15517,22.25871]},"properties":{"FAC_ID":"H026","TRAIL_ID":"hk_3","TRAIL_NAME_EN":"HONG KONG TRAIL SECTION 3","TRAIL_NAME_TC":"港島徑第三段","COUNTRY_PARK_EN":"ABERDEEN COUNTRY PARK","COUNTRY_PARK_TC":"香港仔郊野公園","UTM_GRID":"KK068642","UTM_ZONE":"50Q","trail_id_corrected_from":null,"position_may_be_inaccurate":false}},{"type":"Feature","geometry":{"type":"Point","coordinates":[114.15508,22.25588]},"properties":{"FAC_ID":"H030","TRAIL_ID":"hk_3","TRAIL_NAME_EN":"HONG KONG TRAIL SECTION 3","TRAIL_NAME_TC":"港島徑第三段","COUNTRY_PARK_EN":"ABERDEEN COUNTRY PARK","COUNTRY_PARK_TC":"香港仔郊野公園","UTM_GRID":"KK067639","UTM_ZONE":"50Q","trail_id_corrected_from":null,"position_may_be_inaccurate":false}},{"type":"Feature","geometry":{"type":"Point","coordinates":[114.15533,22.25385]},"properties":{"FAC_ID":"H031","TRAIL_ID":"hk_3","TRAIL_NAME_EN":"HONG KONG TRAIL SECTION 3","TRAIL_NAME_TC":"港島徑第三段","COUNTRY_PARK_EN":"ABERDEEN COUNTRY PARK","COUNTRY_PARK_TC":"香港仔郊野公園","UTM_GRID":"KK068636","UTM_ZONE":"50Q","trail_id_corrected_from":null,"position_may_be_inaccurate":false}},{"type":"Feature","geometry":{"type":"Point","coordinates":[114.15696,22.25477]},"properties":{"FAC_ID":"H032","TRAIL_ID":"hk_3","TRAIL_NAME_EN":"HONG KONG TRAIL SECTION 3","TRAIL_NAME_TC":"港島徑第三段","COUNTRY_PARK_EN":"ABERDEEN COUNTRY PARK","COUNTRY_PARK_TC":"香港仔郊野公園","UTM_GRID":"KK069637","UTM_ZONE":"50Q","trail_id_corrected_from":null,"position_may_be_inaccurate":false}},{"type":"Feature","geometry":{"type":"Point","coordinates":[114.15989,22.25805]},"properties":{"FAC_ID":"H033","TRAIL_ID":"hk_3","TRAIL_NAME_EN":"HONG KONG TRAIL SECTION 3","TRAIL_NAME_TC":"港島徑第三段","COUNTRY_PARK_EN":"ABERDEEN COUNTRY PARK","COUNTRY_PARK_TC":"香港仔郊野公園","UTM_GRID":"KK072641","UTM_ZONE":"50Q","trail_id_corrected_from":null,"position_may_be_inaccurate":false}},{"type":"Feature","geometry":{"type":"Point","coordinates":[114.15946,22.26285]},"properties":{"FAC_ID":"H034","TRAIL_ID":"hk_3","TRAIL_NAME_EN":"HONG KONG TRAIL SECTION 3","TRAIL_NAME_TC":"港島徑第三段","COUNTRY_PARK_EN":"ABERDEEN COUNTRY PARK","COUNTRY_PARK_TC":"香港仔郊野公園","UTM_GRID":"KK072646","UTM_ZONE":"50Q","trail_id_corrected_from":null,"position_may_be_inaccurate":false}},{"type":"Feature","geometry":{"type":"Point","coordinates":[114.16174,22.26223]},"properties":{"FAC_ID":"H035","TRAIL_ID":"hk_3","TRAIL_NAME_EN":"HONG KONG TRAIL SECTION 3","TRAIL_NAME_TC":"港島徑第三段","COUNTRY_PARK_EN":"ABERDEEN COUNTRY PARK","COUNTRY_PARK_TC":"香港仔郊野公園","UTM_GRID":"KK074645","UTM_ZONE":"50Q","trail_id_corrected_from":null,"position_may_be_inaccurate":false}},{"type":"Feature","geometry":{"type":"Point","coordinates":[114.16224,22.26055]},"properties":{"FAC_ID":"H036","TRAIL_ID":"hk_3","TRAIL_NAME_EN":"HONG KONG TRAIL SECTION 3","TRAIL_NAME_TC":"港島徑第三段","COUNTRY_PARK_EN":"ABERDEEN COUNTRY PARK","COUNTRY_PARK_TC":"香港仔郊野公園","UTM_GRID":"KK075644","UTM_ZONE":"50Q","trail_id_corrected_from":null,"position_may_be_inaccurate":false}},{"type":"Feature","geometry":{"type":"Point","coordinates":[114.16525,22.26345]},"properties":{"FAC_ID":"H037","TRAIL_ID":"hk_3","TRAIL_NAME_EN":"HONG KONG TRAIL SECTION 3","TRAIL_NAME_TC":"港島徑第三段","COUNTRY_PARK_EN":"ABERDEEN COUNTRY PARK","COUNTRY_PARK_TC":"香港仔郊野公園","UTM_GRID":"KK078647","UTM_ZONE":"50Q","trail_id_corrected_from":null,"position_may_be_inaccurate":false}},{"type":"Feature","geometry":{"type":"Point","coordinates":[114.16711,22.26485]},"properties":{"FAC_ID":"H038","TRAIL_ID":"hk_4","TRAIL_NAME_EN":"HONG KONG TRAIL SECTION 4","TRAIL_NAME_TC":"港島徑第四段","COUNTRY_PARK_EN":"ABERDEEN COUNTRY PARK","COUNTRY_PARK_TC":"香港仔郊野公園","UTM_GRID":"KK080648","UTM_ZONE":"50Q","trail_id_corrected_from":null,"position_may_be_inaccurate":false}},{"type":"Feature","geometry":{"type":"Point","coordinates":[114.1682,22.26493]},"properties":{"FAC_ID":"H039","TRAIL_ID":"hk_4","TRAIL_NAME_EN":"HONG KONG TRAIL SECTION 4","TRAIL_NAME_TC":"港島徑第四段","COUNTRY_PARK_EN":"ABERDEEN COUNTRY PARK","COUNTRY_PARK_TC":"香港仔郊野公園","UTM_GRID":"KK081648","UTM_ZONE":"50Q","trail_id_corrected_from":null,"position_may_be_inaccurate":false}},{"type":"Feature","geometry":{"type":"Point","coordinates":[114.16808,22.2585]},"properties":{"FAC_ID":"H041","TRAIL_ID":"hk_4","TRAIL_NAME_EN":"HONG KONG TRAIL SECTION 4","TRAIL_NAME_TC":"港島徑第四段","COUNTRY_PARK_EN":"ABERDEEN COUNTRY PARK","COUNTRY_PARK_TC":"香港仔郊野公園","UTM_GRID":"KK081641","UTM_ZONE":"50Q","trail_id_corrected_from":null,"position_may_be_inaccurate":false}},{"type":"Feature","geometry":{"type":"Point","coordinates":[114.16729,22.26156]},"properties":{"FAC_ID":"H040","TRAIL_ID":"hk_4","TRAIL_NAME_EN":"HONG KONG TRAIL SECTION 4","TRAIL_NAME_TC":"港島徑第四段","COUNTRY_PARK_EN":"ABERDEEN COUNTRY PARK","COUNTRY_PARK_TC":"香港仔郊野公園","UTM_GRID":"KK080645","UTM_ZONE":"50Q","trail_id_corrected_from":null,"position_may_be_inaccurate":false}},{"type":"Feature","geometry":{"type":"Point","coordinates":[114.16972,22.2566]},"properties":{"FAC_ID":"H042","TRAIL_ID":"hk_4","TRAIL_NAME_EN":"HONG KONG TRAIL SECTION 4","TRAIL_NAME_TC":"港島徑第四段","COUNTRY_PARK_EN":"Outside Country Park and Special Area","COUNTRY_PARK_TC":"不在郊野公園及特別地區範圍","UTM_GRID":"KK082639","UTM_ZONE":"50Q","trail_id_corrected_from":null,"position_may_be_inaccurate":false}},{"type":"Feature","geometry":{"type":"Point","coordinates":[114.17255,22.25426]},"properties":{"FAC_ID":"H043","TRAIL_ID":"hk_4","TRAIL_NAME_EN":"HONG KONG TRAIL SECTION 4","TRAIL_NAME_TC":"港島徑第四段","COUNTRY_PARK_EN":"Outside Country Park and Special Area","COUNTRY_PARK_TC":"不在郊野公園及特別地區範圍","UTM_GRID":"KK085636","UTM_ZONE":"50Q","trail_id_corrected_from":null,"position_may_be_inaccurate":false}},{"type":"Feature","geometry":{"type":"Point","coordinates":[114.17171,22.25704]},"properties":{"FAC_ID":"H044","TRAIL_ID":"hk_4","TRAIL_NAME_EN":"HONG KONG TRAIL SECTION 4","TRAIL_NAME_TC":"港島徑第四段","COUNTRY_PARK_EN":"ABERDEEN COUNTRY PARK","COUNTRY_PARK_TC":"香港仔郊野公園","UTM_GRID":"KK085640","UTM_ZONE":"50Q","trail_id_corrected_from":null,"position_may_be_inaccurate":false}},{"type":"Feature","geometry":{"type":"Point","coordinates":[114.17406,22.25789]},"properties":{"FAC_ID":"H045","TRAIL_ID":"hk_4","TRAIL_NAME_EN":"HONG KONG TRAIL SECTION 4","TRAIL_NAME_TC":"港島徑第四段","COUNTRY_PARK_EN":"ABERDEEN COUNTRY PARK","COUNTRY_PARK_TC":"香港仔郊野公園","UTM_GRID":"KK087640","UTM_ZONE":"50Q","trail_id_corrected_from":null,"position_may_be_inaccurate":false}},{"type":"Feature","geometry":{"type":"Point","coordinates":[114.17672,22.25941]},"properties":{"FAC_ID":"H046","TRAIL_ID":"hk_4","TRAIL_NAME_EN":"HONG KONG TRAIL SECTION 4","TRAIL_NAME_TC":"港島徑第四段","COUNTRY_PARK_EN":"ABERDEEN COUNTRY PARK","COUNTRY_PARK_TC":"香港仔郊野公園","UTM_GRID":"KK090642","UTM_ZONE":"50Q","trail_id_corrected_from":null,"position_may_be_inaccurate":false}},{"type":"Feature","geometry":{"type":"Point","coordinates":[114.18022,22.2598]},"properties":{"FAC_ID":"H047","TRAIL_ID":"hk_4","TRAIL_NAME_EN":"HONG KONG TRAIL SECTION 4","TRAIL_NAME_TC":"港島徑第四段","COUNTRY_PARK_EN":"Outside Country Park and Special Area","COUNTRY_PARK_TC":"不在郊野公園及特別地區範圍","UTM_GRID":"KK093642","UTM_ZONE":"50Q","trail_id_corrected_from":null,"position_may_be_inaccurate":false}},{"type":"Feature","geometry":{"type":"Point","coordinates":[114.18313,22.25855]},"properties":{"FAC_ID":"H048","TRAIL_ID":"hk_4","TRAIL_NAME_EN":"HONG KONG TRAIL SECTION 4","TRAIL_NAME_TC":"港島徑第四段","COUNTRY_PARK_EN":"ABERDEEN COUNTRY PARK","COUNTRY_PARK_TC":"香港仔郊野公園","UTM_GRID":"KK096641","UTM_ZONE":"50Q","trail_id_corrected_from":null,"position_may_be_inaccurate":false}},{"type":"Feature","geometry":{"type":"Point","coordinates":[114.18679,22.25712]},"properties":{"FAC_ID":"H049","TRAIL_ID":"hk_4","TRAIL_NAME_EN":"HONG KONG TRAIL SECTION 4","TRAIL_NAME_TC":"港島徑第四段","COUNTRY_PARK_EN":"Outside Country Park and Special Area","COUNTRY_PARK_TC":"不在郊野公園及特別地區範圍","UTM_GRID":"KK100639","UTM_ZONE":"50Q","trail_id_corrected_from":null,"position_may_be_inaccurate":false}},{"type":"Feature","geometry":{"type":"Point","coordinates":[114.19118,22.2584]},"properties":{"FAC_ID":"H050","TRAIL_ID":"hk_4","TRAIL_NAME_EN":"HONG KONG TRAIL SECTION 4","TRAIL_NAME_TC":"港島徑第四段","COUNTRY_PARK_EN":"Outside Country Park and Special Area","COUNTRY_PARK_TC":"不在郊野公園及特別地區範圍","UTM_GRID":"KK105641","UTM_ZONE":"50Q","trail_id_corrected_from":null,"position_may_be_inaccurate":false}},{"type":"Feature","geometry":{"type":"Point","coordinates":[114.19539,22.25747]},"properties":{"FAC_ID":"H051","TRAIL_ID":"hk_5","TRAIL_NAME_EN":"HONG KONG TRAIL SECTION 5","TRAIL_NAME_TC":"港島徑第五段","COUNTRY_PARK_EN":"TAI TAM COUNTRY PARK","COUNTRY_PARK_TC":"大潭郊野公園","UTM_GRID":"KK109640","UTM_ZONE":"50Q","trail_id_corrected_from":null,"position_may_be_inaccurate":false}},{"type":"Feature","geometry":{"type":"Point","coordinates":[114.19809,22.25817]},"properties":{"FAC_ID":"H052","TRAIL_ID":"hk_5","TRAIL_NAME_EN":"HONG KONG TRAIL SECTION 5","TRAIL_NAME_TC":"港島徑第五段","COUNTRY_PARK_EN":"Outside Country Park and Special Area","COUNTRY_PARK_TC":"不在郊野公園及特別地區範圍","UTM_GRID":"KK112640","UTM_ZONE":"50Q","trail_id_corrected_from":null,"position_may_be_inaccurate":false}},{"type":"Feature","geometry":{"type":"Point","coordinates":[114.19789,22.26058]},"properties":{"FAC_ID":"H053","TRAIL_ID":"hk_5","TRAIL_NAME_EN":"HONG KONG TRAIL SECTION 5","TRAIL_NAME_TC":"港島徑第五段","COUNTRY_PARK_EN":"TAI TAM COUNTRY PARK","COUNTRY_PARK_TC":"大潭郊野公園","UTM_GRID":"KK112643","UTM_ZONE":"50Q","trail_id_corrected_from":null,"position_may_be_inaccurate":false}},{"type":"Feature","geometry":{"type":"Point","coordinates":[114.19768,22.26501]},"properties":{"FAC_ID":"H054","TRAIL_ID":"hk_5","TRAIL_NAME_EN":"HONG KONG TRAIL SECTION 5","TRAIL_NAME_TC":"港島徑第五段","COUNTRY_PARK_EN":"TAI TAM COUNTRY PARK","COUNTRY_PARK_TC":"大潭郊野公園","UTM_GRID":"KK111648","UTM_ZONE":"50Q","trail_id_corrected_from":null,"position_may_be_inaccurate":false}},{"type":"Feature","geometry":{"type":"Point","coordinates":[114.19983,22.26642]},"properties":{"FAC_ID":"H055","TRAIL_ID":"hk_5","TRAIL_NAME_EN":"HONG KONG TRAIL SECTION 5","TRAIL_NAME_TC":"港島徑第五段","COUNTRY_PARK_EN":"TAI TAM COUNTRY PARK","COUNTRY_PARK_TC":"大潭郊野公園","UTM_GRID":"KK114649","UTM_ZONE":"50Q","trail_id_corrected_from":null,"position_may_be_inaccurate":false}},{"type":"Feature","geometry":{"type":"Point","coordinates":[114.20312,22.26753]},"properties":{"FAC_ID":"H056","TRAIL_ID":"hk_5","TRAIL_NAME_EN":"HONG KONG TRAIL SECTION 5","TRAIL_NAME_TC":"港島徑第五段","COUNTRY_PARK_EN":"Outside Country Park and Special Area","COUNTRY_PARK_TC":"不在郊野公園及特別地區範圍","UTM_GRID":"KK117651","UTM_ZONE":"50Q","trail_id_corrected_from":null,"position_may_be_inaccurate":false}},{"type":"Feature","geometry":{"type":"Point","coordinates":[114.20743,22.26913]},"properties":{"FAC_ID":"H057","TRAIL_ID":"hk_5","TRAIL_NAME_EN":"HONG KONG TRAIL SECTION 5","TRAIL_NAME_TC":"港島徑第五段","COUNTRY_PARK_EN":"Outside Country Park and Special Area","COUNTRY_PARK_TC":"不在郊野公園及特別地區範圍","UTM_GRID":"KK122652","UTM_ZONE":"50Q","trail_id_corrected_from":null,"position_may_be_inaccurate":false}},{"type":"Feature","geometry":{"type":"Point","coordinates":[114.21028,22.26837]},"properties":{"FAC_ID":"H058","TRAIL_ID":"hk_5","TRAIL_NAME_EN":"HONG KONG TRAIL SECTION 5","TRAIL_NAME_TC":"港島徑第五段","COUNTRY_PARK_EN":"TAI TAM COUNTRY PARK","COUNTRY_PARK_TC":"大潭郊野公園","UTM_GRID":"KK125651","UTM_ZONE":"50Q","trail_id_corrected_from":null,"position_may_be_inaccurate":false}},{"type":"Feature","geometry":{"type":"Point","coordinates":[114.21313,22.26697]},"properties":{"FAC_ID":"H059","TRAIL_ID":"hk_5","TRAIL_NAME_EN":"HONG KONG TRAIL SECTION 5","TRAIL_NAME_TC":"港島徑第五段","COUNTRY_PARK_EN":"TAI TAM COUNTRY PARK","COUNTRY_PARK_TC":"大潭郊野公園","UTM_GRID":"KK127650","UTM_ZONE":"50Q","trail_id_corrected_from":null,"position_may_be_inaccurate":false}},{"type":"Feature","geometry":{"type":"Point","coordinates":[114.21415,22.26593]},"properties":{"FAC_ID":"H060","TRAIL_ID":"hk_6","TRAIL_NAME_EN":"HONG KONG TRAIL SECTION 6","TRAIL_NAME_TC":"港島徑第六段","COUNTRY_PARK_EN":"TAI TAM COUNTRY PARK","COUNTRY_PARK_TC":"大潭郊野公園","UTM_GRID":"KK129649","UTM_ZONE":"50Q","trail_id_corrected_from":null,"position_may_be_inaccurate":false}},{"type":"Feature","geometry":{"type":"Point","coordinates":[114.21418,22.26308]},"properties":{"FAC_ID":"H061","TRAIL_ID":"hk_6","TRAIL_NAME_EN":"HONG KONG TRAIL SECTION 6","TRAIL_NAME_TC":"港島徑第六段","COUNTRY_PARK_EN":"TAI TAM COUNTRY PARK","COUNTRY_PARK_TC":"大潭郊野公園","UTM_GRID":"KK128645","UTM_ZONE":"50Q","trail_id_corrected_from":null,"position_may_be_inaccurate":false}},{"type":"Feature","geometry":{"type":"Point","coordinates":[114.21352,22.26048]},"properties":{"FAC_ID":"H062","TRAIL_ID":"hk_6","TRAIL_NAME_EN":"HONG KONG TRAIL SECTION 6","TRAIL_NAME_TC":"港島徑第六段","COUNTRY_PARK_EN":"TAI TAM COUNTRY PARK","COUNTRY_PARK_TC":"大潭郊野公園","UTM_GRID":"KK128643","UTM_ZONE":"50Q","trail_id_corrected_from":null,"position_may_be_inaccurate":false}},{"type":"Feature","geometry":{"type":"Point","coordinates":[114.21195,22.25862]},"properties":{"FAC_ID":"H063","TRAIL_ID":"hk_6","TRAIL_NAME_EN":"HONG KONG TRAIL SECTION 6","TRAIL_NAME_TC":"港島徑第六段","COUNTRY_PARK_EN":"TAI TAM COUNTRY PARK","COUNTRY_PARK_TC":"大潭郊野公園","UTM_GRID":"KK126641","UTM_ZONE":"50Q","trail_id_corrected_from":null,"position_may_be_inaccurate":false}},{"type":"Feature","geometry":{"type":"Point","coordinates":[114.21188,22.2564]},"properties":{"FAC_ID":"H064","TRAIL_ID":"hk_6","TRAIL_NAME_EN":"HONG KONG TRAIL SECTION 6","TRAIL_NAME_TC":"港島徑第六段","COUNTRY_PARK_EN":"TAI TAM COUNTRY PARK","COUNTRY_PARK_TC":"大潭郊野公園","UTM_GRID":"KK126638","UTM_ZONE":"50Q","trail_id_corrected_from":null,"position_may_be_inaccurate":false}},{"type":"Feature","geometry":{"type":"Point","coordinates":[114.21434,22.2533]},"properties":{"FAC_ID":"H065","TRAIL_ID":"hk_6","TRAIL_NAME_EN":"HONG KONG TRAIL SECTION 6","TRAIL_NAME_TC":"港島徑第六段","COUNTRY_PARK_EN":"TAI TAM COUNTRY PARK","COUNTRY_PARK_TC":"大潭郊野公園","UTM_GRID":"KK128635","UTM_ZONE":"50Q","trail_id_corrected_from":null,"position_may_be_inaccurate":false}},{"type":"Feature","geometry":{"type":"Point","coordinates":[114.21547,22.25167]},"properties":{"FAC_ID":"H066","TRAIL_ID":"hk_6","TRAIL_NAME_EN":"HONG KONG TRAIL SECTION 6","TRAIL_NAME_TC":"港島徑第六段","COUNTRY_PARK_EN":"TAI TAM COUNTRY PARK","COUNTRY_PARK_TC":"大潭郊野公園","UTM_GRID":"KK130633","UTM_ZONE":"50Q","trail_id_corrected_from":null,"position_may_be_inaccurate":false}},{"type":"Feature","geometry":{"type":"Point","coordinates":[114.2183,22.2517]},"properties":{"FAC_ID":"H067","TRAIL_ID":"hk_6","TRAIL_NAME_EN":"HONG KONG TRAIL SECTION 6","TRAIL_NAME_TC":"港島徑第六段","COUNTRY_PARK_EN":"TAI TAM COUNTRY PARK","COUNTRY_PARK_TC":"大潭郊野公園","UTM_GRID":"KK132633","UTM_ZONE":"50Q","trail_id_corrected_from":null,"position_may_be_inaccurate":false}},{"type":"Feature","geometry":{"type":"Point","coordinates":[114.22138,22.24809]},"properties":{"FAC_ID":"H068","TRAIL_ID":"hk_6","TRAIL_NAME_EN":"HONG KONG TRAIL SECTION 6","TRAIL_NAME_TC":"港島徑第六段","COUNTRY_PARK_EN":"TAI TAM COUNTRY PARK","COUNTRY_PARK_TC":"大潭郊野公園","UTM_GRID":"KK136629","UTM_ZONE":"50Q","trail_id_corrected_from":null,"position_may_be_inaccurate":false}},{"type":"Feature","geometry":{"type":"Point","coordinates":[114.22376,22.24797]},"properties":{"FAC_ID":"H069","TRAIL_ID":"hk_7","TRAIL_NAME_EN":"HONG KONG TRAIL SECTION 7","TRAIL_NAME_TC":"港島徑第七段","COUNTRY_PARK_EN":"Outside Country Park and Special Area","COUNTRY_PARK_TC":"不在郊野公園及特別地區範圍","UTM_GRID":"KK138629","UTM_ZONE":"50Q","trail_id_corrected_from":null,"position_may_be_inaccurate":false}},{"type":"Feature","geometry":{"type":"Point","coordinates":[114.22611,22.25077]},"properties":{"FAC_ID":"H070","TRAIL_ID":"hk_7","TRAIL_NAME_EN":"HONG KONG TRAIL SECTION 7","TRAIL_NAME_TC":"港島徑第七段","COUNTRY_PARK_EN":"Outside Country Park and Special Area","COUNTRY_PARK_TC":"不在郊野公園及特別地區範圍","UTM_GRID":"KK141632","UTM_ZONE":"50Q","trail_id_corrected_from":null,"position_may_be_inaccurate":false}},{"type":"Feature","geometry":{"type":"Point","coordinates":[114.22764,22.25141]},"properties":{"FAC_ID":"H071","TRAIL_ID":"hk_7","TRAIL_NAME_EN":"HONG KONG TRAIL SECTION 7","TRAIL_NAME_TC":"港島徑第七段","COUNTRY_PARK_EN":"Outside Country Park and Special Area","COUNTRY_PARK_TC":"不在郊野公園及特別地區範圍","UTM_GRID":"KK142632","UTM_ZONE":"50Q","trail_id_corrected_from":null,"position_may_be_inaccurate":false}},{"type":"Feature","geometry":{"type":"Point","coordinates":[114.22658,22.2492]},"properties":{"FAC_ID":"H072","TRAIL_ID":"hk_7","TRAIL_NAME_EN":"HONG KONG TRAIL SECTION 7","TRAIL_NAME_TC":"港島徑第七段","COUNTRY_PARK_EN":"Outside Country Park and Special Area","COUNTRY_PARK_TC":"不在郊野公園及特別地區範圍","UTM_GRID":"KK141630","UTM_ZONE":"50Q","trail_id_corrected_from":null,"position_may_be_inaccurate":false}},{"type":"Feature","geometry":{"type":"Point","coordinates":[114.22635,22.2463]},"properties":{"FAC_ID":"H073","TRAIL_ID":"hk_7","TRAIL_NAME_EN":"HONG KONG TRAIL SECTION 7","TRAIL_NAME_TC":"港島徑第七段","COUNTRY_PARK_EN":"Outside Country Park and Special Area","COUNTRY_PARK_TC":"不在郊野公園及特別地區範圍","UTM_GRID":"KK141627","UTM_ZONE":"50Q","trail_id_corrected_from":null,"position_may_be_inaccurate":false}},{"type":"Feature","geometry":{"type":"Point","coordinates":[114.22859,22.24271]},"properties":{"FAC_ID":"H074","TRAIL_ID":"hk_7","TRAIL_NAME_EN":"HONG KONG TRAIL SECTION 7","TRAIL_NAME_TC":"港島徑第七段","COUNTRY_PARK_EN":"SHEK O COUNTRY PARK","COUNTRY_PARK_TC":"石澳郊野公園","UTM_GRID":"KK143623","UTM_ZONE":"50Q","trail_id_corrected_from":null,"position_may_be_inaccurate":false}},{"type":"Feature","geometry":{"type":"Point","coordinates":[114.23209,22.2414]},"properties":{"FAC_ID":"H075","TRAIL_ID":"hk_7","TRAIL_NAME_EN":"HONG KONG TRAIL SECTION 7","TRAIL_NAME_TC":"港島徑第七段","COUNTRY_PARK_EN":"SHEK O COUNTRY PARK","COUNTRY_PARK_TC":"石澳郊野公園","UTM_GRID":"KK147621","UTM_ZONE":"50Q","trail_id_corrected_from":null,"position_may_be_inaccurate":false}},{"type":"Feature","geometry":{"type":"Point","coordinates":[114.23214,22.24356]},"properties":{"FAC_ID":"H076","TRAIL_ID":"hk_7","TRAIL_NAME_EN":"HONG KONG TRAIL SECTION 7","TRAIL_NAME_TC":"港島徑第七段","COUNTRY_PARK_EN":"SHEK O COUNTRY PARK","COUNTRY_PARK_TC":"石澳郊野公園","UTM_GRID":"KK147623","UTM_ZONE":"50Q","trail_id_corrected_from":null,"position_may_be_inaccurate":false}},{"type":"Feature","geometry":{"type":"Point","coordinates":[114.23105,22.24688]},"properties":{"FAC_ID":"H077","TRAIL_ID":"hk_7","TRAIL_NAME_EN":"HONG KONG TRAIL SECTION 7","TRAIL_NAME_TC":"港島徑第七段","COUNTRY_PARK_EN":"SHEK O COUNTRY PARK","COUNTRY_PARK_TC":"石澳郊野公園","UTM_GRID":"KK146627","UTM_ZONE":"50Q","trail_id_corrected_from":null,"position_may_be_inaccurate":false}},{"type":"Feature","geometry":{"type":"Point","coordinates":[114.23312,22.24425]},"properties":{"FAC_ID":"H078","TRAIL_ID":"hk_7","TRAIL_NAME_EN":"HONG KONG TRAIL SECTION 7","TRAIL_NAME_TC":"港島徑第七段","COUNTRY_PARK_EN":"SHEK O COUNTRY PARK","COUNTRY_PARK_TC":"石澳郊野公園","UTM_GRID":"KK148624","UTM_ZONE":"50Q","trail_id_corrected_from":null,"position_may_be_inaccurate":false}},{"type":"Feature","geometry":{"type":"Point","coordinates":[114.23672,22.24195]},"properties":{"FAC_ID":"H079","TRAIL_ID":"hk_7","TRAIL_NAME_EN":"HONG KONG TRAIL SECTION 7","TRAIL_NAME_TC":"港島徑第七段","COUNTRY_PARK_EN":"SHEK O COUNTRY PARK","COUNTRY_PARK_TC":"石澳郊野公園","UTM_GRID":"KK151622","UTM_ZONE":"50Q","trail_id_corrected_from":null,"position_may_be_inaccurate":false}},{"type":"Feature","geometry":{"type":"Point","coordinates":[114.23662,22.23913]},"properties":{"FAC_ID":"H080","TRAIL_ID":"hk_7","TRAIL_NAME_EN":"HONG KONG TRAIL SECTION 7","TRAIL_NAME_TC":"港島徑第七段","COUNTRY_PARK_EN":"SHEK O COUNTRY PARK","COUNTRY_PARK_TC":"石澳郊野公園","UTM_GRID":"KK151618","UTM_ZONE":"50Q","trail_id_corrected_from":null,"position_may_be_inaccurate":false}},{"type":"Feature","geometry":{"type":"Point","coordinates":[114.23607,22.23609]},"properties":{"FAC_ID":"H081","TRAIL_ID":"hk_7","TRAIL_NAME_EN":"HONG KONG TRAIL SECTION 7","TRAIL_NAME_TC":"港島徑第七段","COUNTRY_PARK_EN":"SHEK O COUNTRY PARK","COUNTRY_PARK_TC":"石澳郊野公園","UTM_GRID":"KK150615","UTM_ZONE":"50Q","trail_id_corrected_from":null,"position_may_be_inaccurate":false}},{"type":"Feature","geometry":{"type":"Point","coordinates":[114.23722,22.23295]},"properties":{"FAC_ID":"H082","TRAIL_ID":"hk_7","TRAIL_NAME_EN":"HONG KONG TRAIL SECTION 7","TRAIL_NAME_TC":"港島徑第七段","COUNTRY_PARK_EN":"Outside Country Park and Special Area","COUNTRY_PARK_TC":"不在郊野公園及特別地區範圍","UTM_GRID":"KK152612","UTM_ZONE":"50Q","trail_id_corrected_from":null,"position_may_be_inaccurate":false}},{"type":"Feature","geometry":{"type":"Point","coordinates":[114.23698,22.22853]},"properties":{"FAC_ID":"H083","TRAIL_ID":"hk_7","TRAIL_NAME_EN":"HONG KONG TRAIL SECTION 7","TRAIL_NAME_TC":"港島徑第七段","COUNTRY_PARK_EN":"SHEK O COUNTRY PARK","COUNTRY_PARK_TC":"石澳郊野公園","UTM_GRID":"KK151607","UTM_ZONE":"50Q","trail_id_corrected_from":null,"position_may_be_inaccurate":false}},{"type":"Feature","geometry":{"type":"Point","coordinates":[114.23864,22.2271]},"properties":{"FAC_ID":"H084","TRAIL_ID":"hk_7","TRAIL_NAME_EN":"HONG KONG TRAIL SECTION 7","TRAIL_NAME_TC":"港島徑第七段","COUNTRY_PARK_EN":"SHEK O COUNTRY PARK","COUNTRY_PARK_TC":"石澳郊野公園","UTM_GRID":"KK153605","UTM_ZONE":"50Q","trail_id_corrected_from":null,"position_may_be_inaccurate":false}},{"type":"Feature","geometry":{"type":"Point","coordinates":[114.24109,22.22936]},"properties":{"FAC_ID":"H085","TRAIL_ID":"hk_8","TRAIL_NAME_EN":"HONG KONG TRAIL SECTION 8","TRAIL_NAME_TC":"港島徑第八段","COUNTRY_PARK_EN":"SHEK O COUNTRY PARK","COUNTRY_PARK_TC":"石澳郊野公園","UTM_GRID":"KK156608","UTM_ZONE":"50Q","trail_id_corrected_from":null,"position_may_be_inaccurate":false}},{"type":"Feature","geometry":{"type":"Point","coordinates":[114.24397,22.23061]},"properties":{"FAC_ID":"H086","TRAIL_ID":"hk_8","TRAIL_NAME_EN":"HONG KONG TRAIL SECTION 8","TRAIL_NAME_TC":"港島徑第八段","COUNTRY_PARK_EN":"SHEK O COUNTRY PARK","COUNTRY_PARK_TC":"石澳郊野公園","UTM_GRID":"KK159609","UTM_ZONE":"50Q","trail_id_corrected_from":null,"position_may_be_inaccurate":false}},{"type":"Feature","geometry":{"type":"Point","coordinates":[114.24373,22.2346]},"properties":{"FAC_ID":"H087","TRAIL_ID":"hk_8","TRAIL_NAME_EN":"HONG KONG TRAIL SECTION 8","TRAIL_NAME_TC":"港島徑第八段","COUNTRY_PARK_EN":"SHEK O COUNTRY PARK","COUNTRY_PARK_TC":"石澳郊野公園","UTM_GRID":"KK158613","UTM_ZONE":"50Q","trail_id_corrected_from":null,"position_may_be_inaccurate":false}},{"type":"Feature","geometry":{"type":"Point","coordinates":[114.2414,22.24153]},"properties":{"FAC_ID":"H089","TRAIL_ID":"hk_8","TRAIL_NAME_EN":"HONG KONG TRAIL SECTION 8","TRAIL_NAME_TC":"港島徑第八段","COUNTRY_PARK_EN":"SHEK O COUNTRY PARK","COUNTRY_PARK_TC":"石澳郊野公園","UTM_GRID":"KK156621","UTM_ZONE":"50Q","trail_id_corrected_from":null,"position_may_be_inaccurate":false}},{"type":"Feature","geometry":{"type":"Point","coordinates":[114.23892,22.24396]},"properties":{"FAC_ID":"H090","TRAIL_ID":"hk_8","TRAIL_NAME_EN":"HONG KONG TRAIL SECTION 8","TRAIL_NAME_TC":"港島徑第八段","COUNTRY_PARK_EN":"SHEK O COUNTRY PARK","COUNTRY_PARK_TC":"石澳郊野公園","UTM_GRID":"KK154624","UTM_ZONE":"50Q","trail_id_corrected_from":null,"position_may_be_inaccurate":false}},{"type":"Feature","geometry":{"type":"Point","coordinates":[114.23635,22.24667]},"properties":{"FAC_ID":"H091","TRAIL_ID":"hk_8","TRAIL_NAME_EN":"HONG KONG TRAIL SECTION 8","TRAIL_NAME_TC":"港島徑第八段","COUNTRY_PARK_EN":"SHEK O COUNTRY PARK","COUNTRY_PARK_TC":"石澳郊野公園","UTM_GRID":"KK151627","UTM_ZONE":"50Q","trail_id_corrected_from":null,"position_may_be_inaccurate":false}},{"type":"Feature","geometry":{"type":"Point","coordinates":[114.24266,22.23784]},"properties":{"FAC_ID":"H088","TRAIL_ID":"hk_8","TRAIL_NAME_EN":"HONG KONG TRAIL SECTION 8","TRAIL_NAME_TC":"港島徑第八段","COUNTRY_PARK_EN":"SHEK O COUNTRY PARK","COUNTRY_PARK_TC":"石澳郊野公園","UTM_GRID":"KK157617","UTM_ZONE":"50Q","trail_id_corrected_from":null,"position_may_be_inaccurate":false}},{"type":"Feature","geometry":{"type":"Point","coordinates":[114.23489,22.24816]},"properties":{"FAC_ID":"H092","TRAIL_ID":"hk_8","TRAIL_NAME_EN":"HONG KONG TRAIL SECTION 8","TRAIL_NAME_TC":"港島徑第八段","COUNTRY_PARK_EN":"SHEK O COUNTRY PARK","COUNTRY_PARK_TC":"石澳郊野公園","UTM_GRID":"KK150628","UTM_ZONE":"50Q","trail_id_corrected_from":null,"position_may_be_inaccurate":false}},{"type":"Feature","geometry":{"type":"Point","coordinates":[114.23293,22.25502]},"properties":{"FAC_ID":"H094","TRAIL_ID":"hk_8","TRAIL_NAME_EN":"HONG KONG TRAIL SECTION 8","TRAIL_NAME_TC":"港島徑第八段","COUNTRY_PARK_EN":"SHEK O COUNTRY PARK","COUNTRY_PARK_TC":"石澳郊野公園","UTM_GRID":"KK148636","UTM_ZONE":"50Q","trail_id_corrected_from":null,"position_may_be_inaccurate":false}},{"type":"Feature","geometry":{"type":"Point","coordinates":[114.23658,22.25728]},"properties":{"FAC_ID":"H095","TRAIL_ID":"hk_8","TRAIL_NAME_EN":"HONG KONG TRAIL SECTION 8","TRAIL_NAME_TC":"港島徑第八段","COUNTRY_PARK_EN":"SHEK O COUNTRY PARK","COUNTRY_PARK_TC":"石澳郊野公園","UTM_GRID":"KK151639","UTM_ZONE":"50Q","trail_id_corrected_from":null,"position_may_be_inaccurate":false}},{"type":"Feature","geometry":{"type":"Point","coordinates":[114.23969,22.25626]},"properties":{"FAC_ID":"H096","TRAIL_ID":"hk_8","TRAIL_NAME_EN":"HONG KONG TRAIL SECTION 8","TRAIL_NAME_TC":"港島徑第八段","COUNTRY_PARK_EN":"SHEK O COUNTRY PARK","COUNTRY_PARK_TC":"石澳郊野公園","UTM_GRID":"KK155637","UTM_ZONE":"50Q","trail_id_corrected_from":null,"position_may_be_inaccurate":false}},{"type":"Feature","geometry":{"type":"Point","coordinates":[114.24178,22.25496]},"properties":{"FAC_ID":"H097","TRAIL_ID":"hk_8","TRAIL_NAME_EN":"HONG KONG TRAIL SECTION 8","TRAIL_NAME_TC":"港島徑第八段","COUNTRY_PARK_EN":"SHEK O COUNTRY PARK","COUNTRY_PARK_TC":"石澳郊野公園","UTM_GRID":"KK157636","UTM_ZONE":"50Q","trail_id_corrected_from":null,"position_may_be_inaccurate":false}},{"type":"Feature","geometry":{"type":"Point","coordinates":[114.24558,22.25178]},"properties":{"FAC_ID":"H098","TRAIL_ID":"hk_8","TRAIL_NAME_EN":"HONG KONG TRAIL SECTION 8","TRAIL_NAME_TC":"港島徑第八段","COUNTRY_PARK_EN":"SHEK O COUNTRY PARK","COUNTRY_PARK_TC":"石澳郊野公園","UTM_GRID":"KK161632","UTM_ZONE":"50Q","trail_id_corrected_from":null,"position_may_be_inaccurate":false}},{"type":"Feature","geometry":{"type":"Point","coordinates":[114.24558,22.24975]},"properties":{"FAC_ID":"H099","TRAIL_ID":"hk_8","TRAIL_NAME_EN":"HONG KONG TRAIL SECTION 8","TRAIL_NAME_TC":"港島徑第八段","COUNTRY_PARK_EN":"Outside Country Park and Special Area","COUNTRY_PARK_TC":"不在郊野公園及特別地區範圍","UTM_GRID":"KK161630","UTM_ZONE":"50Q","trail_id_corrected_from":null,"position_may_be_inaccurate":false}},{"type":"Feature","geometry":{"type":"Point","coordinates":[114.24506,22.24747]},"properties":{"FAC_ID":"H100","TRAIL_ID":"hk_8","TRAIL_NAME_EN":"HONG KONG TRAIL SECTION 8","TRAIL_NAME_TC":"港島徑第八段","COUNTRY_PARK_EN":"Outside Country Park and Special Area","COUNTRY_PARK_TC":"不在郊野公園及特別地區範圍","UTM_GRID":"KK160628","UTM_ZONE":"50Q","trail_id_corrected_from":null,"position_may_be_inaccurate":false}},{"type":"Feature","geometry":{"type":"Point","coordinates":[114.23156,22.25139]},"properties":{"FAC_ID":"H093","TRAIL_ID":"hk_8","TRAIL_NAME_EN":"HONG KONG TRAIL SECTION 8","TRAIL_NAME_TC":"港島徑第八段","COUNTRY_PARK_EN":"SHEK O COUNTRY PARK","COUNTRY_PARK_TC":"石澳郊野公園","UTM_GRID":"KK146632","UTM_ZONE":"50Q","trail_id_corrected_from":null,"position_may_be_inaccurate":false}},{"type":"Feature","geometry":{"type":"Point","coordinates":[113.99998,22.26405]},"properties":{"FAC_ID":"L001","TRAIL_ID":"lt_1","TRAIL_NAME_EN":"LANTAU TRAIL SECTION 1","TRAIL_NAME_TC":"鳳凰徑第一段","COUNTRY_PARK_EN":"Outside Country Park and Special Area","COUNTRY_PARK_TC":"不在郊野公園及特別地區範圍","UTM_GRID":"HE091651","UTM_ZONE":"49Q","trail_id_corrected_from":null,"position_may_be_inaccurate":false}},{"type":"Feature","geometry":{"type":"Point","coordinates":[113.99699,22.26275]},"properties":{"FAC_ID":"L002","TRAIL_ID":"lt_1","TRAIL_NAME_EN":"LANTAU TRAIL SECTION 1","TRAIL_NAME_TC":"鳳凰徑第一段","COUNTRY_PARK_EN":"Outside Country Park and Special Area","COUNTRY_PARK_TC":"不在郊野公園及特別地區範圍","UTM_GRID":"HE088649","UTM_ZONE":"49Q","trail_id_corrected_from":null,"position_may_be_inaccurate":false}},{"type":"Feature","geometry":{"type":"Point","coordinates":[113.99529,22.26003]},"properties":{"FAC_ID":"L003","TRAIL_ID":"lt_1","TRAIL_NAME_EN":"LANTAU TRAIL SECTION 1","TRAIL_NAME_TC":"鳳凰徑第一段","COUNTRY_PARK_EN":"Outside Country Park and Special Area","COUNTRY_PARK_TC":"不在郊野公園及特別地區範圍","UTM_GRID":"HE087646","UTM_ZONE":"49Q","trail_id_corrected_from":null,"position_may_be_inaccurate":false}},{"type":"Feature","geometry":{"type":"Point","coordinates":[113.99159,22.25762]},"properties":{"FAC_ID":"L004","TRAIL_ID":"lt_1","TRAIL_NAME_EN":"LANTAU TRAIL SECTION 1","TRAIL_NAME_TC":"鳳凰徑第一段","COUNTRY_PARK_EN":"Outside Country Park and Special Area","COUNTRY_PARK_TC":"不在郊野公園及特別地區範圍","UTM_GRID":"HE083643","UTM_ZONE":"49Q","trail_id_corrected_from":null,"position_may_be_inaccurate":false}},{"type":"Feature","geometry":{"type":"Point","coordinates":[113.98397,22.2579]},"properties":{"FAC_ID":"L006","TRAIL_ID":"lt_2","TRAIL_NAME_EN":"LANTAU TRAIL SECTION 2","TRAIL_NAME_TC":"鳳凰徑第二段","COUNTRY_PARK_EN":"LANTAU NORTH COUNTRY PARK","COUNTRY_PARK_TC":"北大嶼郊野公園","UTM_GRID":"HE075644","UTM_ZONE":"49Q","trail_id_corrected_from":null,"position_may_be_inaccurate":false}},{"type":"Feature","geometry":{"type":"Point","coordinates":[113.98202,22.25808]},"properties":{"FAC_ID":"L007","TRAIL_ID":"lt_2","TRAIL_NAME_EN":"LANTAU TRAIL SECTION 2","TRAIL_NAME_TC":"鳳凰徑第二段","COUNTRY_PARK_EN":"LANTAU NORTH COUNTRY PARK","COUNTRY_PARK_TC":"北大嶼郊野公園","UTM_GRID":"HE073644","UTM_ZONE":"49Q","trail_id_corrected_from":null,"position_may_be_inaccurate":false}},{"type":"Feature","geometry":{"type":"Point","coordinates":[113.97977,22.25928]},"properties":{"FAC_ID":"L008","TRAIL_ID":"lt_2","TRAIL_NAME_EN":"LANTAU TRAIL SECTION 2","TRAIL_NAME_TC":"鳳凰徑第二段","COUNTRY_PARK_EN":"LANTAU NORTH COUNTRY PARK","COUNTRY_PARK_TC":"北大嶼郊野公園","UTM_GRID":"HE071645","UTM_ZONE":"49Q","trail_id_corrected_from":null,"position_may_be_inaccurate":false}},{"type":"Feature","geometry":{"type":"Point","coordinates":[113.97721,22.26104]},"properties":{"FAC_ID":"L009","TRAIL_ID":"lt_2","TRAIL_NAME_EN":"LANTAU TRAIL SECTION 2","TRAIL_NAME_TC":"鳳凰徑第二段","COUNTRY_PARK_EN":"LANTAU SOUTH COUNTRY PARK","COUNTRY_PARK_TC":"南大嶼郊野公園","UTM_GRID":"HE068647","UTM_ZONE":"49Q","trail_id_corrected_from":null,"position_may_be_inaccurate":false}},{"type":"Feature","geometry":{"type":"Point","coordinates":[113.97314,22.26117]},"properties":{"FAC_ID":"L010","TRAIL_ID":"lt_2","TRAIL_NAME_EN":"LANTAU TRAIL SECTION 2","TRAIL_NAME_TC":"鳳凰徑第二段","COUNTRY_PARK_EN":"LANTAU SOUTH COUNTRY PARK","COUNTRY_PARK_TC":"南大嶼郊野公園","UTM_GRID":"HE064647","UTM_ZONE":"49Q","trail_id_corrected_from":null,"position_may_be_inaccurate":false}},{"type":"Feature","geometry":{"type":"Point","coordinates":[113.9881,22.25646]},"properties":{"FAC_ID":"L005","TRAIL_ID":"lt_2","TRAIL_NAME_EN":"LANTAU TRAIL SECTION 2","TRAIL_NAME_TC":"鳳凰徑第二段","COUNTRY_PARK_EN":"Outside Country Park and Special Area","COUNTRY_PARK_TC":"不在郊野公園及特別地區範圍","UTM_GRID":"HE079642","UTM_ZONE":"49Q","trail_id_corrected_from":null,"position_may_be_inaccurate":false}},{"type":"Feature","geometry":{"type":"Point","coordinates":[113.96739,22.2612]},"properties":{"FAC_ID":"L011","TRAIL_ID":"lt_2","TRAIL_NAME_EN":"LANTAU TRAIL SECTION 2","TRAIL_NAME_TC":"鳳凰徑第二段","COUNTRY_PARK_EN":"LANTAU SOUTH COUNTRY PARK","COUNTRY_PARK_TC":"南大嶼郊野公園","UTM_GRID":"HE058647","UTM_ZONE":"49Q","trail_id_corrected_from":null,"position_may_be_inaccurate":false}},{"type":"Feature","geometry":{"type":"Point","coordinates":[113.96302,22.26094]},"properties":{"FAC_ID":"L012","TRAIL_ID":"lt_2","TRAIL_NAME_EN":"LANTAU TRAIL SECTION 2","TRAIL_NAME_TC":"鳳凰徑第二段","COUNTRY_PARK_EN":"LANTAU NORTH COUNTRY PARK","COUNTRY_PARK_TC":"北大嶼郊野公園","UTM_GRID":"HE053647","UTM_ZONE":"49Q","trail_id_corrected_from":null,"position_may_be_inaccurate":false}},{"type":"Feature","geometry":{"type":"Point","coordinates":[113.95998,22.25844]},"properties":{"FAC_ID":"L013","TRAIL_ID":"lt_2","TRAIL_NAME_EN":"LANTAU TRAIL SECTION 2","TRAIL_NAME_TC":"鳳凰徑第二段","COUNTRY_PARK_EN":"LANTAU NORTH COUNTRY PARK","COUNTRY_PARK_TC":"北大嶼郊野公園","UTM_GRID":"HE050644","UTM_ZONE":"49Q","trail_id_corrected_from":null,"position_may_be_inaccurate":false}},{"type":"Feature","geometry":{"type":"Point","coordinates":[113.95715,22.2566]},"properties":{"FAC_ID":"L014","TRAIL_ID":"lt_2","TRAIL_NAME_EN":"LANTAU TRAIL SECTION 2","TRAIL_NAME_TC":"鳳凰徑第二段","COUNTRY_PARK_EN":"LANTAU SOUTH COUNTRY PARK","COUNTRY_PARK_TC":"南大嶼郊野公園","UTM_GRID":"HE047642","UTM_ZONE":"49Q","trail_id_corrected_from":null,"position_may_be_inaccurate":false}},{"type":"Feature","geometry":{"type":"Point","coordinates":[113.95327,22.25443]},"properties":{"FAC_ID":"L015","TRAIL_ID":"lt_2","TRAIL_NAME_EN":"LANTAU TRAIL SECTION 2","TRAIL_NAME_TC":"鳳凰徑第二段","COUNTRY_PARK_EN":"LANTAU SOUTH COUNTRY PARK","COUNTRY_PARK_TC":"南大嶼郊野公園","UTM_GRID":"HE043639","UTM_ZONE":"49Q","trail_id_corrected_from":null,"position_may_be_inaccurate":false}},{"type":"Feature","geometry":{"type":"Point","coordinates":[113.95044,22.25208]},"properties":{"FAC_ID":"L016","TRAIL_ID":"lt_2","TRAIL_NAME_EN":"LANTAU TRAIL SECTION 2","TRAIL_NAME_TC":"鳳凰徑第二段","COUNTRY_PARK_EN":"LANTAU SOUTH COUNTRY PARK","COUNTRY_PARK_TC":"南大嶼郊野公園","UTM_GRID":"HE041636","UTM_ZONE":"49Q","trail_id_corrected_from":null,"position_may_be_inaccurate":false}},{"type":"Feature","geometry":{"type":"Point","coordinates":[113.94633,22.25068]},"properties":{"FAC_ID":"L017","TRAIL_ID":"lt_2","TRAIL_NAME_EN":"LANTAU TRAIL SECTION 2","TRAIL_NAME_TC":"鳳凰徑第二段","COUNTRY_PARK_EN":"LANTAU SOUTH COUNTRY PARK","COUNTRY_PARK_TC":"南大嶼郊野公園","UTM_GRID":"HE036635","UTM_ZONE":"49Q","trail_id_corrected_from":null,"position_may_be_inaccurate":false}},{"type":"Feature","geometry":{"type":"Point","coordinates":[113.94298,22.24823]},"properties":{"FAC_ID":"L018","TRAIL_ID":"lt_3","TRAIL_NAME_EN":"LANTAU TRAIL SECTION 3","TRAIL_NAME_TC":"鳳凰徑第三段","COUNTRY_PARK_EN":"LANTAU SOUTH COUNTRY PARK","COUNTRY_PARK_TC":"南大嶼郊野公園","UTM_GRID":"HE033632","UTM_ZONE":"49Q","trail_id_corrected_from":null,"position_may_be_inaccurate":false}},{"type":"Feature","geometry":{"type":"Point","coordinates":[113.93913,22.24765]},"properties":{"FAC_ID":"L019","TRAIL_ID":"lt_3","TRAIL_NAME_EN":"LANTAU TRAIL SECTION 3","TRAIL_NAME_TC":"鳳凰徑第三段","COUNTRY_PARK_EN":"LANTAU SOUTH COUNTRY PARK","COUNTRY_PARK_TC":"南大嶼郊野公園","UTM_GRID":"HE029631","UTM_ZONE":"49Q","trail_id_corrected_from":null,"position_may_be_inaccurate":false}},{"type":"Feature","geometry":{"type":"Point","coordinates":[113.93657,22.24579]},"properties":{"FAC_ID":"L020","TRAIL_ID":"lt_3","TRAIL_NAME_EN":"LANTAU TRAIL SECTION 3","TRAIL_NAME_TC":"鳳凰徑第三段","COUNTRY_PARK_EN":"LANTAU SOUTH COUNTRY PARK","COUNTRY_PARK_TC":"南大嶼郊野公園","UTM_GRID":"HE026629","UTM_ZONE":"49Q","trail_id_corrected_from":null,"position_may_be_inaccurate":false}},{"type":"Feature","geometry":{"type":"Point","coordinates":[113.93377,22.24801]},"properties":{"FAC_ID":"L021","TRAIL_ID":"lt_3","TRAIL_NAME_EN":"LANTAU TRAIL SECTION 3","TRAIL_NAME_TC":"鳳凰徑第三段","COUNTRY_PARK_EN":"LANTAU SOUTH COUNTRY PARK","COUNTRY_PARK_TC":"南大嶼郊野公園","UTM_GRID":"HE023632","UTM_ZONE":"49Q","trail_id_corrected_from":null,"position_may_be_inaccurate":false}},{"type":"Feature","geometry":{"type":"Point","coordinates":[113.93076,22.24887]},"properties":{"FAC_ID":"L022","TRAIL_ID":"lt_3","TRAIL_NAME_EN":"LANTAU TRAIL SECTION 3","TRAIL_NAME_TC":"鳳凰徑第三段","COUNTRY_PARK_EN":"LANTAU SOUTH COUNTRY PARK","COUNTRY_PARK_TC":"南大嶼郊野公園","UTM_GRID":"HE020633","UTM_ZONE":"49Q","trail_id_corrected_from":null,"position_may_be_inaccurate":false}},{"type":"Feature","geometry":{"type":"Point","coordinates":[113.92604,22.24887]},"properties":{"FAC_ID":"L023","TRAIL_ID":"lt_3","TRAIL_NAME_EN":"LANTAU TRAIL SECTION 3","TRAIL_NAME_TC":"鳳凰徑第三段","COUNTRY_PARK_EN":"LANTAU SOUTH COUNTRY PARK","COUNTRY_PARK_TC":"南大嶼郊野公園","UTM_GRID":"HE015632","UTM_ZONE":"49Q","trail_id_corrected_from":null,"position_may_be_inaccurate":false}},{"type":"Feature","geometry":{"type":"Point","coordinates":[113.92204,22.24872]},"properties":{"FAC_ID":"L024","TRAIL_ID":"lt_3","TRAIL_NAME_EN":"LANTAU TRAIL SECTION 3","TRAIL_NAME_TC":"鳳凰徑第三段","COUNTRY_PARK_EN":"LANTAU SOUTH COUNTRY PARK","COUNTRY_PARK_TC":"南大嶼郊野公園","UTM_GRID":"HE011632","UTM_ZONE":"49Q","trail_id_corrected_from":null,"position_may_be_inaccurate":false}},{"type":"Feature","geometry":{"type":"Point","coordinates":[113.91809,22.24675]},"properties":{"FAC_ID":"L025","TRAIL_ID":"lt_3","TRAIL_NAME_EN":"LANTAU TRAIL SECTION 3","TRAIL_NAME_TC":"鳳凰徑第三段","COUNTRY_PARK_EN":"LANTAU SOUTH COUNTRY PARK","COUNTRY_PARK_TC":"南大嶼郊野公園","UTM_GRID":"HE007630","UTM_ZONE":"49Q","trail_id_corrected_from":null,"position_may_be_inaccurate":false}},{"type":"Feature","geometry":{"type":"Point","coordinates":[113.9144,22.24857]},"properties":{"FAC_ID":"L026","TRAIL_ID":"lt_3","TRAIL_NAME_EN":"LANTAU TRAIL SECTION 3","TRAIL_NAME_TC":"鳳凰徑第三段","COUNTRY_PARK_EN":"LANTAU SOUTH COUNTRY PARK","COUNTRY_PARK_TC":"南大嶼郊野公園","UTM_GRID":"HE003632","UTM_ZONE":"49Q","trail_id_corrected_from":null,"position_may_be_inaccurate":false}},{"type":"Feature","geometry":{"type":"Point","coordinates":[113.9123,22.25268]},"properties":{"FAC_ID":"L027","TRAIL_ID":"lt_3","TRAIL_NAME_EN":"LANTAU TRAIL SECTION 3","TRAIL_NAME_TC":"鳳凰徑第三段","COUNTRY_PARK_EN":"Excluded Area","COUNTRY_PARK_TC":"不包括地區","UTM_GRID":"HE001636","UTM_ZONE":"49Q","trail_id_corrected_from":null,"position_may_be_inaccurate":false}},{"type":"Feature","geometry":{"type":"Point","coordinates":[113.91409,22.25642]},"properties":{"FAC_ID":"L028","TRAIL_ID":"lt_4","TRAIL_NAME_EN":"LANTAU TRAIL SECTION 4","TRAIL_NAME_TC":"鳳凰徑第四段","COUNTRY_PARK_EN":"LANTAU NORTH COUNTRY PARK","COUNTRY_PARK_TC":"北大嶼郊野公園","UTM_GRID":"HE003641","UTM_ZONE":"49Q","trail_id_corrected_from":null,"position_may_be_inaccurate":false}},{"type":"Feature","geometry":{"type":"Point","coordinates":[113.90803,22.25896]},"properties":{"FAC_ID":"L029","TRAIL_ID":"lt_4","TRAIL_NAME_EN":"LANTAU TRAIL SECTION 4","TRAIL_NAME_TC":"鳳凰徑第四段","COUNTRY_PARK_EN":"LANTAU NORTH COUNTRY PARK","COUNTRY_PARK_TC":"北大嶼郊野公園","UTM_GRID":"GE997643","UTM_ZONE":"49Q","trail_id_corrected_from":null,"position_may_be_inaccurate":false}},{"type":"Feature","geometry":{"type":"Point","coordinates":[113.90514,22.25944]},"properties":{"FAC_ID":"L030","TRAIL_ID":"lt_4","TRAIL_NAME_EN":"LANTAU TRAIL SECTION 4","TRAIL_NAME_TC":"鳳凰徑第四段","COUNTRY_PARK_EN":"LANTAU NORTH COUNTRY PARK","COUNTRY_PARK_TC":"北大嶼郊野公園","UTM_GRID":"GE994644","UTM_ZONE":"49Q","trail_id_corrected_from":null,"position_may_be_inaccurate":false}},{"type":"Feature","geometry":{"type":"Point","coordinates":[113.90179,22.25719]},"properties":{"FAC_ID":"L031","TRAIL_ID":"lt_4","TRAIL_NAME_EN":"LANTAU TRAIL SECTION 4","TRAIL_NAME_TC":"鳳凰徑第四段","COUNTRY_PARK_EN":"LANTAU NORTH COUNTRY PARK","COUNTRY_PARK_TC":"北大嶼郊野公園","UTM_GRID":"GE990641","UTM_ZONE":"49Q","trail_id_corrected_from":null,"position_may_be_inaccurate":false}},{"type":"Feature","geometry":{"type":"Point","coordinates":[113.90112,22.254]},"properties":{"FAC_ID":"L032","TRAIL_ID":"lt_4","TRAIL_NAME_EN":"LANTAU TRAIL SECTION 4","TRAIL_NAME_TC":"鳳凰徑第四段","COUNTRY_PARK_EN":"LANTAU NORTH COUNTRY PARK","COUNTRY_PARK_TC":"北大嶼郊野公園","UTM_GRID":"GE990638","UTM_ZONE":"49Q","trail_id_corrected_from":null,"position_may_be_inaccurate":false}},{"type":"Feature","geometry":{"type":"Point","coordinates":[113.89706,22.24874]},"properties":{"FAC_ID":"L033","TRAIL_ID":"lt_4","TRAIL_NAME_EN":"LANTAU TRAIL SECTION 4","TRAIL_NAME_TC":"鳳凰徑第四段","COUNTRY_PARK_EN":"LANTAU SOUTH COUNTRY PARK","COUNTRY_PARK_TC":"南大嶼郊野公園","UTM_GRID":"GE986632","UTM_ZONE":"49Q","trail_id_corrected_from":null,"position_may_be_inaccurate":false}},{"type":"Feature","geometry":{"type":"Point","coordinates":[113.8922,22.24952]},"properties":{"FAC_ID":"L034","TRAIL_ID":"lt_4","TRAIL_NAME_EN":"LANTAU TRAIL SECTION 4","TRAIL_NAME_TC":"鳳凰徑第四段","COUNTRY_PARK_EN":"Excluded Area","COUNTRY_PARK_TC":"不包括地區","UTM_GRID":"GE981632","UTM_ZONE":"49Q","trail_id_corrected_from":null,"position_may_be_inaccurate":false}},{"type":"Feature","geometry":{"type":"Point","coordinates":[113.89167,22.24468]},"properties":{"FAC_ID":"L035","TRAIL_ID":"lt_5","TRAIL_NAME_EN":"LANTAU TRAIL SECTION 5","TRAIL_NAME_TC":"鳳凰徑第五段","COUNTRY_PARK_EN":"LANTAU SOUTH COUNTRY PARK","COUNTRY_PARK_TC":"南大嶼郊野公園","UTM_GRID":"GE980627","UTM_ZONE":"49Q","trail_id_corrected_from":null,"position_may_be_inaccurate":false}},{"type":"Feature","geometry":{"type":"Point","coordinates":[113.89013,22.24281]},"properties":{"FAC_ID":"L036","TRAIL_ID":"lt_5","TRAIL_NAME_EN":"LANTAU TRAIL SECTION 5","TRAIL_NAME_TC":"鳳凰徑第五段","COUNTRY_PARK_EN":"LANTAU SOUTH COUNTRY PARK","COUNTRY_PARK_TC":"南大嶼郊野公園","UTM_GRID":"GE979625","UTM_ZONE":"49Q","trail_id_corrected_from":null,"position_may_be_inaccurate":false}},{"type":"Feature","geometry":{"type":"Point","coordinates":[113.88841,22.24034]},"properties":{"FAC_ID":"L037","TRAIL_ID":"lt_5","TRAIL_NAME_EN":"LANTAU TRAIL SECTION 5","TRAIL_NAME_TC":"鳳凰徑第五段","COUNTRY_PARK_EN":"LANTAU SOUTH COUNTRY PARK","COUNTRY_PARK_TC":"南大嶼郊野公園","UTM_GRID":"GE977622","UTM_ZONE":"49Q","trail_id_corrected_from":null,"position_may_be_inaccurate":false}},{"type":"Feature","geometry":{"type":"Point","coordinates":[113.88642,22.23759]},"properties":{"FAC_ID":"L038","TRAIL_ID":"lt_5","TRAIL_NAME_EN":"LANTAU TRAIL SECTION 5","TRAIL_NAME_TC":"鳳凰徑第五段","COUNTRY_PARK_EN":"LANTAU SOUTH COUNTRY PARK","COUNTRY_PARK_TC":"南大嶼郊野公園","UTM_GRID":"GE975619","UTM_ZONE":"49Q","trail_id_corrected_from":null,"position_may_be_inaccurate":false}},{"type":"Feature","geometry":{"type":"Point","coordinates":[113.88247,22.23319]},"properties":{"FAC_ID":"L039","TRAIL_ID":"lt_5","TRAIL_NAME_EN":"LANTAU TRAIL SECTION 5","TRAIL_NAME_TC":"鳳凰徑第五段","COUNTRY_PARK_EN":"LANTAU SOUTH COUNTRY PARK","COUNTRY_PARK_TC":"南大嶼郊野公園","UTM_GRID":"GE971614","UTM_ZONE":"49Q","trail_id_corrected_from":null,"position_may_be_inaccurate":false}},{"type":"Feature","geometry":{"type":"Point","coordinates":[113.87922,22.23158]},"properties":{"FAC_ID":"L040","TRAIL_ID":"lt_5","TRAIL_NAME_EN":"LANTAU TRAIL SECTION 5","TRAIL_NAME_TC":"鳳凰徑第五段","COUNTRY_PARK_EN":"LANTAU SOUTH COUNTRY PARK","COUNTRY_PARK_TC":"南大嶼郊野公園","UTM_GRID":"GE968612","UTM_ZONE":"49Q","trail_id_corrected_from":null,"position_may_be_inaccurate":false}},{"type":"Feature","geometry":{"type":"Point","coordinates":[113.87407,22.23074]},"properties":{"FAC_ID":"L041","TRAIL_ID":"lt_5","TRAIL_NAME_EN":"LANTAU TRAIL SECTION 5","TRAIL_NAME_TC":"鳳凰徑第五段","COUNTRY_PARK_EN":"LANTAU SOUTH COUNTRY PARK","COUNTRY_PARK_TC":"南大嶼郊野公園","UTM_GRID":"GE962611","UTM_ZONE":"49Q","trail_id_corrected_from":null,"position_may_be_inaccurate":false}},{"type":"Feature","geometry":{"type":"Point","coordinates":[113.87269,22.22825]},"properties":{"FAC_ID":"L042","TRAIL_ID":"lt_5","TRAIL_NAME_EN":"LANTAU TRAIL SECTION 5","TRAIL_NAME_TC":"鳳凰徑第五段","COUNTRY_PARK_EN":"LANTAU SOUTH COUNTRY PARK","COUNTRY_PARK_TC":"南大嶼郊野公園","UTM_GRID":"GE961609","UTM_ZONE":"49Q","trail_id_corrected_from":null,"position_may_be_inaccurate":false}},{"type":"Feature","geometry":{"type":"Point","coordinates":[113.86975,22.22409]},"properties":{"FAC_ID":"L043","TRAIL_ID":"lt_5","TRAIL_NAME_EN":"LANTAU TRAIL SECTION 5","TRAIL_NAME_TC":"鳳凰徑第五段","COUNTRY_PARK_EN":"LANTAU SOUTH COUNTRY PARK","COUNTRY_PARK_TC":"南大嶼郊野公園","UTM_GRID":"GE958604","UTM_ZONE":"49Q","trail_id_corrected_from":null,"position_may_be_inaccurate":false}},{"type":"Feature","geometry":{"type":"Point","coordinates":[113.86754,22.22146]},"properties":{"FAC_ID":"L044","TRAIL_ID":"lt_5","TRAIL_NAME_EN":"LANTAU TRAIL SECTION 5","TRAIL_NAME_TC":"鳳凰徑第五段","COUNTRY_PARK_EN":"LANTAU SOUTH COUNTRY PARK","COUNTRY_PARK_TC":"南大嶼郊野公園","UTM_GRID":"GE956601","UTM_ZONE":"49Q","trail_id_corrected_from":null,"position_may_be_inaccurate":false}},{"type":"Feature","geometry":{"type":"Point","coordinates":[113.86453,22.21984]},"properties":{"FAC_ID":"L045","TRAIL_ID":"lt_5","TRAIL_NAME_EN":"LANTAU TRAIL SECTION 5","TRAIL_NAME_TC":"鳳凰徑第五段","COUNTRY_PARK_EN":"LANTAU SOUTH COUNTRY PARK","COUNTRY_PARK_TC":"南大嶼郊野公園","UTM_GRID":"GE953599","UTM_ZONE":"49Q","trail_id_corrected_from":null,"position_may_be_inaccurate":false}},{"type":"Feature","geometry":{"type":"Point","coordinates":[113.86525,22.22355]},"properties":{"FAC_ID":"L046","TRAIL_ID":"lt_5","TRAIL_NAME_EN":"LANTAU TRAIL SECTION 5","TRAIL_NAME_TC":"鳳凰徑第五段","COUNTRY_PARK_EN":"LANTAU SOUTH COUNTRY PARK","COUNTRY_PARK_TC":"南大嶼郊野公園","UTM_GRID":"GE953603","UTM_ZONE":"49Q","trail_id_corrected_from":null,"position_may_be_inaccurate":false}},{"type":"Feature","geometry":{"type":"Point","coordinates":[113.86681,22.22657]},"properties":{"FAC_ID":"L047","TRAIL_ID":"lt_5","TRAIL_NAME_EN":"LANTAU TRAIL SECTION 5","TRAIL_NAME_TC":"鳳凰徑第五段","COUNTRY_PARK_EN":"LANTAU SOUTH COUNTRY PARK","COUNTRY_PARK_TC":"南大嶼郊野公園","UTM_GRID":"GE955607","UTM_ZONE":"49Q","trail_id_corrected_from":null,"position_may_be_inaccurate":false}},{"type":"Feature","geometry":{"type":"Point","coordinates":[113.86756,22.2287]},"properties":{"FAC_ID":"L048","TRAIL_ID":"lt_5","TRAIL_NAME_EN":"LANTAU TRAIL SECTION 5","TRAIL_NAME_TC":"鳳凰徑第五段","COUNTRY_PARK_EN":"LANTAU SOUTH COUNTRY PARK","COUNTRY_PARK_TC":"南大嶼郊野公園","UTM_GRID":"GE956609","UTM_ZONE":"49Q","trail_id_corrected_from":null,"position_may_be_inaccurate":false}},{"type":"Feature","geometry":{"type":"Point","coordinates":[113.8674,22.23219]},"properties":{"FAC_ID":"L049","TRAIL_ID":"lt_5","TRAIL_NAME_EN":"LANTAU TRAIL SECTION 5","TRAIL_NAME_TC":"鳳凰徑第五段","COUNTRY_PARK_EN":"LANTAU NORTH COUNTRY PARK","COUNTRY_PARK_TC":"北大嶼郊野公園","UTM_GRID":"GE955613","UTM_ZONE":"49Q","trail_id_corrected_from":null,"position_may_be_inaccurate":false}},{"type":"Feature","geometry":{"type":"Point","coordinates":[113.87025,22.23498]},"properties":{"FAC_ID":"L050","TRAIL_ID":"lt_6","TRAIL_NAME_EN":"LANTAU TRAIL SECTION 6","TRAIL_NAME_TC":"鳳凰徑第六段","COUNTRY_PARK_EN":"LANTAU SOUTH COUNTRY PARK","COUNTRY_PARK_TC":"南大嶼郊野公園","UTM_GRID":"GE958616","UTM_ZONE":"49Q","trail_id_corrected_from":null,"position_may_be_inaccurate":true}},{"type":"Feature","geometry":{"type":"Point","coordinates":[113.87054,22.23894]},"properties":{"FAC_ID":"L051","TRAIL_ID":"lt_6","TRAIL_NAME_EN":"LANTAU TRAIL SECTION 6","TRAIL_NAME_TC":"鳳凰徑第六段","COUNTRY_PARK_EN":"LANTAU SOUTH COUNTRY PARK","COUNTRY_PARK_TC":"南大嶼郊野公園","UTM_GRID":"GE958620","UTM_ZONE":"49Q","trail_id_corrected_from":null,"position_may_be_inaccurate":false}},{"type":"Feature","geometry":{"type":"Point","coordinates":[113.86983,22.24263]},"properties":{"FAC_ID":"L052","TRAIL_ID":"lt_6","TRAIL_NAME_EN":"LANTAU TRAIL SECTION 6","TRAIL_NAME_TC":"鳳凰徑第六段","COUNTRY_PARK_EN":"LANTAU NORTH COUNTRY PARK","COUNTRY_PARK_TC":"北大嶼郊野公園","UTM_GRID":"GE958624","UTM_ZONE":"49Q","trail_id_corrected_from":null,"position_may_be_inaccurate":false}},{"type":"Feature","geometry":{"type":"Point","coordinates":[113.86898,22.24541]},"properties":{"FAC_ID":"L053","TRAIL_ID":"lt_6","TRAIL_NAME_EN":"LANTAU TRAIL SECTION 6","TRAIL_NAME_TC":"鳳凰徑第六段","COUNTRY_PARK_EN":"Outside Country Park and Special Area","COUNTRY_PARK_TC":"不在郊野公園及特別地區範圍","UTM_GRID":"GE957627","UTM_ZONE":"49Q","trail_id_corrected_from":null,"position_may_be_inaccurate":false}},{"type":"Feature","geometry":{"type":"Point","coordinates":[113.86671,22.24674]},"properties":{"FAC_ID":"L054","TRAIL_ID":"lt_6","TRAIL_NAME_EN":"LANTAU TRAIL SECTION 6","TRAIL_NAME_TC":"鳳凰徑第六段","COUNTRY_PARK_EN":"Outside Country Park and Special Area","COUNTRY_PARK_TC":"不在郊野公園及特別地區範圍","UTM_GRID":"GE954629","UTM_ZONE":"49Q","trail_id_corrected_from":null,"position_may_be_inaccurate":false}},{"type":"Feature","geometry":{"type":"Point","coordinates":[113.86357,22.24801]},"properties":{"FAC_ID":"L055","TRAIL_ID":"lt_7","TRAIL_NAME_EN":"LANTAU TRAIL SECTION 7","TRAIL_NAME_TC":"鳳凰徑第七段","COUNTRY_PARK_EN":"Outside Country Park and Special Area","COUNTRY_PARK_TC":"不在郊野公園及特別地區範圍","UTM_GRID":"GE951630","UTM_ZONE":"49Q","trail_id_corrected_from":null,"position_may_be_inaccurate":false}},{"type":"Feature","geometry":{"type":"Point","coordinates":[113.86049,22.24593]},"properties":{"FAC_ID":"L056","TRAIL_ID":"lt_7","TRAIL_NAME_EN":"LANTAU TRAIL SECTION 7","TRAIL_NAME_TC":"鳳凰徑第七段","COUNTRY_PARK_EN":"Outside Country Park and Special Area","COUNTRY_PARK_TC":"不在郊野公園及特別地區範圍","UTM_GRID":"GE948628","UTM_ZONE":"49Q","trail_id_corrected_from":null,"position_may_be_inaccurate":false}},{"type":"Feature","geometry":{"type":"Point","coordinates":[113.85581,22.24468]},"properties":{"FAC_ID":"L057","TRAIL_ID":"lt_7","TRAIL_NAME_EN":"LANTAU TRAIL SECTION 7","TRAIL_NAME_TC":"鳳凰徑第七段","COUNTRY_PARK_EN":"LANTAU NORTH COUNTRY PARK","COUNTRY_PARK_TC":"北大嶼郊野公園","UTM_GRID":"GE943626","UTM_ZONE":"49Q","trail_id_corrected_from":null,"position_may_be_inaccurate":false}},{"type":"Feature","geometry":{"type":"Point","coordinates":[113.85207,22.24297]},"properties":{"FAC_ID":"L058","TRAIL_ID":"lt_7","TRAIL_NAME_EN":"LANTAU TRAIL SECTION 7","TRAIL_NAME_TC":"鳳凰徑第七段","COUNTRY_PARK_EN":"LANTAU NORTH COUNTRY PARK","COUNTRY_PARK_TC":"北大嶼郊野公園","UTM_GRID":"GE939624","UTM_ZONE":"49Q","trail_id_corrected_from":null,"position_may_be_inaccurate":false}},{"type":"Feature","geometry":{"type":"Point","coordinates":[113.85189,22.24001]},"properties":{"FAC_ID":"L059","TRAIL_ID":"lt_7","TRAIL_NAME_EN":"LANTAU TRAIL SECTION 7","TRAIL_NAME_TC":"鳳凰徑第七段","COUNTRY_PARK_EN":"LANTAU NORTH COUNTRY PARK","COUNTRY_PARK_TC":"北大嶼郊野公園","UTM_GRID":"GE939621","UTM_ZONE":"49Q","trail_id_corrected_from":null,"position_may_be_inaccurate":false}},{"type":"Feature","geometry":{"type":"Point","coordinates":[113.85283,22.23643]},"properties":{"FAC_ID":"L060","TRAIL_ID":"lt_7","TRAIL_NAME_EN":"LANTAU TRAIL SECTION 7","TRAIL_NAME_TC":"鳳凰徑第七段","COUNTRY_PARK_EN":"Outside Country Park and Special Area","COUNTRY_PARK_TC":"不在郊野公園及特別地區範圍","UTM_GRID":"GE940617","UTM_ZONE":"49Q","trail_id_corrected_from":null,"position_may_be_inaccurate":false}},{"type":"Feature","geometry":{"type":"Point","coordinates":[113.85275,22.23342]},"properties":{"FAC_ID":"L061","TRAIL_ID":"lt_7","TRAIL_NAME_EN":"LANTAU TRAIL SECTION 7","TRAIL_NAME_TC":"鳳凰徑第七段","COUNTRY_PARK_EN":"Outside Country Park and Special Area","COUNTRY_PARK_TC":"不在郊野公園及特別地區範圍","UTM_GRID":"GE940614","UTM_ZONE":"49Q","trail_id_corrected_from":null,"position_may_be_inaccurate":false}},{"type":"Feature","geometry":{"type":"Point","coordinates":[113.84999,22.23063]},"properties":{"FAC_ID":"L062","TRAIL_ID":"lt_7","TRAIL_NAME_EN":"LANTAU TRAIL SECTION 7","TRAIL_NAME_TC":"鳳凰徑第七段","COUNTRY_PARK_EN":"Outside Country Park and Special Area","COUNTRY_PARK_TC":"不在郊野公園及特別地區範圍","UTM_GRID":"GE937611","UTM_ZONE":"49Q","trail_id_corrected_from":null,"position_may_be_inaccurate":false}},{"type":"Feature","geometry":{"type":"Point","coordinates":[113.84534,22.22131]},"properties":{"FAC_ID":"L065","TRAIL_ID":"lt_7","TRAIL_NAME_EN":"LANTAU TRAIL SECTION 7","TRAIL_NAME_TC":"鳳凰徑第七段","COUNTRY_PARK_EN":"LANTAU SOUTH COUNTRY PARK","COUNTRY_PARK_TC":"南大嶼郊野公園","UTM_GRID":"GE933600","UTM_ZONE":"49Q","trail_id_corrected_from":null,"position_may_be_inaccurate":false}},{"type":"Feature","geometry":{"type":"Point","coordinates":[113.84364,22.21803]},"properties":{"FAC_ID":"L066","TRAIL_ID":"lt_7","TRAIL_NAME_EN":"LANTAU TRAIL SECTION 7","TRAIL_NAME_TC":"鳳凰徑第七段","COUNTRY_PARK_EN":"Excluded Area","COUNTRY_PARK_TC":"不包括地區","UTM_GRID":"GE931597","UTM_ZONE":"49Q","trail_id_corrected_from":null,"position_may_be_inaccurate":false}},{"type":"Feature","geometry":{"type":"Point","coordinates":[113.8437,22.21334]},"properties":{"FAC_ID":"L067","TRAIL_ID":"lt_7","TRAIL_NAME_EN":"LANTAU TRAIL SECTION 7","TRAIL_NAME_TC":"鳳凰徑第七段","COUNTRY_PARK_EN":"LANTAU SOUTH COUNTRY PARK","COUNTRY_PARK_TC":"南大嶼郊野公園","UTM_GRID":"GE931591","UTM_ZONE":"49Q","trail_id_corrected_from":null,"position_may_be_inaccurate":false}},{"type":"Feature","geometry":{"type":"Point","coordinates":[113.84546,22.21091]},"properties":{"FAC_ID":"L068","TRAIL_ID":"lt_7","TRAIL_NAME_EN":"LANTAU TRAIL SECTION 7","TRAIL_NAME_TC":"鳳凰徑第七段","COUNTRY_PARK_EN":"Excluded Area","COUNTRY_PARK_TC":"不包括地區","UTM_GRID":"GE933589","UTM_ZONE":"49Q","trail_id_corrected_from":null,"position_may_be_inaccurate":false}},{"type":"Feature","geometry":{"type":"Point","coordinates":[113.84709,22.20717]},"properties":{"FAC_ID":"L069","TRAIL_ID":"lt_7","TRAIL_NAME_EN":"LANTAU TRAIL SECTION 7","TRAIL_NAME_TC":"鳳凰徑第七段","COUNTRY_PARK_EN":"Excluded Area","COUNTRY_PARK_TC":"不包括地區","UTM_GRID":"GE935585","UTM_ZONE":"49Q","trail_id_corrected_from":null,"position_may_be_inaccurate":false}},{"type":"Feature","geometry":{"type":"Point","coordinates":[113.84943,22.20332]},"properties":{"FAC_ID":"L070","TRAIL_ID":"lt_7","TRAIL_NAME_EN":"LANTAU TRAIL SECTION 7","TRAIL_NAME_TC":"鳳凰徑第七段","COUNTRY_PARK_EN":"Outside Country Park and Special Area","COUNTRY_PARK_TC":"不在郊野公園及特別地區範圍","UTM_GRID":"GE937580","UTM_ZONE":"49Q","trail_id_corrected_from":null,"position_may_be_inaccurate":false}},{"type":"Feature","geometry":{"type":"Point","coordinates":[113.85398,22.2031]},"properties":{"FAC_ID":"L071","TRAIL_ID":"lt_7","TRAIL_NAME_EN":"LANTAU TRAIL SECTION 7","TRAIL_NAME_TC":"鳳凰徑第七段","COUNTRY_PARK_EN":"LANTAU SOUTH COUNTRY PARK","COUNTRY_PARK_TC":"南大嶼郊野公園","UTM_GRID":"GE942580","UTM_ZONE":"49Q","trail_id_corrected_from":null,"position_may_be_inaccurate":false}},{"type":"Feature","geometry":{"type":"Point","coordinates":[113.85837,22.20444]},"properties":{"FAC_ID":"L072","TRAIL_ID":"lt_7","TRAIL_NAME_EN":"LANTAU TRAIL SECTION 7","TRAIL_NAME_TC":"鳳凰徑第七段","COUNTRY_PARK_EN":"LANTAU SOUTH COUNTRY PARK","COUNTRY_PARK_TC":"南大嶼郊野公園","UTM_GRID":"GE947582","UTM_ZONE":"49Q","trail_id_corrected_from":null,"position_may_be_inaccurate":false}},{"type":"Feature","geometry":{"type":"Point","coordinates":[113.86018,22.20722]},"properties":{"FAC_ID":"L073","TRAIL_ID":"lt_7","TRAIL_NAME_EN":"LANTAU TRAIL SECTION 7","TRAIL_NAME_TC":"鳳凰徑第七段","COUNTRY_PARK_EN":"LANTAU SOUTH COUNTRY PARK","COUNTRY_PARK_TC":"南大嶼郊野公園","UTM_GRID":"GE948585","UTM_ZONE":"49Q","trail_id_corrected_from":null,"position_may_be_inaccurate":false}},{"type":"Feature","geometry":{"type":"Point","coordinates":[113.86118,22.21131]},"properties":{"FAC_ID":"L074","TRAIL_ID":"lt_7","TRAIL_NAME_EN":"LANTAU TRAIL SECTION 7","TRAIL_NAME_TC":"鳳凰徑第七段","COUNTRY_PARK_EN":"LANTAU SOUTH COUNTRY PARK","COUNTRY_PARK_TC":"南大嶼郊野公園","UTM_GRID":"GE949590","UTM_ZONE":"49Q","trail_id_corrected_from":null,"position_may_be_inaccurate":false}},{"type":"Feature","geometry":{"type":"Point","coordinates":[113.86428,22.20987]},"properties":{"FAC_ID":"L075","TRAIL_ID":"lt_7","TRAIL_NAME_EN":"LANTAU TRAIL SECTION 7","TRAIL_NAME_TC":"鳳凰徑第七段","COUNTRY_PARK_EN":"LANTAU SOUTH COUNTRY PARK","COUNTRY_PARK_TC":"南大嶼郊野公園","UTM_GRID":"GE953588","UTM_ZONE":"49Q","trail_id_corrected_from":null,"position_may_be_inaccurate":false}},{"type":"Feature","geometry":{"type":"Point","coordinates":[113.86979,22.21035]},"properties":{"FAC_ID":"L077","TRAIL_ID":"lt_8","TRAIL_NAME_EN":"LANTAU TRAIL SECTION 8","TRAIL_NAME_TC":"鳳凰徑第八段","COUNTRY_PARK_EN":"LANTAU SOUTH COUNTRY PARK","COUNTRY_PARK_TC":"南大嶼郊野公園","UTM_GRID":"GE958589","UTM_ZONE":"49Q","trail_id_corrected_from":null,"position_may_be_inaccurate":false}},{"type":"Feature","geometry":{"type":"Point","coordinates":[113.87218,22.21128]},"properties":{"FAC_ID":"L078","TRAIL_ID":"lt_8","TRAIL_NAME_EN":"LANTAU TRAIL SECTION 8","TRAIL_NAME_TC":"鳳凰徑第八段","COUNTRY_PARK_EN":"LANTAU SOUTH COUNTRY PARK","COUNTRY_PARK_TC":"南大嶼郊野公園","UTM_GRID":"GE961590","UTM_ZONE":"49Q","trail_id_corrected_from":null,"position_may_be_inaccurate":false}},{"type":"Feature","geometry":{"type":"Point","coordinates":[113.87451,22.21448]},"properties":{"FAC_ID":"L079","TRAIL_ID":"lt_8","TRAIL_NAME_EN":"LANTAU TRAIL SECTION 8","TRAIL_NAME_TC":"鳳凰徑第八段","COUNTRY_PARK_EN":"LANTAU SOUTH COUNTRY PARK","COUNTRY_PARK_TC":"南大嶼郊野公園","UTM_GRID":"GE963593","UTM_ZONE":"49Q","trail_id_corrected_from":null,"position_may_be_inaccurate":false}},{"type":"Feature","geometry":{"type":"Point","coordinates":[113.87748,22.21606]},"properties":{"FAC_ID":"L080","TRAIL_ID":"lt_8","TRAIL_NAME_EN":"LANTAU TRAIL SECTION 8","TRAIL_NAME_TC":"鳳凰徑第八段","COUNTRY_PARK_EN":"LANTAU SOUTH COUNTRY PARK","COUNTRY_PARK_TC":"南大嶼郊野公園","UTM_GRID":"GE966595","UTM_ZONE":"49Q","trail_id_corrected_from":null,"position_may_be_inaccurate":false}},{"type":"Feature","geometry":{"type":"Point","coordinates":[113.87984,22.21812]},"properties":{"FAC_ID":"L081","TRAIL_ID":"lt_8","TRAIL_NAME_EN":"LANTAU TRAIL SECTION 8","TRAIL_NAME_TC":"鳳凰徑第八段","COUNTRY_PARK_EN":"LANTAU SOUTH COUNTRY PARK","COUNTRY_PARK_TC":"南大嶼郊野公園","UTM_GRID":"GE968597","UTM_ZONE":"49Q","trail_id_corrected_from":null,"position_may_be_inaccurate":false}},{"type":"Feature","geometry":{"type":"Point","coordinates":[113.88023,22.2207]},"properties":{"FAC_ID":"L082","TRAIL_ID":"lt_8","TRAIL_NAME_EN":"LANTAU TRAIL SECTION 8","TRAIL_NAME_TC":"鳳凰徑第八段","COUNTRY_PARK_EN":"LANTAU SOUTH COUNTRY PARK","COUNTRY_PARK_TC":"南大嶼郊野公園","UTM_GRID":"GE969600","UTM_ZONE":"49Q","trail_id_corrected_from":null,"position_may_be_inaccurate":false}},{"type":"Feature","geometry":{"type":"Point","coordinates":[113.88023,22.22339]},"properties":{"FAC_ID":"L083","TRAIL_ID":"lt_8","TRAIL_NAME_EN":"LANTAU TRAIL SECTION 8","TRAIL_NAME_TC":"鳳凰徑第八段","COUNTRY_PARK_EN":"LANTAU SOUTH COUNTRY PARK","COUNTRY_PARK_TC":"南大嶼郊野公園","UTM_GRID":"GE969603","UTM_ZONE":"49Q","trail_id_corrected_from":null,"position_may_be_inaccurate":false}},{"type":"Feature","geometry":{"type":"Point","coordinates":[113.88398,22.22404]},"properties":{"FAC_ID":"L084","TRAIL_ID":"lt_8","TRAIL_NAME_EN":"LANTAU TRAIL SECTION 8","TRAIL_NAME_TC":"鳳凰徑第八段","COUNTRY_PARK_EN":"LANTAU SOUTH COUNTRY PARK","COUNTRY_PARK_TC":"南大嶼郊野公園","UTM_GRID":"GE973604","UTM_ZONE":"49Q","trail_id_corrected_from":null,"position_may_be_inaccurate":false}},{"type":"Feature","geometry":{"type":"Point","coordinates":[113.88789,22.22526]},"properties":{"FAC_ID":"L085","TRAIL_ID":"lt_8","TRAIL_NAME_EN":"LANTAU TRAIL SECTION 8","TRAIL_NAME_TC":"鳳凰徑第八段","COUNTRY_PARK_EN":"LANTAU SOUTH COUNTRY PARK","COUNTRY_PARK_TC":"南大嶼郊野公園","UTM_GRID":"GE977606","UTM_ZONE":"49Q","trail_id_corrected_from":null,"position_may_be_inaccurate":false}},{"type":"Feature","geometry":{"type":"Point","coordinates":[113.89028,22.22536]},"properties":{"FAC_ID":"L086","TRAIL_ID":"lt_8","TRAIL_NAME_EN":"LANTAU TRAIL SECTION 8","TRAIL_NAME_TC":"鳳凰徑第八段","COUNTRY_PARK_EN":"LANTAU SOUTH COUNTRY PARK","COUNTRY_PARK_TC":"南大嶼郊野公園","UTM_GRID":"GE979606","UTM_ZONE":"49Q","trail_id_corrected_from":null,"position_may_be_inaccurate":false}},{"type":"Feature","geometry":{"type":"Point","coordinates":[113.89095,22.22842]},"properties":{"FAC_ID":"L087","TRAIL_ID":"lt_9","TRAIL_NAME_EN":"LANTAU TRAIL SECTION 9","TRAIL_NAME_TC":"鳳凰徑第九段","COUNTRY_PARK_EN":"LANTAU SOUTH COUNTRY PARK","COUNTRY_PARK_TC":"南大嶼郊野公園","UTM_GRID":"GE980609","UTM_ZONE":"49Q","trail_id_corrected_from":null,"position_may_be_inaccurate":false}},{"type":"Feature","geometry":{"type":"Point","coordinates":[113.89461,22.22778]},"properties":{"FAC_ID":"L088","TRAIL_ID":"lt_9","TRAIL_NAME_EN":"LANTAU TRAIL SECTION 9","TRAIL_NAME_TC":"鳳凰徑第九段","COUNTRY_PARK_EN":"LANTAU SOUTH COUNTRY PARK","COUNTRY_PARK_TC":"南大嶼郊野公園","UTM_GRID":"GE983608","UTM_ZONE":"49Q","trail_id_corrected_from":null,"position_may_be_inaccurate":false}},{"type":"Feature","geometry":{"type":"Point","coordinates":[113.89805,22.2259]},"properties":{"FAC_ID":"L089","TRAIL_ID":"lt_9","TRAIL_NAME_EN":"LANTAU TRAIL SECTION 9","TRAIL_NAME_TC":"鳳凰徑第九段","COUNTRY_PARK_EN":"LANTAU SOUTH COUNTRY PARK","COUNTRY_PARK_TC":"南大嶼郊野公園","UTM_GRID":"GE987606","UTM_ZONE":"49Q","trail_id_corrected_from":null,"position_may_be_inaccurate":false}},{"type":"Feature","geometry":{"type":"Point","coordinates":[113.89946,22.22072]},"properties":{"FAC_ID":"L090","TRAIL_ID":"lt_9","TRAIL_NAME_EN":"LANTAU TRAIL SECTION 9","TRAIL_NAME_TC":"鳳凰徑第九段","COUNTRY_PARK_EN":"Outside Country Park and Special Area","COUNTRY_PARK_TC":"不在郊野公園及特別地區範圍","UTM_GRID":"GE989601","UTM_ZONE":"49Q","trail_id_corrected_from":null,"position_may_be_inaccurate":false}},{"type":"Feature","geometry":{"type":"Point","coordinates":[113.90051,22.21713]},"properties":{"FAC_ID":"L091","TRAIL_ID":"lt_9","TRAIL_NAME_EN":"LANTAU TRAIL SECTION 9","TRAIL_NAME_TC":"鳳凰徑第九段","COUNTRY_PARK_EN":"LANTAU SOUTH COUNTRY PARK","COUNTRY_PARK_TC":"南大嶼郊野公園","UTM_GRID":"GE990597","UTM_ZONE":"49Q","trail_id_corrected_from":null,"position_may_be_inaccurate":false}},{"type":"Feature","geometry":{"type":"Point","coordinates":[113.90343,22.21535]},"properties":{"FAC_ID":"L092","TRAIL_ID":"lt_9","TRAIL_NAME_EN":"LANTAU TRAIL SECTION 9","TRAIL_NAME_TC":"鳳凰徑第九段","COUNTRY_PARK_EN":"LANTAU SOUTH COUNTRY PARK","COUNTRY_PARK_TC":"南大嶼郊野公園","UTM_GRID":"GE993595","UTM_ZONE":"49Q","trail_id_corrected_from":null,"position_may_be_inaccurate":false}},{"type":"Feature","geometry":{"type":"Point","coordinates":[113.905,22.21238]},"properties":{"FAC_ID":"L093","TRAIL_ID":"lt_9","TRAIL_NAME_EN":"LANTAU TRAIL SECTION 9","TRAIL_NAME_TC":"鳳凰徑第九段","COUNTRY_PARK_EN":"LANTAU SOUTH COUNTRY PARK","COUNTRY_PARK_TC":"南大嶼郊野公園","UTM_GRID":"GE995592","UTM_ZONE":"49Q","trail_id_corrected_from":null,"position_may_be_inaccurate":false}},{"type":"Feature","geometry":{"type":"Point","coordinates":[113.90779,22.21009]},"properties":{"FAC_ID":"L094","TRAIL_ID":"lt_9","TRAIL_NAME_EN":"LANTAU TRAIL SECTION 9","TRAIL_NAME_TC":"鳳凰徑第九段","COUNTRY_PARK_EN":"LANTAU SOUTH COUNTRY PARK","COUNTRY_PARK_TC":"南大嶼郊野公園","UTM_GRID":"GE997589","UTM_ZONE":"49Q","trail_id_corrected_from":null,"position_may_be_inaccurate":false}},{"type":"Feature","geometry":{"type":"Point","coordinates":[113.9119,22.20938]},"properties":{"FAC_ID":"L095","TRAIL_ID":"lt_9","TRAIL_NAME_EN":"LANTAU TRAIL SECTION 9","TRAIL_NAME_TC":"鳳凰徑第九段","COUNTRY_PARK_EN":"LANTAU SOUTH COUNTRY PARK","COUNTRY_PARK_TC":"南大嶼郊野公園","UTM_GRID":"HE002588","UTM_ZONE":"49Q","trail_id_corrected_from":null,"position_may_be_inaccurate":false}},{"type":"Feature","geometry":{"type":"Point","coordinates":[113.91395,22.21273]},"properties":{"FAC_ID":"L096","TRAIL_ID":"lt_9","TRAIL_NAME_EN":"LANTAU TRAIL SECTION 9","TRAIL_NAME_TC":"鳳凰徑第九段","COUNTRY_PARK_EN":"LANTAU SOUTH COUNTRY PARK","COUNTRY_PARK_TC":"南大嶼郊野公園","UTM_GRID":"HE004592","UTM_ZONE":"49Q","trail_id_corrected_from":null,"position_may_be_inaccurate":false}},{"type":"Feature","geometry":{"type":"Point","coordinates":[113.91644,22.21272]},"properties":{"FAC_ID":"L097","TRAIL_ID":"lt_9","TRAIL_NAME_EN":"LANTAU TRAIL SECTION 9","TRAIL_NAME_TC":"鳳凰徑第九段","COUNTRY_PARK_EN":"LANTAU SOUTH COUNTRY PARK","COUNTRY_PARK_TC":"南大嶼郊野公園","UTM_GRID":"HE006592","UTM_ZONE":"49Q","trail_id_corrected_from":null,"position_may_be_inaccurate":false}},{"type":"Feature","geometry":{"type":"Point","coordinates":[113.9156,22.21745]},"properties":{"FAC_ID":"L098","TRAIL_ID":"lt_9","TRAIL_NAME_EN":"LANTAU TRAIL SECTION 9","TRAIL_NAME_TC":"鳳凰徑第九段","COUNTRY_PARK_EN":"LANTAU SOUTH COUNTRY PARK","COUNTRY_PARK_TC":"南大嶼郊野公園","UTM_GRID":"HE005597","UTM_ZONE":"49Q","trail_id_corrected_from":null,"position_may_be_inaccurate":false}},{"type":"Feature","geometry":{"type":"Point","coordinates":[113.9137,22.22072]},"properties":{"FAC_ID":"L099","TRAIL_ID":"lt_9","TRAIL_NAME_EN":"LANTAU TRAIL SECTION 9","TRAIL_NAME_TC":"鳳凰徑第九段","COUNTRY_PARK_EN":"Outside Country Park and Special Area","COUNTRY_PARK_TC":"不在郊野公園及特別地區範圍","UTM_GRID":"HE003601","UTM_ZONE":"49Q","trail_id_corrected_from":null,"position_may_be_inaccurate":false}},{"type":"Feature","geometry":{"type":"Point","coordinates":[113.9178,22.22158]},"properties":{"FAC_ID":"L100","TRAIL_ID":"lt_10","TRAIL_NAME_EN":"LANTAU TRAIL SECTION 10","TRAIL_NAME_TC":"鳳凰徑第十段","COUNTRY_PARK_EN":"Outside Country Park and Special Area","COUNTRY_PARK_TC":"不在郊野公園及特別地區範圍","UTM_GRID":"HE008602","UTM_ZONE":"49Q","trail_id_corrected_from":null,"position_may_be_inaccurate":false}},{"type":"Feature","geometry":{"type":"Point","coordinates":[113.91483,22.2244]},"properties":{"FAC_ID":"L101","TRAIL_ID":"lt_10","TRAIL_NAME_EN":"LANTAU TRAIL SECTION 10","TRAIL_NAME_TC":"鳳凰徑第十段","COUNTRY_PARK_EN":"Outside Country Park and Special Area","COUNTRY_PARK_TC":"不在郊野公園及特別地區範圍","UTM_GRID":"HE004605","UTM_ZONE":"49Q","trail_id_corrected_from":null,"position_may_be_inaccurate":false}},{"type":"Feature","geometry":{"type":"Point","coordinates":[113.91615,22.22672]},"properties":{"FAC_ID":"L102","TRAIL_ID":"lt_10","TRAIL_NAME_EN":"LANTAU TRAIL SECTION 10","TRAIL_NAME_TC":"鳳凰徑第十段","COUNTRY_PARK_EN":"LANTAU SOUTH COUNTRY PARK","COUNTRY_PARK_TC":"南大嶼郊野公園","UTM_GRID":"HE006608","UTM_ZONE":"49Q","trail_id_corrected_from":null,"position_may_be_inaccurate":false}},{"type":"Feature","geometry":{"type":"Point","coordinates":[113.9191,22.22749]},"properties":{"FAC_ID":"L103","TRAIL_ID":"lt_10","TRAIL_NAME_EN":"LANTAU TRAIL SECTION 10","TRAIL_NAME_TC":"鳳凰徑第十段","COUNTRY_PARK_EN":"LANTAU SOUTH COUNTRY PARK","COUNTRY_PARK_TC":"南大嶼郊野公園","UTM_GRID":"HE009609","UTM_ZONE":"49Q","trail_id_corrected_from":null,"position_may_be_inaccurate":false}},{"type":"Feature","geometry":{"type":"Point","coordinates":[113.92277,22.22845]},"properties":{"FAC_ID":"L104","TRAIL_ID":"lt_10","TRAIL_NAME_EN":"LANTAU TRAIL SECTION 10","TRAIL_NAME_TC":"鳳凰徑第十段","COUNTRY_PARK_EN":"LANTAU SOUTH COUNTRY PARK","COUNTRY_PARK_TC":"南大嶼郊野公園","UTM_GRID":"HE012610","UTM_ZONE":"49Q","trail_id_corrected_from":null,"position_may_be_inaccurate":false}},{"type":"Feature","geometry":{"type":"Point","coordinates":[113.92588,22.23015]},"properties":{"FAC_ID":"L105","TRAIL_ID":"lt_10","TRAIL_NAME_EN":"LANTAU TRAIL SECTION 10","TRAIL_NAME_TC":"鳳凰徑第十段","COUNTRY_PARK_EN":"LANTAU SOUTH COUNTRY PARK","COUNTRY_PARK_TC":"南大嶼郊野公園","UTM_GRID":"HE016612","UTM_ZONE":"49Q","trail_id_corrected_from":null,"position_may_be_inaccurate":false}},{"type":"Feature","geometry":{"type":"Point","coordinates":[113.92654,22.23315]},"properties":{"FAC_ID":"L106","TRAIL_ID":"lt_10","TRAIL_NAME_EN":"LANTAU TRAIL SECTION 10","TRAIL_NAME_TC":"鳳凰徑第十段","COUNTRY_PARK_EN":"LANTAU SOUTH COUNTRY PARK","COUNTRY_PARK_TC":"南大嶼郊野公園","UTM_GRID":"HE016615","UTM_ZONE":"49Q","trail_id_corrected_from":null,"position_may_be_inaccurate":false}},{"type":"Feature","geometry":{"type":"Point","coordinates":[113.92945,22.23488]},"properties":{"FAC_ID":"L107","TRAIL_ID":"lt_10","TRAIL_NAME_EN":"LANTAU TRAIL SECTION 10","TRAIL_NAME_TC":"鳳凰徑第十段","COUNTRY_PARK_EN":"LANTAU SOUTH COUNTRY PARK","COUNTRY_PARK_TC":"南大嶼郊野公園","UTM_GRID":"HE019617","UTM_ZONE":"49Q","trail_id_corrected_from":null,"position_may_be_inaccurate":false}},{"type":"Feature","geometry":{"type":"Point","coordinates":[113.93141,22.23192]},"properties":{"FAC_ID":"L108","TRAIL_ID":"lt_10","TRAIL_NAME_EN":"LANTAU TRAIL SECTION 10","TRAIL_NAME_TC":"鳳凰徑第十段","COUNTRY_PARK_EN":"LANTAU SOUTH COUNTRY PARK","COUNTRY_PARK_TC":"南大嶼郊野公園","UTM_GRID":"HE021614","UTM_ZONE":"49Q","trail_id_corrected_from":null,"position_may_be_inaccurate":false}},{"type":"Feature","geometry":{"type":"Point","coordinates":[113.93426,22.2316]},"properties":{"FAC_ID":"L109","TRAIL_ID":"lt_10","TRAIL_NAME_EN":"LANTAU TRAIL SECTION 10","TRAIL_NAME_TC":"鳳凰徑第十段","COUNTRY_PARK_EN":"LANTAU SOUTH COUNTRY PARK","COUNTRY_PARK_TC":"南大嶼郊野公園","UTM_GRID":"HE024613","UTM_ZONE":"49Q","trail_id_corrected_from":null,"position_may_be_inaccurate":false}},{"type":"Feature","geometry":{"type":"Point","coordinates":[113.93835,22.23255]},"properties":{"FAC_ID":"L110","TRAIL_ID":"lt_10","TRAIL_NAME_EN":"LANTAU TRAIL SECTION 10","TRAIL_NAME_TC":"鳳凰徑第十段","COUNTRY_PARK_EN":"LANTAU SOUTH COUNTRY PARK","COUNTRY_PARK_TC":"南大嶼郊野公園","UTM_GRID":"HE028615","UTM_ZONE":"49Q","trail_id_corrected_from":null,"position_may_be_inaccurate":false}},{"type":"Feature","geometry":{"type":"Point","coordinates":[113.94149,22.23397]},"properties":{"FAC_ID":"L111","TRAIL_ID":"lt_10","TRAIL_NAME_EN":"LANTAU TRAIL SECTION 10","TRAIL_NAME_TC":"鳳凰徑第十段","COUNTRY_PARK_EN":"LANTAU SOUTH COUNTRY PARK","COUNTRY_PARK_TC":"南大嶼郊野公園","UTM_GRID":"HE032616","UTM_ZONE":"49Q","trail_id_corrected_from":null,"position_may_be_inaccurate":false}},{"type":"Feature","geometry":{"type":"Point","coordinates":[113.94394,22.23612]},"properties":{"FAC_ID":"L112","TRAIL_ID":"lt_10","TRAIL_NAME_EN":"LANTAU TRAIL SECTION 10","TRAIL_NAME_TC":"鳳凰徑第十段","COUNTRY_PARK_EN":"LANTAU SOUTH COUNTRY PARK","COUNTRY_PARK_TC":"南大嶼郊野公園","UTM_GRID":"HE034619","UTM_ZONE":"49Q","trail_id_corrected_from":null,"position_may_be_inaccurate":false}},{"type":"Feature","geometry":{"type":"Point","coordinates":[113.94537,22.23862]},"properties":{"FAC_ID":"L113","TRAIL_ID":"lt_10","TRAIL_NAME_EN":"LANTAU TRAIL SECTION 10","TRAIL_NAME_TC":"鳳凰徑第十段","COUNTRY_PARK_EN":"LANTAU SOUTH COUNTRY PARK","COUNTRY_PARK_TC":"南大嶼郊野公園","UTM_GRID":"HE036621","UTM_ZONE":"49Q","trail_id_corrected_from":null,"position_may_be_inaccurate":false}},{"type":"Feature","geometry":{"type":"Point","coordinates":[113.94954,22.23921]},"properties":{"FAC_ID":"L114","TRAIL_ID":"lt_11","TRAIL_NAME_EN":"LANTAU TRAIL SECTION 11","TRAIL_NAME_TC":"鳳凰徑第十一段","COUNTRY_PARK_EN":"LANTAU SOUTH COUNTRY PARK","COUNTRY_PARK_TC":"南大嶼郊野公園","UTM_GRID":"HE040622","UTM_ZONE":"49Q","trail_id_corrected_from":null,"position_may_be_inaccurate":false}},{"type":"Feature","geometry":{"type":"Point","coordinates":[113.95321,22.23866]},"properties":{"FAC_ID":"L115","TRAIL_ID":"lt_11","TRAIL_NAME_EN":"LANTAU TRAIL SECTION 11","TRAIL_NAME_TC":"鳳凰徑第十一段","COUNTRY_PARK_EN":"LANTAU SOUTH COUNTRY PARK","COUNTRY_PARK_TC":"南大嶼郊野公園","UTM_GRID":"HE044622","UTM_ZONE":"49Q","trail_id_corrected_from":null,"position_may_be_inaccurate":false}},{"type":"Feature","geometry":{"type":"Point","coordinates":[113.95655,22.23982]},"properties":{"FAC_ID":"L116","TRAIL_ID":"lt_11","TRAIL_NAME_EN":"LANTAU TRAIL SECTION 11","TRAIL_NAME_TC":"鳳凰徑第十一段","COUNTRY_PARK_EN":"Outside Country Park and Special Area","COUNTRY_PARK_TC":"不在郊野公園及特別地區範圍","UTM_GRID":"HE047623","UTM_ZONE":"49Q","trail_id_corrected_from":null,"position_may_be_inaccurate":false}},{"type":"Feature","geometry":{"type":"Point","coordinates":[113.9607,22.24129]},"properties":{"FAC_ID":"L117","TRAIL_ID":"lt_11","TRAIL_NAME_EN":"LANTAU TRAIL SECTION 11","TRAIL_NAME_TC":"鳳凰徑第十一段","COUNTRY_PARK_EN":"LANTAU SOUTH COUNTRY PARK","COUNTRY_PARK_TC":"南大嶼郊野公園","UTM_GRID":"HE051625","UTM_ZONE":"49Q","trail_id_corrected_from":null,"position_may_be_inaccurate":false}},{"type":"Feature","geometry":{"type":"Point","coordinates":[113.96441,22.24341]},"properties":{"FAC_ID":"L118","TRAIL_ID":"lt_11","TRAIL_NAME_EN":"LANTAU TRAIL SECTION 11","TRAIL_NAME_TC":"鳳凰徑第十一段","COUNTRY_PARK_EN":"LANTAU SOUTH COUNTRY PARK","COUNTRY_PARK_TC":"南大嶼郊野公園","UTM_GRID":"HE055627","UTM_ZONE":"49Q","trail_id_corrected_from":null,"position_may_be_inaccurate":false}},{"type":"Feature","geometry":{"type":"Point","coordinates":[113.96713,22.24451]},"properties":{"FAC_ID":"L119","TRAIL_ID":"lt_11","TRAIL_NAME_EN":"LANTAU TRAIL SECTION 11","TRAIL_NAME_TC":"鳳凰徑第十一段","COUNTRY_PARK_EN":"LANTAU SOUTH COUNTRY PARK","COUNTRY_PARK_TC":"南大嶼郊野公園","UTM_GRID":"HE058628","UTM_ZONE":"49Q","trail_id_corrected_from":null,"position_may_be_inaccurate":false}},{"type":"Feature","geometry":{"type":"Point","coordinates":[113.96975,22.24469]},"properties":{"FAC_ID":"L120","TRAIL_ID":"lt_11","TRAIL_NAME_EN":"LANTAU TRAIL SECTION 11","TRAIL_NAME_TC":"鳳凰徑第十一段","COUNTRY_PARK_EN":"Outside Country Park and Special Area","COUNTRY_PARK_TC":"不在郊野公園及特別地區範圍","UTM_GRID":"HE061629","UTM_ZONE":"49Q","trail_id_corrected_from":null,"position_may_be_inaccurate":false}},{"type":"Feature","geometry":{"type":"Point","coordinates":[113.97228,22.24454]},"properties":{"FAC_ID":"L121","TRAIL_ID":"lt_11","TRAIL_NAME_EN":"LANTAU TRAIL SECTION 11","TRAIL_NAME_TC":"鳳凰徑第十一段","COUNTRY_PARK_EN":"Outside Country Park and Special Area","COUNTRY_PARK_TC":"不在郊野公園及特別地區範圍","UTM_GRID":"HE063629","UTM_ZONE":"49Q","trail_id_corrected_from":null,"position_may_be_inaccurate":false}},{"type":"Feature","geometry":{"type":"Point","coordinates":[113.97662,22.24286]},"properties":{"FAC_ID":"L122","TRAIL_ID":"lt_12","TRAIL_NAME_EN":"LANTAU TRAIL SECTION 12","TRAIL_NAME_TC":"鳳凰徑第十二段","COUNTRY_PARK_EN":"Outside Country Park and Special Area","COUNTRY_PARK_TC":"不在郊野公園及特別地區範圍","UTM_GRID":"HE068627","UTM_ZONE":"49Q","trail_id_corrected_from":null,"position_may_be_inaccurate":false}},{"type":"Feature","geometry":{"type":"Point","coordinates":[113.98016,22.24208]},"properties":{"FAC_ID":"L123","TRAIL_ID":"lt_12","TRAIL_NAME_EN":"LANTAU TRAIL SECTION 12","TRAIL_NAME_TC":"鳳凰徑第十二段","COUNTRY_PARK_EN":"Outside Country Park and Special Area","COUNTRY_PARK_TC":"不在郊野公園及特別地區範圍","UTM_GRID":"HE071626","UTM_ZONE":"49Q","trail_id_corrected_from":null,"position_may_be_inaccurate":false}},{"type":"Feature","geometry":{"type":"Point","coordinates":[113.9825,22.23905]},"properties":{"FAC_ID":"L124","TRAIL_ID":"lt_12","TRAIL_NAME_EN":"LANTAU TRAIL SECTION 12","TRAIL_NAME_TC":"鳳凰徑第十二段","COUNTRY_PARK_EN":"Outside Country Park and Special Area","COUNTRY_PARK_TC":"不在郊野公園及特別地區範圍","UTM_GRID":"HE074623","UTM_ZONE":"49Q","trail_id_corrected_from":null,"position_may_be_inaccurate":false}},{"type":"Feature","geometry":{"type":"Point","coordinates":[113.98334,22.23696]},"properties":{"FAC_ID":"L125","TRAIL_ID":"lt_12","TRAIL_NAME_EN":"LANTAU TRAIL SECTION 12","TRAIL_NAME_TC":"鳳凰徑第十二段","COUNTRY_PARK_EN":"Outside Country Park and Special Area","COUNTRY_PARK_TC":"不在郊野公園及特別地區範圍","UTM_GRID":"HE075620","UTM_ZONE":"49Q","trail_id_corrected_from":null,"position_may_be_inaccurate":false}},{"type":"Feature","geometry":{"type":"Point","coordinates":[113.98747,22.23897]},"properties":{"FAC_ID":"L126","TRAIL_ID":"lt_12","TRAIL_NAME_EN":"LANTAU TRAIL SECTION 12","TRAIL_NAME_TC":"鳳凰徑第十二段","COUNTRY_PARK_EN":"LANTAU SOUTH COUNTRY PARK","COUNTRY_PARK_TC":"南大嶼郊野公園","UTM_GRID":"HE079623","UTM_ZONE":"49Q","trail_id_corrected_from":null,"position_may_be_inaccurate":false}},{"type":"Feature","geometry":{"type":"Point","coordinates":[113.98563,22.24251]},"properties":{"FAC_ID":"L127","TRAIL_ID":"lt_12","TRAIL_NAME_EN":"LANTAU TRAIL SECTION 12","TRAIL_NAME_TC":"鳳凰徑第十二段","COUNTRY_PARK_EN":"LANTAU SOUTH COUNTRY PARK","COUNTRY_PARK_TC":"南大嶼郊野公園","UTM_GRID":"HE077627","UTM_ZONE":"49Q","trail_id_corrected_from":null,"position_may_be_inaccurate":false}},{"type":"Feature","geometry":{"type":"Point","coordinates":[113.98768,22.24561]},"properties":{"FAC_ID":"L128","TRAIL_ID":"lt_12","TRAIL_NAME_EN":"LANTAU TRAIL SECTION 12","TRAIL_NAME_TC":"鳳凰徑第十二段","COUNTRY_PARK_EN":"LANTAU SOUTH COUNTRY PARK","COUNTRY_PARK_TC":"南大嶼郊野公園","UTM_GRID":"HE079630","UTM_ZONE":"49Q","trail_id_corrected_from":null,"position_may_be_inaccurate":false}},{"type":"Feature","geometry":{"type":"Point","coordinates":[113.98983,22.24906]},"properties":{"FAC_ID":"L129","TRAIL_ID":"lt_12","TRAIL_NAME_EN":"LANTAU TRAIL SECTION 12","TRAIL_NAME_TC":"鳳凰徑第十二段","COUNTRY_PARK_EN":"LANTAU SOUTH COUNTRY PARK","COUNTRY_PARK_TC":"南大嶼郊野公園","UTM_GRID":"HE081634","UTM_ZONE":"49Q","trail_id_corrected_from":null,"position_may_be_inaccurate":false}},{"type":"Feature","geometry":{"type":"Point","coordinates":[113.99028,22.25181]},"properties":{"FAC_ID":"L130","TRAIL_ID":"lt_12","TRAIL_NAME_EN":"LANTAU TRAIL SECTION 12","TRAIL_NAME_TC":"鳳凰徑第十二段","COUNTRY_PARK_EN":"LANTAU SOUTH COUNTRY PARK","COUNTRY_PARK_TC":"南大嶼郊野公園","UTM_GRID":"HE082637","UTM_ZONE":"49Q","trail_id_corrected_from":null,"position_may_be_inaccurate":false}},{"type":"Feature","geometry":{"type":"Point","coordinates":[113.99237,22.25409]},"properties":{"FAC_ID":"L131","TRAIL_ID":"lt_12","TRAIL_NAME_EN":"LANTAU TRAIL SECTION 12","TRAIL_NAME_TC":"鳳凰徑第十二段","COUNTRY_PARK_EN":"LANTAU SOUTH COUNTRY PARK","COUNTRY_PARK_TC":"南大嶼郊野公園","UTM_GRID":"HE084640","UTM_ZONE":"49Q","trail_id_corrected_from":null,"position_may_be_inaccurate":false}},{"type":"Feature","geometry":{"type":"Point","coordinates":[113.99537,22.25394]},"properties":{"FAC_ID":"L132","TRAIL_ID":"lt_12","TRAIL_NAME_EN":"LANTAU TRAIL SECTION 12","TRAIL_NAME_TC":"鳳凰徑第十二段","COUNTRY_PARK_EN":"LANTAU SOUTH COUNTRY PARK","COUNTRY_PARK_TC":"南大嶼郊野公園","UTM_GRID":"HE087639","UTM_ZONE":"49Q","trail_id_corrected_from":null,"position_may_be_inaccurate":false}},{"type":"Feature","geometry":{"type":"Point","coordinates":[113.99823,22.25633]},"properties":{"FAC_ID":"L133","TRAIL_ID":"lt_12","TRAIL_NAME_EN":"LANTAU TRAIL SECTION 12","TRAIL_NAME_TC":"鳳凰徑第十二段","COUNTRY_PARK_EN":"LANTAU SOUTH COUNTRY PARK","COUNTRY_PARK_TC":"南大嶼郊野公園","UTM_GRID":"HE090642","UTM_ZONE":"49Q","trail_id_corrected_from":null,"position_may_be_inaccurate":false}},{"type":"Feature","geometry":{"type":"Point","coordinates":[114.00177,22.25351]},"properties":{"FAC_ID":"L134","TRAIL_ID":"lt_12","TRAIL_NAME_EN":"LANTAU TRAIL SECTION 12","TRAIL_NAME_TC":"鳳凰徑第十二段","COUNTRY_PARK_EN":"LANTAU SOUTH COUNTRY PARK","COUNTRY_PARK_TC":"南大嶼郊野公園","UTM_GRID":"JK909639","UTM_ZONE":"50Q","trail_id_corrected_from":null,"position_may_be_inaccurate":false}},{"type":"Feature","geometry":{"type":"Point","coordinates":[114.00584,22.25419]},"properties":{"FAC_ID":"L135","TRAIL_ID":"lt_12","TRAIL_NAME_EN":"LANTAU TRAIL SECTION 12","TRAIL_NAME_TC":"鳳凰徑第十二段","COUNTRY_PARK_EN":"LANTAU SOUTH COUNTRY PARK","COUNTRY_PARK_TC":"南大嶼郊野公園","UTM_GRID":"JK913640","UTM_ZONE":"50Q","trail_id_corrected_from":null,"position_may_be_inaccurate":false}},{"type":"Feature","geometry":{"type":"Point","coordinates":[114.00934,22.25353]},"properties":{"FAC_ID":"L136","TRAIL_ID":"lt_12","TRAIL_NAME_EN":"LANTAU TRAIL SECTION 12","TRAIL_NAME_TC":"鳳凰徑第十二段","COUNTRY_PARK_EN":"LANTAU SOUTH COUNTRY PARK","COUNTRY_PARK_TC":"南大嶼郊野公園","UTM_GRID":"JK917639","UTM_ZONE":"50Q","trail_id_corrected_from":null,"position_may_be_inaccurate":false}},{"type":"Feature","geometry":{"type":"Point","coordinates":[114.0079,22.25698]},"properties":{"FAC_ID":"L137","TRAIL_ID":"lt_12","TRAIL_NAME_EN":"LANTAU TRAIL SECTION 12","TRAIL_NAME_TC":"鳳凰徑第十二段","COUNTRY_PARK_EN":"LANTAU SOUTH COUNTRY PARK","COUNTRY_PARK_TC":"南大嶼郊野公園","UTM_GRID":"JK916643","UTM_ZONE":"50Q","trail_id_corrected_from":null,"position_may_be_inaccurate":false}},{"type":"Feature","geometry":{"type":"Point","coordinates":[114.0064,22.25956]},"properties":{"FAC_ID":"L138","TRAIL_ID":"lt_12","TRAIL_NAME_EN":"LANTAU TRAIL SECTION 12","TRAIL_NAME_TC":"鳳凰徑第十二段","COUNTRY_PARK_EN":"LANTAU SOUTH COUNTRY PARK","COUNTRY_PARK_TC":"南大嶼郊野公園","UTM_GRID":"JK914646","UTM_ZONE":"50Q","trail_id_corrected_from":null,"position_may_be_inaccurate":false}},{"type":"Feature","geometry":{"type":"Point","coordinates":[114.00172,22.26226]},"properties":{"FAC_ID":"L139","TRAIL_ID":"lt_12","TRAIL_NAME_EN":"LANTAU TRAIL SECTION 12","TRAIL_NAME_TC":"鳳凰徑第十二段","COUNTRY_PARK_EN":"Outside Country Park and Special Area","COUNTRY_PARK_TC":"不在郊野公園及特別地區範圍","UTM_GRID":"JK909649","UTM_ZONE":"50Q","trail_id_corrected_from":null,"position_may_be_inaccurate":false}},{"type":"Feature","geometry":{"type":"Point","coordinates":[114.20714,22.22709]},"properties":{"FAC_ID":"W001","TRAIL_ID":"ws_1","TRAIL_NAME_EN":"WILSON TRAIL SECTION 1","TRAIL_NAME_TC":"衞奕信徑第一段","COUNTRY_PARK_EN":"TAI TAM COUNTRY PARK","COUNTRY_PARK_TC":"大潭郊野公園","UTM_GRID":"KK120606","UTM_ZONE":"50Q","trail_id_corrected_from":null,"position_may_be_inaccurate":false}},{"type":"Feature","geometry":{"type":"Point","coordinates":[114.20574,22.23068]},"properties":{"FAC_ID":"W002","TRAIL_ID":"ws_1","TRAIL_NAME_EN":"WILSON TRAIL SECTION 1","TRAIL_NAME_TC":"衞奕信徑第一段","COUNTRY_PARK_EN":"TAI TAM COUNTRY PARK","COUNTRY_PARK_TC":"大潭郊野公園","UTM_GRID":"KK119610","UTM_ZONE":"50Q","trail_id_corrected_from":null,"position_may_be_inaccurate":false}},{"type":"Feature","geometry":{"type":"Point","coordinates":[114.20632,22.23623]},"properties":{"FAC_ID":"W003","TRAIL_ID":"ws_1","TRAIL_NAME_EN":"WILSON TRAIL SECTION 1","TRAIL_NAME_TC":"衞奕信徑第一段","COUNTRY_PARK_EN":"TAI TAM COUNTRY PARK","COUNTRY_PARK_TC":"大潭郊野公園","UTM_GRID":"KK120616","UTM_ZONE":"50Q","trail_id_corrected_from":null,"position_may_be_inaccurate":false}},{"type":"Feature","geometry":{"type":"Point","coordinates":[114.20441,22.24099]},"properties":{"FAC_ID":"W004","TRAIL_ID":"ws_1","TRAIL_NAME_EN":"WILSON TRAIL SECTION 1","TRAIL_NAME_TC":"衞奕信徑第一段","COUNTRY_PARK_EN":"TAI TAM COUNTRY PARK","COUNTRY_PARK_TC":"大潭郊野公園","UTM_GRID":"KK118621","UTM_ZONE":"50Q","trail_id_corrected_from":null,"position_may_be_inaccurate":false}},{"type":"Feature","geometry":{"type":"Point","coordinates":[114.20248,22.24217]},"properties":{"FAC_ID":"W005","TRAIL_ID":"ws_1","TRAIL_NAME_EN":"WILSON TRAIL SECTION 1","TRAIL_NAME_TC":"衞奕信徑第一段","COUNTRY_PARK_EN":"TAI TAM COUNTRY PARK","COUNTRY_PARK_TC":"大潭郊野公園","UTM_GRID":"KK116622","UTM_ZONE":"50Q","trail_id_corrected_from":null,"position_may_be_inaccurate":false}},{"type":"Feature","geometry":{"type":"Point","coordinates":[114.19997,22.2427]},"properties":{"FAC_ID":"W006","TRAIL_ID":"ws_1","TRAIL_NAME_EN":"WILSON TRAIL SECTION 1","TRAIL_NAME_TC":"衞奕信徑第一段","COUNTRY_PARK_EN":"TAI TAM COUNTRY PARK","COUNTRY_PARK_TC":"大潭郊野公園","UTM_GRID":"KK113623","UTM_ZONE":"50Q","trail_id_corrected_from":null,"position_may_be_inaccurate":false}},{"type":"Feature","geometry":{"type":"Point","coordinates":[114.20004,22.24897]},"properties":{"FAC_ID":"W007","TRAIL_ID":"ws_1","TRAIL_NAME_EN":"WILSON TRAIL SECTION 1","TRAIL_NAME_TC":"衞奕信徑第一段","COUNTRY_PARK_EN":"TAI TAM COUNTRY PARK","COUNTRY_PARK_TC":"大潭郊野公園","UTM_GRID":"KK114630","UTM_ZONE":"50Q","trail_id_corrected_from":null,"position_may_be_inaccurate":false}},{"type":"Feature","geometry":{"type":"Point","coordinates":[114.19863,22.25495]},"properties":{"FAC_ID":"W008","TRAIL_ID":"ws_1","TRAIL_NAME_EN":"WILSON TRAIL SECTION 1","TRAIL_NAME_TC":"衞奕信徑第一段","COUNTRY_PARK_EN":"TAI TAM COUNTRY PARK","COUNTRY_PARK_TC":"大潭郊野公園","UTM_GRID":"KK112637","UTM_ZONE":"50Q","trail_id_corrected_from":null,"position_may_be_inaccurate":false}},{"type":"Feature","geometry":{"type":"Point","coordinates":[114.1979,22.2606]},"properties":{"FAC_ID":"W009","TRAIL_ID":"ws_2","TRAIL_NAME_EN":"WILSON TRAIL SECTION 2","TRAIL_NAME_TC":"衞奕信徑第二段","COUNTRY_PARK_EN":"TAI TAM COUNTRY PARK","COUNTRY_PARK_TC":"大潭郊野公園","UTM_GRID":"KK112643","UTM_ZONE":"50Q","trail_id_corrected_from":null,"position_may_be_inaccurate":false}},{"type":"Feature","geometry":{"type":"Point","coordinates":[114.19769,22.26502]},"properties":{"FAC_ID":"W010","TRAIL_ID":"ws_2","TRAIL_NAME_EN":"WILSON TRAIL SECTION 2","TRAIL_NAME_TC":"衞奕信徑第二段","COUNTRY_PARK_EN":"TAI TAM COUNTRY PARK","COUNTRY_PARK_TC":"大潭郊野公園","UTM_GRID":"KK112648","UTM_ZONE":"50Q","trail_id_corrected_from":null,"position_may_be_inaccurate":false}},{"type":"Feature","geometry":{"type":"Point","coordinates":[114.19984,22.26643]},"properties":{"FAC_ID":"W011","TRAIL_ID":"ws_2","TRAIL_NAME_EN":"WILSON TRAIL SECTION 2","TRAIL_NAME_TC":"衞奕信徑第二段","COUNTRY_PARK_EN":"TAI TAM COUNTRY PARK","COUNTRY_PARK_TC":"大潭郊野公園","UTM_GRID":"KK114649","UTM_ZONE":"50Q","trail_id_corrected_from":null,"position_may_be_inaccurate":false}},{"type":"Feature","geometry":{"type":"Point","coordinates":[114.20309,22.26754]},"properties":{"FAC_ID":"W012","TRAIL_ID":"ws_2","TRAIL_NAME_EN":"WILSON TRAIL SECTION 2","TRAIL_NAME_TC":"衞奕信徑第二段","COUNTRY_PARK_EN":"Outside Country Park and Special Area","COUNTRY_PARK_TC":"不在郊野公園及特別地區範圍","UTM_GRID":"KK117651","UTM_ZONE":"50Q","trail_id_corrected_from":null,"position_may_be_inaccurate":false}},{"type":"Feature","geometry":{"type":"Point","coordinates":[114.20744,22.26915]},"properties":{"FAC_ID":"W013","TRAIL_ID":"ws_2","TRAIL_NAME_EN":"WILSON TRAIL SECTION 2","TRAIL_NAME_TC":"衞奕信徑第二段","COUNTRY_PARK_EN":"Outside Country Park and Special Area","COUNTRY_PARK_TC":"不在郊野公園及特別地區範圍","UTM_GRID":"KK122652","UTM_ZONE":"50Q","trail_id_corrected_from":null,"position_may_be_inaccurate":false}},{"type":"Feature","geometry":{"type":"Point","coordinates":[114.20687,22.27219]},"properties":{"FAC_ID":"W014","TRAIL_ID":"ws_2","TRAIL_NAME_EN":"WILSON TRAIL SECTION 2","TRAIL_NAME_TC":"衞奕信徑第二段","COUNTRY_PARK_EN":"TAI TAM COUNTRY PARK (QUARRY BAY EXTENSION)","COUNTRY_PARK_TC":"大潭郊野公園(鰂魚涌擴建部分)","UTM_GRID":"KK121656","UTM_ZONE":"50Q","trail_id_corrected_from":null,"position_may_be_inaccurate":false}},{"type":"Feature","geometry":{"type":"Point","coordinates":[114.20599,22.27739]},"properties":{"FAC_ID":"W015","TRAIL_ID":"ws_2","TRAIL_NAME_EN":"WILSON TRAIL SECTION 2","TRAIL_NAME_TC":"衞奕信徑第二段","COUNTRY_PARK_EN":"Outside Country Park and Special Area","COUNTRY_PARK_TC":"不在郊野公園及特別地區範圍","UTM_GRID":"KK120661","UTM_ZONE":"50Q","trail_id_corrected_from":null,"position_may_be_inaccurate":false}},{"type":"Feature","geometry":{"type":"Point","coordinates":[114.20714,22.28022]},"properties":{"FAC_ID":"W016","TRAIL_ID":"ws_2","TRAIL_NAME_EN":"WILSON TRAIL SECTION 2","TRAIL_NAME_TC":"衞奕信徑第二段","COUNTRY_PARK_EN":"TAI TAM COUNTRY PARK (QUARRY BAY EXTENSION)","COUNTRY_PARK_TC":"大潭郊野公園(鰂魚涌擴建部分)","UTM_GRID":"KK122665","UTM_ZONE":"50Q","trail_id_corrected_from":null,"position_may_be_inaccurate":false}},{"type":"Feature","geometry":{"type":"Point","coordinates":[114.21076,22.27808]},"properties":{"FAC_ID":"W017","TRAIL_ID":"ws_2","TRAIL_NAME_EN":"WILSON TRAIL SECTION 2","TRAIL_NAME_TC":"衞奕信徑第二段","COUNTRY_PARK_EN":"TAI TAM COUNTRY PARK (QUARRY BAY EXTENSION)","COUNTRY_PARK_TC":"大潭郊野公園(鰂魚涌擴建部分)","UTM_GRID":"KK125662","UTM_ZONE":"50Q","trail_id_corrected_from":null,"position_may_be_inaccurate":false}},{"type":"Feature","geometry":{"type":"Point","coordinates":[114.21302,22.27948]},"properties":{"FAC_ID":"W018","TRAIL_ID":"ws_2","TRAIL_NAME_EN":"WILSON TRAIL SECTION 2","TRAIL_NAME_TC":"衞奕信徑第二段","COUNTRY_PARK_EN":"Outside Country Park and Special Area","COUNTRY_PARK_TC":"不在郊野公園及特別地區範圍","UTM_GRID":"KK128664","UTM_ZONE":"50Q","trail_id_corrected_from":null,"position_may_be_inaccurate":false}},{"type":"Feature","geometry":{"type":"Point","coordinates":[114.24141,22.29528]},"properties":{"FAC_ID":"W019","TRAIL_ID":"ws_3","TRAIL_NAME_EN":"WILSON TRAIL SECTION 3","TRAIL_NAME_TC":"衞奕信徑第三段","COUNTRY_PARK_EN":"Outside Country Park and Special Area","COUNTRY_PARK_TC":"不在郊野公園及特別地區範圍","UTM_GRID":"KK157681","UTM_ZONE":"50Q","trail_id_corrected_from":null,"position_may_be_inaccurate":false}},{"type":"Feature","geometry":{"type":"Point","coordinates":[114.2412,22.29062]},"properties":{"FAC_ID":"W020","TRAIL_ID":"ws_3","TRAIL_NAME_EN":"WILSON TRAIL SECTION 3","TRAIL_NAME_TC":"衞奕信徑第三段","COUNTRY_PARK_EN":"Outside Country Park and Special Area","COUNTRY_PARK_TC":"不在郊野公園及特別地區範圍","UTM_GRID":"KK157675","UTM_ZONE":"50Q","trail_id_corrected_from":null,"position_may_be_inaccurate":false}},{"type":"Feature","geometry":{"type":"Point","coordinates":[114.24443,22.29324]},"properties":{"FAC_ID":"W021","TRAIL_ID":"ws_3","TRAIL_NAME_EN":"WILSON TRAIL SECTION 3","TRAIL_NAME_TC":"衞奕信徑第三段","COUNTRY_PARK_EN":"Outside Country Park and Special Area","COUNTRY_PARK_TC":"不在郊野公園及特別地區範圍","UTM_GRID":"KK160678","UTM_ZONE":"50Q","trail_id_corrected_from":null,"position_may_be_inaccurate":false}},{"type":"Feature","geometry":{"type":"Point","coordinates":[114.24545,22.29689]},"properties":{"FAC_ID":"W022","TRAIL_ID":"ws_3","TRAIL_NAME_EN":"WILSON TRAIL SECTION 3","TRAIL_NAME_TC":"衞奕信徑第三段","COUNTRY_PARK_EN":"Outside Country Park and Special Area","COUNTRY_PARK_TC":"不在郊野公園及特別地區範圍","UTM_GRID":"KK161682","UTM_ZONE":"50Q","trail_id_corrected_from":null,"position_may_be_inaccurate":false}},{"type":"Feature","geometry":{"type":"Point","coordinates":[114.24377,22.30035]},"properties":{"FAC_ID":"W023","TRAIL_ID":"ws_3","TRAIL_NAME_EN":"WILSON TRAIL SECTION 3","TRAIL_NAME_TC":"衞奕信徑第三段","COUNTRY_PARK_EN":"Outside Country Park and Special Area","COUNTRY_PARK_TC":"不在郊野公園及特別地區範圍","UTM_GRID":"KK160686","UTM_ZONE":"50Q","trail_id_corrected_from":null,"position_may_be_inaccurate":false}},{"type":"Feature","geometry":{"type":"Point","coordinates":[114.2439,22.30251]},"properties":{"FAC_ID":"W024","TRAIL_ID":"ws_3","TRAIL_NAME_EN":"WILSON TRAIL SECTION 3","TRAIL_NAME_TC":"衞奕信徑第三段","COUNTRY_PARK_EN":"Outside Country Park and Special Area","COUNTRY_PARK_TC":"不在郊野公園及特別地區範圍","UTM_GRID":"KK160689","UTM_ZONE":"50Q","trail_id_corrected_from":null,"position_may_be_inaccurate":false}},{"type":"Feature","geometry":{"type":"Point","coordinates":[114.24447,22.30949]},"properties":{"FAC_ID":"W025","TRAIL_ID":"ws_3","TRAIL_NAME_EN":"WILSON TRAIL SECTION 3","TRAIL_NAME_TC":"衞奕信徑第三段","COUNTRY_PARK_EN":"Outside Country Park and Special Area","COUNTRY_PARK_TC":"不在郊野公園及特別地區範圍","UTM_GRID":"KK161696","UTM_ZONE":"50Q","trail_id_corrected_from":null,"position_may_be_inaccurate":false}},{"type":"Feature","geometry":{"type":"Point","coordinates":[114.2463,22.31325]},"properties":{"FAC_ID":"W026","TRAIL_ID":"ws_3","TRAIL_NAME_EN":"WILSON TRAIL SECTION 3","TRAIL_NAME_TC":"衞奕信徑第三段","COUNTRY_PARK_EN":"Outside Country Park and Special Area","COUNTRY_PARK_TC":"不在郊野公園及特別地區範圍","UTM_GRID":"KK163700","UTM_ZONE":"50Q","trail_id_corrected_from":null,"position_may_be_inaccurate":false}},{"type":"Feature","geometry":{"type":"Point","coordinates":[114.24562,22.31763]},"properties":{"FAC_ID":"W027","TRAIL_ID":"ws_3","TRAIL_NAME_EN":"WILSON TRAIL SECTION 3","TRAIL_NAME_TC":"衞奕信徑第三段","COUNTRY_PARK_EN":"Outside Country Park and Special Area","COUNTRY_PARK_TC":"不在郊野公園及特別地區範圍","UTM_GRID":"KK162705","UTM_ZONE":"50Q","trail_id_corrected_from":null,"position_may_be_inaccurate":false}},{"type":"Feature","geometry":{"type":"Point","coordinates":[114.24581,22.32222]},"properties":{"FAC_ID":"W028","TRAIL_ID":"ws_3","TRAIL_NAME_EN":"WILSON TRAIL SECTION 3","TRAIL_NAME_TC":"衞奕信徑第三段","COUNTRY_PARK_EN":"Outside Country Park and Special Area","COUNTRY_PARK_TC":"不在郊野公園及特別地區範圍","UTM_GRID":"KK162710","UTM_ZONE":"50Q","trail_id_corrected_from":null,"position_may_be_inaccurate":false}},{"type":"Feature","geometry":{"type":"Point","coordinates":[114.24576,22.32631]},"properties":{"FAC_ID":"W029","TRAIL_ID":"ws_3","TRAIL_NAME_EN":"WILSON TRAIL SECTION 3","TRAIL_NAME_TC":"衞奕信徑第三段","COUNTRY_PARK_EN":"Outside Country Park and Special Area","COUNTRY_PARK_TC":"不在郊野公園及特別地區範圍","UTM_GRID":"KK162715","UTM_ZONE":"50Q","trail_id_corrected_from":null,"position_may_be_inaccurate":false}},{"type":"Feature","geometry":{"type":"Point","coordinates":[114.24418,22.33048]},"properties":{"FAC_ID":"W030","TRAIL_ID":"ws_3","TRAIL_NAME_EN":"WILSON TRAIL SECTION 3","TRAIL_NAME_TC":"衞奕信徑第三段","COUNTRY_PARK_EN":"Outside Country Park and Special Area","COUNTRY_PARK_TC":"不在郊野公園及特別地區範圍","UTM_GRID":"KK161720","UTM_ZONE":"50Q","trail_id_corrected_from":null,"position_may_be_inaccurate":false}},{"type":"Feature","geometry":{"type":"Point","coordinates":[114.24073,22.33308]},"properties":{"FAC_ID":"W031","TRAIL_ID":"ws_3","TRAIL_NAME_EN":"WILSON TRAIL SECTION 3","TRAIL_NAME_TC":"衞奕信徑第三段","COUNTRY_PARK_EN":"Outside Country Park and Special Area","COUNTRY_PARK_TC":"不在郊野公園及特別地區範圍","UTM_GRID":"KK157722","UTM_ZONE":"50Q","trail_id_corrected_from":null,"position_may_be_inaccurate":false}},{"type":"Feature","geometry":{"type":"Point","coordinates":[114.23693,22.33571]},"properties":{"FAC_ID":"W032","TRAIL_ID":"ws_4","TRAIL_NAME_EN":"WILSON TRAIL SECTION 4","TRAIL_NAME_TC":"衞奕信徑第四段","COUNTRY_PARK_EN":"Outside Country Park and Special Area","COUNTRY_PARK_TC":"不在郊野公園及特別地區範圍","UTM_GRID":"KK153725","UTM_ZONE":"50Q","trail_id_corrected_from":null,"position_may_be_inaccurate":false}},{"type":"Feature","geometry":{"type":"Point","coordinates":[114.23523,22.33862]},"properties":{"FAC_ID":"W033","TRAIL_ID":"ws_4","TRAIL_NAME_EN":"WILSON TRAIL SECTION 4","TRAIL_NAME_TC":"衞奕信徑第四段","COUNTRY_PARK_EN":"Outside Country Park and Special Area","COUNTRY_PARK_TC":"不在郊野公園及特別地區範圍","UTM_GRID":"KK152729","UTM_ZONE":"50Q","trail_id_corrected_from":null,"position_may_be_inaccurate":false}},{"type":"Feature","geometry":{"type":"Point","coordinates":[114.2333,22.34385]},"properties":{"FAC_ID":"W034","TRAIL_ID":"ws_4","TRAIL_NAME_EN":"WILSON TRAIL SECTION 4","TRAIL_NAME_TC":"衞奕信徑第四段","COUNTRY_PARK_EN":"MA ON SHAN COUNTRY PARK","COUNTRY_PARK_TC":"馬鞍山郊野公園","UTM_GRID":"KK150735","UTM_ZONE":"50Q","trail_id_corrected_from":null,"position_may_be_inaccurate":false}},{"type":"Feature","geometry":{"type":"Point","coordinates":[114.23489,22.34666]},"properties":{"FAC_ID":"W035","TRAIL_ID":"ws_4","TRAIL_NAME_EN":"WILSON TRAIL SECTION 4","TRAIL_NAME_TC":"衞奕信徑第四段","COUNTRY_PARK_EN":"MA ON SHAN COUNTRY PARK","COUNTRY_PARK_TC":"馬鞍山郊野公園","UTM_GRID":"KK152738","UTM_ZONE":"50Q","trail_id_corrected_from":null,"position_may_be_inaccurate":false}},{"type":"Feature","geometry":{"type":"Point","coordinates":[114.23426,22.35066]},"properties":{"FAC_ID":"W036","TRAIL_ID":"ws_4","TRAIL_NAME_EN":"WILSON TRAIL SECTION 4","TRAIL_NAME_TC":"衞奕信徑第四段","COUNTRY_PARK_EN":"MA ON SHAN COUNTRY PARK","COUNTRY_PARK_TC":"馬鞍山郊野公園","UTM_GRID":"KK151742","UTM_ZONE":"50Q","trail_id_corrected_from":null,"position_may_be_inaccurate":false}},{"type":"Feature","geometry":{"type":"Point","coordinates":[114.23472,22.35186]},"properties":{"FAC_ID":"W037","TRAIL_ID":"ws_4","TRAIL_NAME_EN":"WILSON TRAIL SECTION 4","TRAIL_NAME_TC":"衞奕信徑第四段","COUNTRY_PARK_EN":"Excluded Area","COUNTRY_PARK_TC":"不包括地區","UTM_GRID":"KK151743","UTM_ZONE":"50Q","trail_id_corrected_from":null,"position_may_be_inaccurate":false}},{"type":"Feature","geometry":{"type":"Point","coordinates":[114.2299,22.35514]},"properties":{"FAC_ID":"W038","TRAIL_ID":"ws_4","TRAIL_NAME_EN":"WILSON TRAIL SECTION 4","TRAIL_NAME_TC":"衞奕信徑第四段","COUNTRY_PARK_EN":"MA ON SHAN COUNTRY PARK","COUNTRY_PARK_TC":"馬鞍山郊野公園","UTM_GRID":"KK147747","UTM_ZONE":"50Q","trail_id_corrected_from":null,"position_may_be_inaccurate":false}},{"type":"Feature","geometry":{"type":"Point","coordinates":[114.22563,22.35752]},"properties":{"FAC_ID":"W039","TRAIL_ID":"ws_4","TRAIL_NAME_EN":"WILSON TRAIL SECTION 4","TRAIL_NAME_TC":"衞奕信徑第四段","COUNTRY_PARK_EN":"MA ON SHAN COUNTRY PARK","COUNTRY_PARK_TC":"馬鞍山郊野公園","UTM_GRID":"KK142750","UTM_ZONE":"50Q","trail_id_corrected_from":null,"position_may_be_inaccurate":false}},{"type":"Feature","geometry":{"type":"Point","coordinates":[114.22214,22.35678]},"properties":{"FAC_ID":"W040","TRAIL_ID":"ws_4","TRAIL_NAME_EN":"WILSON TRAIL SECTION 4","TRAIL_NAME_TC":"衞奕信徑第四段","COUNTRY_PARK_EN":"Outside Country Park and Special Area","COUNTRY_PARK_TC":"不在郊野公園及特別地區範圍","UTM_GRID":"KK139749","UTM_ZONE":"50Q","trail_id_corrected_from":null,"position_may_be_inaccurate":false}},{"type":"Feature","geometry":{"type":"Point","coordinates":[114.22105,22.35322]},"properties":{"FAC_ID":"W041","TRAIL_ID":"ws_4","TRAIL_NAME_EN":"WILSON TRAIL SECTION 4","TRAIL_NAME_TC":"衞奕信徑第四段","COUNTRY_PARK_EN":"MA ON SHAN COUNTRY PARK","COUNTRY_PARK_TC":"馬鞍山郊野公園","UTM_GRID":"KK137745","UTM_ZONE":"50Q","trail_id_corrected_from":null,"position_may_be_inaccurate":false}},{"type":"Feature","geometry":{"type":"Point","coordinates":[114.21924,22.35626]},"properties":{"FAC_ID":"W042","TRAIL_ID":"ws_4","TRAIL_NAME_EN":"WILSON TRAIL SECTION 4","TRAIL_NAME_TC":"衞奕信徑第四段","COUNTRY_PARK_EN":"Outside Country Park and Special Area","COUNTRY_PARK_TC":"不在郊野公園及特別地區範圍","UTM_GRID":"KK136749","UTM_ZONE":"50Q","trail_id_corrected_from":null,"position_may_be_inaccurate":false}},{"type":"Feature","geometry":{"type":"Point","coordinates":[114.21516,22.35585]},"properties":{"FAC_ID":"W043","TRAIL_ID":"ws_4","TRAIL_NAME_EN":"WILSON TRAIL SECTION 4","TRAIL_NAME_TC":"衞奕信徑第四段","COUNTRY_PARK_EN":"Outside Country Park and Special Area","COUNTRY_PARK_TC":"不在郊野公園及特別地區範圍","UTM_GRID":"KK131748","UTM_ZONE":"50Q","trail_id_corrected_from":null,"position_may_be_inaccurate":false}},{"type":"Feature","geometry":{"type":"Point","coordinates":[114.2102,22.35537]},"properties":{"FAC_ID":"W044","TRAIL_ID":"ws_4","TRAIL_NAME_EN":"WILSON TRAIL SECTION 4","TRAIL_NAME_TC":"衞奕信徑第四段","COUNTRY_PARK_EN":"Outside Country Park and Special Area","COUNTRY_PARK_TC":"不在郊野公園及特別地區範圍","UTM_GRID":"KK126748","UTM_ZONE":"50Q","trail_id_corrected_from":null,"position_may_be_inaccurate":false}},{"type":"Feature","geometry":{"type":"Point","coordinates":[114.20692,22.3547]},"properties":{"FAC_ID":"W045","TRAIL_ID":"ws_4","TRAIL_NAME_EN":"WILSON TRAIL SECTION 4","TRAIL_NAME_TC":"衞奕信徑第四段","COUNTRY_PARK_EN":"Outside Country Park and Special Area","COUNTRY_PARK_TC":"不在郊野公園及特別地區範圍","UTM_GRID":"KK123747","UTM_ZONE":"50Q","trail_id_corrected_from":null,"position_may_be_inaccurate":false}},{"type":"Feature","geometry":{"type":"Point","coordinates":[114.2025,22.35446]},"properties":{"FAC_ID":"W046","TRAIL_ID":"ws_4","TRAIL_NAME_EN":"WILSON TRAIL SECTION 4","TRAIL_NAME_TC":"衞奕信徑第四段","COUNTRY_PARK_EN":"Outside Country Park and Special Area","COUNTRY_PARK_TC":"不在郊野公園及特別地區範圍","UTM_GRID":"KK118747","UTM_ZONE":"50Q","trail_id_corrected_from":null,"position_may_be_inaccurate":false}},{"type":"Feature","geometry":{"type":"Point","coordinates":[114.19931,22.35636]},"properties":{"FAC_ID":"W047","TRAIL_ID":"ws_5","TRAIL_NAME_EN":"WILSON TRAIL SECTION 5","TRAIL_NAME_TC":"衞奕信徑第五段","COUNTRY_PARK_EN":"LION ROCK COUNTRY PARK","COUNTRY_PARK_TC":"獅子山郊野公園","UTM_GRID":"KK115749","UTM_ZONE":"50Q","trail_id_corrected_from":null,"position_may_be_inaccurate":false}},{"type":"Feature","geometry":{"type":"Point","coordinates":[114.19831,22.36031]},"properties":{"FAC_ID":"W048","TRAIL_ID":"ws_5","TRAIL_NAME_EN":"WILSON TRAIL SECTION 5","TRAIL_NAME_TC":"衞奕信徑第五段","COUNTRY_PARK_EN":"LION ROCK COUNTRY PARK","COUNTRY_PARK_TC":"獅子山郊野公園","UTM_GRID":"KK114753","UTM_ZONE":"50Q","trail_id_corrected_from":null,"position_may_be_inaccurate":false}},{"type":"Feature","geometry":{"type":"Point","coordinates":[114.19542,22.36367]},"properties":{"FAC_ID":"W049","TRAIL_ID":"ws_5","TRAIL_NAME_EN":"WILSON TRAIL SECTION 5","TRAIL_NAME_TC":"衞奕信徑第五段","COUNTRY_PARK_EN":"LION ROCK COUNTRY PARK","COUNTRY_PARK_TC":"獅子山郊野公園","UTM_GRID":"KK111757","UTM_ZONE":"50Q","trail_id_corrected_from":null,"position_may_be_inaccurate":false}},{"type":"Feature","geometry":{"type":"Point","coordinates":[114.19277,22.36579]},"properties":{"FAC_ID":"W050","TRAIL_ID":"ws_5","TRAIL_NAME_EN":"WILSON TRAIL SECTION 5","TRAIL_NAME_TC":"衞奕信徑第五段","COUNTRY_PARK_EN":"LION ROCK COUNTRY PARK","COUNTRY_PARK_TC":"獅子山郊野公園","UTM_GRID":"KK109760","UTM_ZONE":"50Q","trail_id_corrected_from":null,"position_may_be_inaccurate":false}},{"type":"Feature","geometry":{"type":"Point","coordinates":[114.19044,22.36385]},"properties":{"FAC_ID":"W051","TRAIL_ID":"ws_5","TRAIL_NAME_EN":"WILSON TRAIL SECTION 5","TRAIL_NAME_TC":"衞奕信徑第五段","COUNTRY_PARK_EN":"Outside Country Park and Special Area","COUNTRY_PARK_TC":"不在郊野公園及特別地區範圍","UTM_GRID":"KK106758","UTM_ZONE":"50Q","trail_id_corrected_from":null,"position_may_be_inaccurate":false}},{"type":"Feature","geometry":{"type":"Point","coordinates":[114.18717,22.36434]},"properties":{"FAC_ID":"W052","TRAIL_ID":"ws_5","TRAIL_NAME_EN":"WILSON TRAIL SECTION 5","TRAIL_NAME_TC":"衞奕信徑第五段","COUNTRY_PARK_EN":"Outside Country Park and Special Area","COUNTRY_PARK_TC":"不在郊野公園及特別地區範圍","UTM_GRID":"KK103758","UTM_ZONE":"50Q","trail_id_corrected_from":null,"position_may_be_inaccurate":false}},{"type":"Feature","geometry":{"type":"Point","coordinates":[114.18487,22.36295]},"properties":{"FAC_ID":"W053","TRAIL_ID":"ws_5","TRAIL_NAME_EN":"WILSON TRAIL SECTION 5","TRAIL_NAME_TC":"衞奕信徑第五段","COUNTRY_PARK_EN":"LION ROCK COUNTRY PARK","COUNTRY_PARK_TC":"獅子山郊野公園","UTM_GRID":"KK100757","UTM_ZONE":"50Q","trail_id_corrected_from":null,"position_may_be_inaccurate":false}},{"type":"Feature","geometry":{"type":"Point","coordinates":[114.18275,22.36135]},"properties":{"FAC_ID":"W054","TRAIL_ID":"ws_5","TRAIL_NAME_EN":"WILSON TRAIL SECTION 5","TRAIL_NAME_TC":"衞奕信徑第五段","COUNTRY_PARK_EN":"LION ROCK COUNTRY PARK","COUNTRY_PARK_TC":"獅子山郊野公園","UTM_GRID":"KK098755","UTM_ZONE":"50Q","trail_id_corrected_from":null,"position_may_be_inaccurate":false}},{"type":"Feature","geometry":{"type":"Point","coordinates":[114.17835,22.35978]},"properties":{"FAC_ID":"W055","TRAIL_ID":"ws_5","TRAIL_NAME_EN":"WILSON TRAIL SECTION 5","TRAIL_NAME_TC":"衞奕信徑第五段","COUNTRY_PARK_EN":"LION ROCK COUNTRY PARK","COUNTRY_PARK_TC":"獅子山郊野公園","UTM_GRID":"KK094753","UTM_ZONE":"50Q","trail_id_corrected_from":null,"position_may_be_inaccurate":false}},{"type":"Feature","geometry":{"type":"Point","coordinates":[114.17709,22.35599]},"properties":{"FAC_ID":"W056","TRAIL_ID":"ws_5","TRAIL_NAME_EN":"WILSON TRAIL SECTION 5","TRAIL_NAME_TC":"衞奕信徑第五段","COUNTRY_PARK_EN":"LION ROCK COUNTRY PARK","COUNTRY_PARK_TC":"獅子山郊野公園","UTM_GRID":"KK092749","UTM_ZONE":"50Q","trail_id_corrected_from":null,"position_may_be_inaccurate":false}},{"type":"Feature","geometry":{"type":"Point","coordinates":[114.17365,22.35489]},"properties":{"FAC_ID":"W057","TRAIL_ID":"ws_5","TRAIL_NAME_EN":"WILSON TRAIL SECTION 5","TRAIL_NAME_TC":"衞奕信徑第五段","COUNTRY_PARK_EN":"LION ROCK COUNTRY PARK","COUNTRY_PARK_TC":"獅子山郊野公園","UTM_GRID":"KK089748","UTM_ZONE":"50Q","trail_id_corrected_from":null,"position_may_be_inaccurate":false}},{"type":"Feature","geometry":{"type":"Point","coordinates":[114.16955,22.35551]},"properties":{"FAC_ID":"W058","TRAIL_ID":"ws_5","TRAIL_NAME_EN":"WILSON TRAIL SECTION 5","TRAIL_NAME_TC":"衞奕信徑第五段","COUNTRY_PARK_EN":"Outside Country Park and Special Area","COUNTRY_PARK_TC":"不在郊野公園及特別地區範圍","UTM_GRID":"KK084749","UTM_ZONE":"50Q","trail_id_corrected_from":null,"position_may_be_inaccurate":false}},{"type":"Feature","geometry":{"type":"Point","coordinates":[114.16605,22.35586]},"properties":{"FAC_ID":"W059","TRAIL_ID":"ws_5","TRAIL_NAME_EN":"WILSON TRAIL SECTION 5","TRAIL_NAME_TC":"衞奕信徑第五段","COUNTRY_PARK_EN":"Outside Country Park and Special Area","COUNTRY_PARK_TC":"不在郊野公園及特別地區範圍","UTM_GRID":"KK081749","UTM_ZONE":"50Q","trail_id_corrected_from":null,"position_may_be_inaccurate":false}},{"type":"Feature","geometry":{"type":"Point","coordinates":[114.16195,22.35514]},"properties":{"FAC_ID":"W060","TRAIL_ID":"ws_5","TRAIL_NAME_EN":"WILSON TRAIL SECTION 5","TRAIL_NAME_TC":"衞奕信徑第五段","COUNTRY_PARK_EN":"Outside Country Park and Special Area","COUNTRY_PARK_TC":"不在郊野公園及特別地區範圍","UTM_GRID":"KK077748","UTM_ZONE":"50Q","trail_id_corrected_from":null,"position_may_be_inaccurate":false}},{"type":"Feature","geometry":{"type":"Point","coordinates":[114.15806,22.35505]},"properties":{"FAC_ID":"W061","TRAIL_ID":"ws_6","TRAIL_NAME_EN":"WILSON TRAIL SECTION 6","TRAIL_NAME_TC":"衞奕信徑第六段","COUNTRY_PARK_EN":"Outside Country Park and Special Area","COUNTRY_PARK_TC":"不在郊野公園及特別地區範圍","UTM_GRID":"KK073748","UTM_ZONE":"50Q","trail_id_corrected_from":null,"position_may_be_inaccurate":false}},{"type":"Feature","geometry":{"type":"Point","coordinates":[114.1583,22.35819]},"properties":{"FAC_ID":"W062","TRAIL_ID":"ws_6","TRAIL_NAME_EN":"WILSON TRAIL SECTION 6","TRAIL_NAME_TC":"衞奕信徑第六段","COUNTRY_PARK_EN":"KAM SHAN COUNTRY PARK","COUNTRY_PARK_TC":"金山郊野公園","UTM_GRID":"KK073752","UTM_ZONE":"50Q","trail_id_corrected_from":null,"position_may_be_inaccurate":false}},{"type":"Feature","geometry":{"type":"Point","coordinates":[114.15505,22.35885]},"properties":{"FAC_ID":"W063","TRAIL_ID":"ws_6","TRAIL_NAME_EN":"WILSON TRAIL SECTION 6","TRAIL_NAME_TC":"衞奕信徑第六段","COUNTRY_PARK_EN":"KAM SHAN COUNTRY PARK","COUNTRY_PARK_TC":"金山郊野公園","UTM_GRID":"KK070753","UTM_ZONE":"50Q","trail_id_corrected_from":null,"position_may_be_inaccurate":false}},{"type":"Feature","geometry":{"type":"Point","coordinates":[114.15166,22.35793]},"properties":{"FAC_ID":"W064","TRAIL_ID":"ws_6","TRAIL_NAME_EN":"WILSON TRAIL SECTION 6","TRAIL_NAME_TC":"衞奕信徑第六段","COUNTRY_PARK_EN":"KAM SHAN COUNTRY PARK","COUNTRY_PARK_TC":"金山郊野公園","UTM_GRID":"KK066752","UTM_ZONE":"50Q","trail_id_corrected_from":null,"position_may_be_inaccurate":false}},{"type":"Feature","geometry":{"type":"Point","coordinates":[114.1527,22.36153]},"properties":{"FAC_ID":"W065","TRAIL_ID":"ws_6","TRAIL_NAME_EN":"WILSON TRAIL SECTION 6","TRAIL_NAME_TC":"衞奕信徑第六段","COUNTRY_PARK_EN":"KAM SHAN COUNTRY PARK","COUNTRY_PARK_TC":"金山郊野公園","UTM_GRID":"KK067756","UTM_ZONE":"50Q","trail_id_corrected_from":null,"position_may_be_inaccurate":false}},{"type":"Feature","geometry":{"type":"Point","coordinates":[114.1512,22.36703]},"properties":{"FAC_ID":"W066","TRAIL_ID":"ws_6","TRAIL_NAME_EN":"WILSON TRAIL SECTION 6","TRAIL_NAME_TC":"衞奕信徑第六段","COUNTRY_PARK_EN":"KAM SHAN COUNTRY PARK","COUNTRY_PARK_TC":"金山郊野公園","UTM_GRID":"KK066762","UTM_ZONE":"50Q","trail_id_corrected_from":null,"position_may_be_inaccurate":false}},{"type":"Feature","geometry":{"type":"Point","coordinates":[114.14966,22.37019]},"properties":{"FAC_ID":"W067","TRAIL_ID":"ws_6","TRAIL_NAME_EN":"WILSON TRAIL SECTION 6","TRAIL_NAME_TC":"衞奕信徑第六段","COUNTRY_PARK_EN":"KAM SHAN COUNTRY PARK","COUNTRY_PARK_TC":"金山郊野公園","UTM_GRID":"KK064765","UTM_ZONE":"50Q","trail_id_corrected_from":null,"position_may_be_inaccurate":false}},{"type":"Feature","geometry":{"type":"Point","coordinates":[114.14889,22.37182]},"properties":{"FAC_ID":"W068","TRAIL_ID":"ws_6","TRAIL_NAME_EN":"WILSON TRAIL SECTION 6","TRAIL_NAME_TC":"衞奕信徑第六段","COUNTRY_PARK_EN":"Outside Country Park and Special Area","COUNTRY_PARK_TC":"不在郊野公園及特別地區範圍","UTM_GRID":"KK063767","UTM_ZONE":"50Q","trail_id_corrected_from":null,"position_may_be_inaccurate":false}},{"type":"Feature","geometry":{"type":"Point","coordinates":[114.14884,22.37804]},"properties":{"FAC_ID":"W069","TRAIL_ID":"ws_6","TRAIL_NAME_EN":"WILSON TRAIL SECTION 6","TRAIL_NAME_TC":"衞奕信徑第六段","COUNTRY_PARK_EN":"SHING MUN COUNTRY PARK","COUNTRY_PARK_TC":"城門郊野公園","UTM_GRID":"KK064774","UTM_ZONE":"50Q","trail_id_corrected_from":null,"position_may_be_inaccurate":false}},{"type":"Feature","geometry":{"type":"Point","coordinates":[114.14759,22.38109]},"properties":{"FAC_ID":"W070","TRAIL_ID":"ws_7","TRAIL_NAME_EN":"WILSON TRAIL SECTION 7","TRAIL_NAME_TC":"衞奕信徑第七段","COUNTRY_PARK_EN":"SHING MUN COUNTRY PARK","COUNTRY_PARK_TC":"城門郊野公園","UTM_GRID":"KK062777","UTM_ZONE":"50Q","trail_id_corrected_from":null,"position_may_be_inaccurate":false}},{"type":"Feature","geometry":{"type":"Point","coordinates":[114.14814,22.38434]},"properties":{"FAC_ID":"W071","TRAIL_ID":"ws_7","TRAIL_NAME_EN":"WILSON TRAIL SECTION 7","TRAIL_NAME_TC":"衞奕信徑第七段","COUNTRY_PARK_EN":"SHING MUN COUNTRY PARK","COUNTRY_PARK_TC":"城門郊野公園","UTM_GRID":"KK063781","UTM_ZONE":"50Q","trail_id_corrected_from":null,"position_may_be_inaccurate":false}},{"type":"Feature","geometry":{"type":"Point","coordinates":[114.15078,22.38506]},"properties":{"FAC_ID":"W072","TRAIL_ID":"ws_7","TRAIL_NAME_EN":"WILSON TRAIL SECTION 7","TRAIL_NAME_TC":"衞奕信徑第七段","COUNTRY_PARK_EN":"SHING MUN COUNTRY PARK","COUNTRY_PARK_TC":"城門郊野公園","UTM_GRID":"KK066782","UTM_ZONE":"50Q","trail_id_corrected_from":null,"position_may_be_inaccurate":false}},{"type":"Feature","geometry":{"type":"Point","coordinates":[114.1521,22.38757]},"properties":{"FAC_ID":"W073","TRAIL_ID":"ws_7","TRAIL_NAME_EN":"WILSON TRAIL SECTION 7","TRAIL_NAME_TC":"衞奕信徑第七段","COUNTRY_PARK_EN":"SHING MUN COUNTRY PARK","COUNTRY_PARK_TC":"城門郊野公園","UTM_GRID":"KK067785","UTM_ZONE":"50Q","trail_id_corrected_from":null,"position_may_be_inaccurate":false}},{"type":"Feature","geometry":{"type":"Point","coordinates":[114.15316,22.38912]},"properties":{"FAC_ID":"W074","TRAIL_ID":"ws_7","TRAIL_NAME_EN":"WILSON TRAIL SECTION 7","TRAIL_NAME_TC":"衞奕信徑第七段","COUNTRY_PARK_EN":"SHING MUN COUNTRY PARK","COUNTRY_PARK_TC":"城門郊野公園","UTM_GRID":"KK068786","UTM_ZONE":"50Q","trail_id_corrected_from":null,"position_may_be_inaccurate":false}},{"type":"Feature","geometry":{"type":"Point","coordinates":[114.14969,22.38813]},"properties":{"FAC_ID":"W075","TRAIL_ID":"ws_7","TRAIL_NAME_EN":"WILSON TRAIL SECTION 7","TRAIL_NAME_TC":"衞奕信徑第七段","COUNTRY_PARK_EN":"SHING MUN COUNTRY PARK","COUNTRY_PARK_TC":"城門郊野公園","UTM_GRID":"KK065785","UTM_ZONE":"50Q","trail_id_corrected_from":null,"position_may_be_inaccurate":false}},{"type":"Feature","geometry":{"type":"Point","coordinates":[114.15058,22.39084]},"properties":{"FAC_ID":"W076","TRAIL_ID":"ws_7","TRAIL_NAME_EN":"WILSON TRAIL SECTION 7","TRAIL_NAME_TC":"衞奕信徑第七段","COUNTRY_PARK_EN":"SHING MUN COUNTRY PARK","COUNTRY_PARK_TC":"城門郊野公園","UTM_GRID":"KK066788","UTM_ZONE":"50Q","trail_id_corrected_from":null,"position_may_be_inaccurate":false}},{"type":"Feature","geometry":{"type":"Point","coordinates":[114.15365,22.39388]},"properties":{"FAC_ID":"W077","TRAIL_ID":"ws_7","TRAIL_NAME_EN":"WILSON TRAIL SECTION 7","TRAIL_NAME_TC":"衞奕信徑第七段","COUNTRY_PARK_EN":"SHING MUN COUNTRY PARK","COUNTRY_PARK_TC":"城門郊野公園","UTM_GRID":"KK069792","UTM_ZONE":"50Q","trail_id_corrected_from":null,"position_may_be_inaccurate":false}},{"type":"Feature","geometry":{"type":"Point","coordinates":[114.15287,22.39596]},"properties":{"FAC_ID":"W078","TRAIL_ID":"ws_7","TRAIL_NAME_EN":"WILSON TRAIL SECTION 7","TRAIL_NAME_TC":"衞奕信徑第七段","COUNTRY_PARK_EN":"SHING MUN COUNTRY PARK","COUNTRY_PARK_TC":"城門郊野公園","UTM_GRID":"KK068794","UTM_ZONE":"50Q","trail_id_corrected_from":null,"position_may_be_inaccurate":false}},{"type":"Feature","geometry":{"type":"Point","coordinates":[114.15068,22.39863]},"properties":{"FAC_ID":"W079","TRAIL_ID":"ws_7","TRAIL_NAME_EN":"WILSON TRAIL SECTION 7","TRAIL_NAME_TC":"衞奕信徑第七段","COUNTRY_PARK_EN":"SHING MUN COUNTRY PARK","COUNTRY_PARK_TC":"城門郊野公園","UTM_GRID":"KK066797","UTM_ZONE":"50Q","trail_id_corrected_from":null,"position_may_be_inaccurate":false}},{"type":"Feature","geometry":{"type":"Point","coordinates":[114.15221,22.40056]},"properties":{"FAC_ID":"W080","TRAIL_ID":"ws_7","TRAIL_NAME_EN":"WILSON TRAIL SECTION 7","TRAIL_NAME_TC":"衞奕信徑第七段","COUNTRY_PARK_EN":"SHING MUN COUNTRY PARK","COUNTRY_PARK_TC":"城門郊野公園","UTM_GRID":"KK067799","UTM_ZONE":"50Q","trail_id_corrected_from":null,"position_may_be_inaccurate":false}},{"type":"Feature","geometry":{"type":"Point","coordinates":[114.15299,22.40394]},"properties":{"FAC_ID":"W081","TRAIL_ID":"ws_7","TRAIL_NAME_EN":"WILSON TRAIL SECTION 7","TRAIL_NAME_TC":"衞奕信徑第七段","COUNTRY_PARK_EN":"SHING MUN COUNTRY PARK","COUNTRY_PARK_TC":"城門郊野公園","UTM_GRID":"KK068803","UTM_ZONE":"50Q","trail_id_corrected_from":null,"position_may_be_inaccurate":false}},{"type":"Feature","geometry":{"type":"Point","coordinates":[114.15468,22.40638]},"properties":{"FAC_ID":"W082","TRAIL_ID":"ws_7","TRAIL_NAME_EN":"WILSON TRAIL SECTION 7","TRAIL_NAME_TC":"衞奕信徑第七段","COUNTRY_PARK_EN":"SHING MUN COUNTRY PARK","COUNTRY_PARK_TC":"城門郊野公園","UTM_GRID":"KK070805","UTM_ZONE":"50Q","trail_id_corrected_from":null,"position_may_be_inaccurate":false}},{"type":"Feature","geometry":{"type":"Point","coordinates":[114.1569,22.4107]},"properties":{"FAC_ID":"W083","TRAIL_ID":"ws_7","TRAIL_NAME_EN":"WILSON TRAIL SECTION 7","TRAIL_NAME_TC":"衞奕信徑第七段","COUNTRY_PARK_EN":"SHING MUN COUNTRY PARK","COUNTRY_PARK_TC":"城門郊野公園","UTM_GRID":"KK072810","UTM_ZONE":"50Q","trail_id_corrected_from":null,"position_may_be_inaccurate":false}},{"type":"Feature","geometry":{"type":"Point","coordinates":[114.1581,22.41272]},"properties":{"FAC_ID":"W084","TRAIL_ID":"ws_7","TRAIL_NAME_EN":"WILSON TRAIL SECTION 7","TRAIL_NAME_TC":"衞奕信徑第七段","COUNTRY_PARK_EN":"SHING MUN COUNTRY PARK","COUNTRY_PARK_TC":"城門郊野公園","UTM_GRID":"KK074812","UTM_ZONE":"50Q","trail_id_corrected_from":null,"position_may_be_inaccurate":false}},{"type":"Feature","geometry":{"type":"Point","coordinates":[114.15925,22.41841]},"properties":{"FAC_ID":"W085","TRAIL_ID":"ws_7","TRAIL_NAME_EN":"WILSON TRAIL SECTION 7","TRAIL_NAME_TC":"衞奕信徑第七段","COUNTRY_PARK_EN":"Outside Country Park and Special Area","COUNTRY_PARK_TC":"不在郊野公園及特別地區範圍","UTM_GRID":"KK075819","UTM_ZONE":"50Q","trail_id_corrected_from":null,"position_may_be_inaccurate":false}},{"type":"Feature","geometry":{"type":"Point","coordinates":[114.15952,22.42246]},"properties":{"FAC_ID":"W086","TRAIL_ID":"ws_7","TRAIL_NAME_EN":"WILSON TRAIL SECTION 7","TRAIL_NAME_TC":"衞奕信徑第七段","COUNTRY_PARK_EN":"Outside Country Park and Special Area","COUNTRY_PARK_TC":"不在郊野公園及特別地區範圍","UTM_GRID":"KK075823","UTM_ZONE":"50Q","trail_id_corrected_from":null,"position_may_be_inaccurate":false}},{"type":"Feature","geometry":{"type":"Point","coordinates":[114.16096,22.42634]},"properties":{"FAC_ID":"W087","TRAIL_ID":"ws_7","TRAIL_NAME_EN":"WILSON TRAIL SECTION 7","TRAIL_NAME_TC":"衞奕信徑第七段","COUNTRY_PARK_EN":"Outside Country Park and Special Area","COUNTRY_PARK_TC":"不在郊野公園及特別地區範圍","UTM_GRID":"KK077827","UTM_ZONE":"50Q","trail_id_corrected_from":null,"position_may_be_inaccurate":false}},{"type":"Feature","geometry":{"type":"Point","coordinates":[114.16193,22.4295]},"properties":{"FAC_ID":"W088","TRAIL_ID":"ws_7","TRAIL_NAME_EN":"WILSON TRAIL SECTION 7","TRAIL_NAME_TC":"衞奕信徑第七段","COUNTRY_PARK_EN":"TAI MO SHAN COUNTRY PARK","COUNTRY_PARK_TC":"大帽山郊野公園","UTM_GRID":"KK078831","UTM_ZONE":"50Q","trail_id_corrected_from":null,"position_may_be_inaccurate":false}},{"type":"Feature","geometry":{"type":"Point","coordinates":[114.16367,22.43324]},"properties":{"FAC_ID":"W089","TRAIL_ID":"ws_8","TRAIL_NAME_EN":"WILSON TRAIL SECTION 8","TRAIL_NAME_TC":"衞奕信徑第八段","COUNTRY_PARK_EN":"Outside Country Park and Special Area","COUNTRY_PARK_TC":"不在郊野公園及特別地區範圍","UTM_GRID":"KK080835","UTM_ZONE":"50Q","trail_id_corrected_from":null,"position_may_be_inaccurate":false}},{"type":"Feature","geometry":{"type":"Point","coordinates":[114.1646,22.43635]},"properties":{"FAC_ID":"W090","TRAIL_ID":"ws_8","TRAIL_NAME_EN":"WILSON TRAIL SECTION 8","TRAIL_NAME_TC":"衞奕信徑第八段","COUNTRY_PARK_EN":"Outside Country Park and Special Area","COUNTRY_PARK_TC":"不在郊野公園及特別地區範圍","UTM_GRID":"KK081838","UTM_ZONE":"50Q","trail_id_corrected_from":null,"position_may_be_inaccurate":false}},{"type":"Feature","geometry":{"type":"Point","coordinates":[114.15942,22.43725]},"properties":{"FAC_ID":"W091","TRAIL_ID":"ws_8","TRAIL_NAME_EN":"WILSON TRAIL SECTION 8","TRAIL_NAME_TC":"衞奕信徑第八段","COUNTRY_PARK_EN":"Outside Country Park and Special Area","COUNTRY_PARK_TC":"不在郊野公園及特別地區範圍","UTM_GRID":"KK076839","UTM_ZONE":"50Q","trail_id_corrected_from":null,"position_may_be_inaccurate":false}},{"type":"Feature","geometry":{"type":"Point","coordinates":[114.15609,22.43725]},"properties":{"FAC_ID":"W092","TRAIL_ID":"ws_8","TRAIL_NAME_EN":"WILSON TRAIL SECTION 8","TRAIL_NAME_TC":"衞奕信徑第八段","COUNTRY_PARK_EN":"TAI MO SHAN COUNTRY PARK","COUNTRY_PARK_TC":"大帽山郊野公園","UTM_GRID":"KK072839","UTM_ZONE":"50Q","trail_id_corrected_from":null,"position_may_be_inaccurate":false}},{"type":"Feature","geometry":{"type":"Point","coordinates":[114.1547,22.43947]},"properties":{"FAC_ID":"W093","TRAIL_ID":"ws_8","TRAIL_NAME_EN":"WILSON TRAIL SECTION 8","TRAIL_NAME_TC":"衞奕信徑第八段","COUNTRY_PARK_EN":"Outside Country Park and Special Area","COUNTRY_PARK_TC":"不在郊野公園及特別地區範圍","UTM_GRID":"KK071842","UTM_ZONE":"50Q","trail_id_corrected_from":null,"position_may_be_inaccurate":false}},{"type":"Feature","geometry":{"type":"Point","coordinates":[114.15157,22.44153]},"properties":{"FAC_ID":"W094","TRAIL_ID":"ws_8","TRAIL_NAME_EN":"WILSON TRAIL SECTION 8","TRAIL_NAME_TC":"衞奕信徑第八段","COUNTRY_PARK_EN":"Outside Country Park and Special Area","COUNTRY_PARK_TC":"不在郊野公園及特別地區範圍","UTM_GRID":"KK068844","UTM_ZONE":"50Q","trail_id_corrected_from":null,"position_may_be_inaccurate":false}},{"type":"Feature","geometry":{"type":"Point","coordinates":[114.14968,22.44476]},"properties":{"FAC_ID":"W095","TRAIL_ID":"ws_8","TRAIL_NAME_EN":"WILSON TRAIL SECTION 8","TRAIL_NAME_TC":"衞奕信徑第八段","COUNTRY_PARK_EN":"Outside Country Park and Special Area","COUNTRY_PARK_TC":"不在郊野公園及特別地區範圍","UTM_GRID":"KK066848","UTM_ZONE":"50Q","trail_id_corrected_from":null,"position_may_be_inaccurate":false}},{"type":"Feature","geometry":{"type":"Point","coordinates":[114.15356,22.44661]},"properties":{"FAC_ID":"W096","TRAIL_ID":"ws_8","TRAIL_NAME_EN":"WILSON TRAIL SECTION 8","TRAIL_NAME_TC":"衞奕信徑第八段","COUNTRY_PARK_EN":"Outside Country Park and Special Area","COUNTRY_PARK_TC":"不在郊野公園及特別地區範圍","UTM_GRID":"KK070850","UTM_ZONE":"50Q","trail_id_corrected_from":null,"position_may_be_inaccurate":false}},{"type":"Feature","geometry":{"type":"Point","coordinates":[114.15755,22.44857]},"properties":{"FAC_ID":"W097","TRAIL_ID":"ws_8","TRAIL_NAME_EN":"WILSON TRAIL SECTION 8","TRAIL_NAME_TC":"衞奕信徑第八段","COUNTRY_PARK_EN":"Outside Country Park and Special Area","COUNTRY_PARK_TC":"不在郊野公園及特別地區範圍","UTM_GRID":"KK074852","UTM_ZONE":"50Q","trail_id_corrected_from":null,"position_may_be_inaccurate":false}},{"type":"Feature","geometry":{"type":"Point","coordinates":[114.15624,22.45302]},"properties":{"FAC_ID":"W098","TRAIL_ID":"ws_8","TRAIL_NAME_EN":"WILSON TRAIL SECTION 8","TRAIL_NAME_TC":"衞奕信徑第八段","COUNTRY_PARK_EN":"Outside Country Park and Special Area","COUNTRY_PARK_TC":"不在郊野公園及特別地區範圍","UTM_GRID":"KK073857","UTM_ZONE":"50Q","trail_id_corrected_from":null,"position_may_be_inaccurate":false}},{"type":"Feature","geometry":{"type":"Point","coordinates":[114.15869,22.45595]},"properties":{"FAC_ID":"W099","TRAIL_ID":"ws_8","TRAIL_NAME_EN":"WILSON TRAIL SECTION 8","TRAIL_NAME_TC":"衞奕信徑第八段","COUNTRY_PARK_EN":"Outside Country Park and Special Area","COUNTRY_PARK_TC":"不在郊野公園及特別地區範圍","UTM_GRID":"KK075860","UTM_ZONE":"50Q","trail_id_corrected_from":null,"position_may_be_inaccurate":false}},{"type":"Feature","geometry":{"type":"Point","coordinates":[114.15984,22.46132]},"properties":{"FAC_ID":"W100","TRAIL_ID":"ws_8","TRAIL_NAME_EN":"WILSON TRAIL SECTION 8","TRAIL_NAME_TC":"衞奕信徑第八段","COUNTRY_PARK_EN":"Outside Country Park and Special Area","COUNTRY_PARK_TC":"不在郊野公園及特別地區範圍","UTM_GRID":"KK077866","UTM_ZONE":"50Q","trail_id_corrected_from":null,"position_may_be_inaccurate":false}},{"type":"Feature","geometry":{"type":"Point","coordinates":[114.1628,22.46302]},"properties":{"FAC_ID":"W101","TRAIL_ID":"ws_8","TRAIL_NAME_EN":"WILSON TRAIL SECTION 8","TRAIL_NAME_TC":"衞奕信徑第八段","COUNTRY_PARK_EN":"Outside Country Park and Special Area","COUNTRY_PARK_TC":"不在郊野公園及特別地區範圍","UTM_GRID":"KK080868","UTM_ZONE":"50Q","trail_id_corrected_from":null,"position_may_be_inaccurate":false}},{"type":"Feature","geometry":{"type":"Point","coordinates":[114.16479,22.46485]},"properties":{"FAC_ID":"W102","TRAIL_ID":"ws_8","TRAIL_NAME_EN":"WILSON TRAIL SECTION 8","TRAIL_NAME_TC":"衞奕信徑第八段","COUNTRY_PARK_EN":"Outside Country Park and Special Area","COUNTRY_PARK_TC":"不在郊野公園及特別地區範圍","UTM_GRID":"KK082870","UTM_ZONE":"50Q","trail_id_corrected_from":null,"position_may_be_inaccurate":false}},{"type":"Feature","geometry":{"type":"Point","coordinates":[114.16774,22.46798]},"properties":{"FAC_ID":"W103","TRAIL_ID":"ws_8","TRAIL_NAME_EN":"WILSON TRAIL SECTION 8","TRAIL_NAME_TC":"衞奕信徑第八段","COUNTRY_PARK_EN":"Outside Country Park and Special Area","COUNTRY_PARK_TC":"不在郊野公園及特別地區範圍","UTM_GRID":"KK085873","UTM_ZONE":"50Q","trail_id_corrected_from":null,"position_may_be_inaccurate":false}},{"type":"Feature","geometry":{"type":"Point","coordinates":[114.16873,22.47189]},"properties":{"FAC_ID":"W104","TRAIL_ID":"ws_8","TRAIL_NAME_EN":"WILSON TRAIL SECTION 8","TRAIL_NAME_TC":"衞奕信徑第八段","COUNTRY_PARK_EN":"Outside Country Park and Special Area","COUNTRY_PARK_TC":"不在郊野公園及特別地區範圍","UTM_GRID":"KK086878","UTM_ZONE":"50Q","trail_id_corrected_from":null,"position_may_be_inaccurate":false}},{"type":"Feature","geometry":{"type":"Point","coordinates":[114.16932,22.47547]},"properties":{"FAC_ID":"W105","TRAIL_ID":"ws_8","TRAIL_NAME_EN":"WILSON TRAIL SECTION 8","TRAIL_NAME_TC":"衞奕信徑第八段","COUNTRY_PARK_EN":"Outside Country Park and Special Area","COUNTRY_PARK_TC":"不在郊野公園及特別地區範圍","UTM_GRID":"KK087882","UTM_ZONE":"50Q","trail_id_corrected_from":null,"position_may_be_inaccurate":false}},{"type":"Feature","geometry":{"type":"Point","coordinates":[114.17173,22.47842]},"properties":{"FAC_ID":"W106","TRAIL_ID":"ws_9","TRAIL_NAME_EN":"WILSON TRAIL SECTION 9","TRAIL_NAME_TC":"衞奕信徑第九段","COUNTRY_PARK_EN":"PAT SIN LENG COUNTRY PARK","COUNTRY_PARK_TC":"八仙嶺郊野公園","UTM_GRID":"KK089885","UTM_ZONE":"50Q","trail_id_corrected_from":null,"position_may_be_inaccurate":false}},{"type":"Feature","geometry":{"type":"Point","coordinates":[114.17234,22.48192]},"properties":{"FAC_ID":"W107","TRAIL_ID":"ws_9","TRAIL_NAME_EN":"WILSON TRAIL SECTION 9","TRAIL_NAME_TC":"衞奕信徑第九段","COUNTRY_PARK_EN":"PAT SIN LENG COUNTRY PARK","COUNTRY_PARK_TC":"八仙嶺郊野公園","UTM_GRID":"KK090889","UTM_ZONE":"50Q","trail_id_corrected_from":null,"position_may_be_inaccurate":false}},{"type":"Feature","geometry":{"type":"Point","coordinates":[114.17203,22.48587]},"properties":{"FAC_ID":"W108","TRAIL_ID":"ws_9","TRAIL_NAME_EN":"WILSON TRAIL SECTION 9","TRAIL_NAME_TC":"衞奕信徑第九段","COUNTRY_PARK_EN":"PAT SIN LENG COUNTRY PARK","COUNTRY_PARK_TC":"八仙嶺郊野公園","UTM_GRID":"KK090893","UTM_ZONE":"50Q","trail_id_corrected_from":null,"position_may_be_inaccurate":false}},{"type":"Feature","geometry":{"type":"Point","coordinates":[114.17422,22.48907]},"properties":{"FAC_ID":"W109","TRAIL_ID":"ws_9","TRAIL_NAME_EN":"WILSON TRAIL SECTION 9","TRAIL_NAME_TC":"衞奕信徑第九段","COUNTRY_PARK_EN":"PAT SIN LENG COUNTRY PARK","COUNTRY_PARK_TC":"八仙嶺郊野公園","UTM_GRID":"KK092897","UTM_ZONE":"50Q","trail_id_corrected_from":null,"position_may_be_inaccurate":false}},{"type":"Feature","geometry":{"type":"Point","coordinates":[114.17661,22.49203]},"properties":{"FAC_ID":"W110","TRAIL_ID":"ws_9","TRAIL_NAME_EN":"WILSON TRAIL SECTION 9","TRAIL_NAME_TC":"衞奕信徑第九段","COUNTRY_PARK_EN":"PAT SIN LENG COUNTRY PARK","COUNTRY_PARK_TC":"八仙嶺郊野公園","UTM_GRID":"KK094900","UTM_ZONE":"50Q","trail_id_corrected_from":null,"position_may_be_inaccurate":false}},{"type":"Feature","geometry":{"type":"Point","coordinates":[114.17895,22.4918]},"properties":{"FAC_ID":"W111","TRAIL_ID":"ws_9","TRAIL_NAME_EN":"WILSON TRAIL SECTION 9","TRAIL_NAME_TC":"衞奕信徑第九段","COUNTRY_PARK_EN":"PAT SIN LENG COUNTRY PARK","COUNTRY_PARK_TC":"八仙嶺郊野公園","UTM_GRID":"KK097899","UTM_ZONE":"50Q","trail_id_corrected_from":null,"position_may_be_inaccurate":false}},{"type":"Feature","geometry":{"type":"Point","coordinates":[114.18151,22.49232]},"properties":{"FAC_ID":"W112","TRAIL_ID":"ws_9","TRAIL_NAME_EN":"WILSON TRAIL SECTION 9","TRAIL_NAME_TC":"衞奕信徑第九段","COUNTRY_PARK_EN":"PAT SIN LENG COUNTRY PARK","COUNTRY_PARK_TC":"八仙嶺郊野公園","UTM_GRID":"KK100900","UTM_ZONE":"50Q","trail_id_corrected_from":null,"position_may_be_inaccurate":false}},{"type":"Feature","geometry":{"type":"Point","coordinates":[114.18341,22.49039]},"properties":{"FAC_ID":"W113","TRAIL_ID":"ws_9","TRAIL_NAME_EN":"WILSON TRAIL SECTION 9","TRAIL_NAME_TC":"衞奕信徑第九段","COUNTRY_PARK_EN":"PAT SIN LENG COUNTRY PARK","COUNTRY_PARK_TC":"八仙嶺郊野公園","UTM_GRID":"KK101898","UTM_ZONE":"50Q","trail_id_corrected_from":null,"position_may_be_inaccurate":false}},{"type":"Feature","geometry":{"type":"Point","coordinates":[114.1852,22.4897]},"properties":{"FAC_ID":"W114","TRAIL_ID":"ws_9","TRAIL_NAME_EN":"WILSON TRAIL SECTION 9","TRAIL_NAME_TC":"衞奕信徑第九段","COUNTRY_PARK_EN":"PAT SIN LENG COUNTRY PARK","COUNTRY_PARK_TC":"八仙嶺郊野公園","UTM_GRID":"KK103897","UTM_ZONE":"50Q","trail_id_corrected_from":null,"position_may_be_inaccurate":false}},{"type":"Feature","geometry":{"type":"Point","coordinates":[114.18873,22.49228]},"properties":{"FAC_ID":"W115","TRAIL_ID":"ws_9","TRAIL_NAME_EN":"WILSON TRAIL SECTION 9","TRAIL_NAME_TC":"衞奕信徑第九段","COUNTRY_PARK_EN":"PAT SIN LENG COUNTRY PARK","COUNTRY_PARK_TC":"八仙嶺郊野公園","UTM_GRID":"KK107900","UTM_ZONE":"50Q","trail_id_corrected_from":null,"position_may_be_inaccurate":false}},{"type":"Feature","geometry":{"type":"Point","coordinates":[114.19236,22.49468]},"properties":{"FAC_ID":"W116","TRAIL_ID":"ws_9","TRAIL_NAME_EN":"WILSON TRAIL SECTION 9","TRAIL_NAME_TC":"衞奕信徑第九段","COUNTRY_PARK_EN":"PAT SIN LENG COUNTRY PARK","COUNTRY_PARK_TC":"八仙嶺郊野公園","UTM_GRID":"KK111902","UTM_ZONE":"50Q","trail_id_corrected_from":null,"position_may_be_inaccurate":false}},{"type":"Feature","geometry":{"type":"Point","coordinates":[114.19608,22.49315]},"properties":{"FAC_ID":"W117","TRAIL_ID":"ws_9","TRAIL_NAME_EN":"WILSON TRAIL SECTION 9","TRAIL_NAME_TC":"衞奕信徑第九段","COUNTRY_PARK_EN":"PAT SIN LENG COUNTRY PARK","COUNTRY_PARK_TC":"八仙嶺郊野公園","UTM_GRID":"KK115901","UTM_ZONE":"50Q","trail_id_corrected_from":null,"position_may_be_inaccurate":false}},{"type":"Feature","geometry":{"type":"Point","coordinates":[114.20063,22.49291]},"properties":{"FAC_ID":"W118","TRAIL_ID":"ws_9","TRAIL_NAME_EN":"WILSON TRAIL SECTION 9","TRAIL_NAME_TC":"衞奕信徑第九段","COUNTRY_PARK_EN":"PAT SIN LENG COUNTRY PARK","COUNTRY_PARK_TC":"八仙嶺郊野公園","UTM_GRID":"KK119900","UTM_ZONE":"50Q","trail_id_corrected_from":null,"position_may_be_inaccurate":false}},{"type":"Feature","geometry":{"type":"Point","coordinates":[114.20468,22.49109]},"properties":{"FAC_ID":"W119","TRAIL_ID":"ws_9","TRAIL_NAME_EN":"WILSON TRAIL SECTION 9","TRAIL_NAME_TC":"衞奕信徑第九段","COUNTRY_PARK_EN":"PAT SIN LENG COUNTRY PARK","COUNTRY_PARK_TC":"八仙嶺郊野公園","UTM_GRID":"KK123898","UTM_ZONE":"50Q","trail_id_corrected_from":null,"position_may_be_inaccurate":false}},{"type":"Feature","geometry":{"type":"Point","coordinates":[114.20945,22.49032]},"properties":{"FAC_ID":"W120","TRAIL_ID":"ws_9","TRAIL_NAME_EN":"WILSON TRAIL SECTION 9","TRAIL_NAME_TC":"衞奕信徑第九段","COUNTRY_PARK_EN":"PAT SIN LENG COUNTRY PARK","COUNTRY_PARK_TC":"八仙嶺郊野公園","UTM_GRID":"KK128897","UTM_ZONE":"50Q","trail_id_corrected_from":null,"position_may_be_inaccurate":false}},{"type":"Feature","geometry":{"type":"Point","coordinates":[114.21303,22.49036]},"properties":{"FAC_ID":"W121","TRAIL_ID":"ws_9","TRAIL_NAME_EN":"WILSON TRAIL SECTION 9","TRAIL_NAME_TC":"衞奕信徑第九段","COUNTRY_PARK_EN":"PAT SIN LENG COUNTRY PARK","COUNTRY_PARK_TC":"八仙嶺郊野公園","UTM_GRID":"KK132897","UTM_ZONE":"50Q","trail_id_corrected_from":null,"position_may_be_inaccurate":false}},{"type":"Feature","geometry":{"type":"Point","coordinates":[114.21604,22.49018]},"properties":{"FAC_ID":"W122","TRAIL_ID":"ws_9","TRAIL_NAME_EN":"WILSON TRAIL SECTION 9","TRAIL_NAME_TC":"衞奕信徑第九段","COUNTRY_PARK_EN":"PAT SIN LENG COUNTRY PARK","COUNTRY_PARK_TC":"八仙嶺郊野公園","UTM_GRID":"KK135897","UTM_ZONE":"50Q","trail_id_corrected_from":null,"position_may_be_inaccurate":false}},{"type":"Feature","geometry":{"type":"Point","coordinates":[114.22149,22.48812]},"properties":{"FAC_ID":"W123","TRAIL_ID":"ws_9","TRAIL_NAME_EN":"WILSON TRAIL SECTION 9","TRAIL_NAME_TC":"衞奕信徑第九段","COUNTRY_PARK_EN":"PAT SIN LENG COUNTRY PARK","COUNTRY_PARK_TC":"八仙嶺郊野公園","UTM_GRID":"KK141895","UTM_ZONE":"50Q","trail_id_corrected_from":null,"position_may_be_inaccurate":false}},{"type":"Feature","geometry":{"type":"Point","coordinates":[114.22703,22.4862]},"properties":{"FAC_ID":"W124","TRAIL_ID":"ws_9","TRAIL_NAME_EN":"WILSON TRAIL SECTION 9","TRAIL_NAME_TC":"衞奕信徑第九段","COUNTRY_PARK_EN":"PAT SIN LENG COUNTRY PARK","COUNTRY_PARK_TC":"八仙嶺郊野公園","UTM_GRID":"KK146892","UTM_ZONE":"50Q","trail_id_corrected_from":null,"position_may_be_inaccurate":false}},{"type":"Feature","geometry":{"type":"Point","coordinates":[114.23181,22.48543]},"properties":{"FAC_ID":"W125","TRAIL_ID":"ws_9","TRAIL_NAME_EN":"WILSON TRAIL SECTION 9","TRAIL_NAME_TC":"衞奕信徑第九段","COUNTRY_PARK_EN":"PAT SIN LENG COUNTRY PARK","COUNTRY_PARK_TC":"八仙嶺郊野公園","UTM_GRID":"KK151891","UTM_ZONE":"50Q","trail_id_corrected_from":null,"position_may_be_inaccurate":false}},{"type":"Feature","geometry":{"type":"Point","coordinates":[114.23403,22.48618]},"properties":{"FAC_ID":"W126","TRAIL_ID":"ws_10","TRAIL_NAME_EN":"WILSON TRAIL SECTION 10","TRAIL_NAME_TC":"衞奕信徑第十段","COUNTRY_PARK_EN":"PAT SIN LENG COUNTRY PARK","COUNTRY_PARK_TC":"八仙嶺郊野公園","UTM_GRID":"KK153892","UTM_ZONE":"50Q","trail_id_corrected_from":null,"position_may_be_inaccurate":false}},{"type":"Feature","geometry":{"type":"Point","coordinates":[114.234,22.49018]},"properties":{"FAC_ID":"W127","TRAIL_ID":"ws_10","TRAIL_NAME_EN":"WILSON TRAIL SECTION 10","TRAIL_NAME_TC":"衞奕信徑第十段","COUNTRY_PARK_EN":"PAT SIN LENG COUNTRY PARK","COUNTRY_PARK_TC":"八仙嶺郊野公園","UTM_GRID":"KK154897","UTM_ZONE":"50Q","trail_id_corrected_from":null,"position_may_be_inaccurate":false}},{"type":"Feature","geometry":{"type":"Point","coordinates":[114.23148,22.49278]},"properties":{"FAC_ID":"W128","TRAIL_ID":"ws_10","TRAIL_NAME_EN":"WILSON TRAIL SECTION 10","TRAIL_NAME_TC":"衞奕信徑第十段","COUNTRY_PARK_EN":"PAT SIN LENG COUNTRY PARK","COUNTRY_PARK_TC":"八仙嶺郊野公園","UTM_GRID":"KK151900","UTM_ZONE":"50Q","trail_id_corrected_from":null,"position_may_be_inaccurate":false}},{"type":"Feature","geometry":{"type":"Point","coordinates":[114.22958,22.4959]},"properties":{"FAC_ID":"W129","TRAIL_ID":"ws_10","TRAIL_NAME_EN":"WILSON TRAIL SECTION 10","TRAIL_NAME_TC":"衞奕信徑第十段","COUNTRY_PARK_EN":"PAT SIN LENG COUNTRY PARK","COUNTRY_PARK_TC":"八仙嶺郊野公園","UTM_GRID":"KK149903","UTM_ZONE":"50Q","trail_id_corrected_from":null,"position_may_be_inaccurate":false}},{"type":"Feature","geometry":{"type":"Point","coordinates":[114.22396,22.49614]},"properties":{"FAC_ID":"W130","TRAIL_ID":"ws_10","TRAIL_NAME_EN":"WILSON TRAIL SECTION 10","TRAIL_NAME_TC":"衞奕信徑第十段","COUNTRY_PARK_EN":"PAT SIN LENG COUNTRY PARK","COUNTRY_PARK_TC":"八仙嶺郊野公園","UTM_GRID":"KK143903","UTM_ZONE":"50Q","trail_id_corrected_from":null,"position_may_be_inaccurate":false}},{"type":"Feature","geometry":{"type":"Point","coordinates":[114.22653,22.49864]},"properties":{"FAC_ID":"W131","TRAIL_ID":"ws_10","TRAIL_NAME_EN":"WILSON TRAIL SECTION 10","TRAIL_NAME_TC":"衞奕信徑第十段","COUNTRY_PARK_EN":"PAT SIN LENG COUNTRY PARK","COUNTRY_PARK_TC":"八仙嶺郊野公園","UTM_GRID":"KK146906","UTM_ZONE":"50Q","trail_id_corrected_from":null,"position_may_be_inaccurate":false}},{"type":"Feature","geometry":{"type":"Point","coordinates":[114.22408,22.50229]},"properties":{"FAC_ID":"W132","TRAIL_ID":"ws_10","TRAIL_NAME_EN":"WILSON TRAIL SECTION 10","TRAIL_NAME_TC":"衞奕信徑第十段","COUNTRY_PARK_EN":"PAT SIN LENG COUNTRY PARK","COUNTRY_PARK_TC":"八仙嶺郊野公園","UTM_GRID":"KK144910","UTM_ZONE":"50Q","trail_id_corrected_from":null,"position_may_be_inaccurate":false}},{"type":"Feature","geometry":{"type":"Point","coordinates":[114.21968,22.5041]},"properties":{"FAC_ID":"W133","TRAIL_ID":"ws_10","TRAIL_NAME_EN":"WILSON TRAIL SECTION 10","TRAIL_NAME_TC":"衞奕信徑第十段","COUNTRY_PARK_EN":"PAT SIN LENG COUNTRY PARK","COUNTRY_PARK_TC":"八仙嶺郊野公園","UTM_GRID":"KK139912","UTM_ZONE":"50Q","trail_id_corrected_from":null,"position_may_be_inaccurate":false}},{"type":"Feature","geometry":{"type":"Point","coordinates":[114.21613,22.50951]},"properties":{"FAC_ID":"W134","TRAIL_ID":"ws_10","TRAIL_NAME_EN":"WILSON TRAIL SECTION 10","TRAIL_NAME_TC":"衞奕信徑第十段","COUNTRY_PARK_EN":"PAT SIN LENG COUNTRY PARK","COUNTRY_PARK_TC":"八仙嶺郊野公園","UTM_GRID":"KK136918","UTM_ZONE":"50Q","trail_id_corrected_from":null,"position_may_be_inaccurate":false}},{"type":"Feature","geometry":{"type":"Point","coordinates":[114.21404,22.51134]},"properties":{"FAC_ID":"W135","TRAIL_ID":"ws_10","TRAIL_NAME_EN":"WILSON TRAIL SECTION 10","TRAIL_NAME_TC":"衞奕信徑第十段","COUNTRY_PARK_EN":"PAT SIN LENG COUNTRY PARK","COUNTRY_PARK_TC":"八仙嶺郊野公園","UTM_GRID":"KK133920","UTM_ZONE":"50Q","trail_id_corrected_from":null,"position_may_be_inaccurate":false}},{"type":"Feature","geometry":{"type":"Point","coordinates":[114.20995,22.51223]},"properties":{"FAC_ID":"W136","TRAIL_ID":"ws_10","TRAIL_NAME_EN":"WILSON TRAIL SECTION 10","TRAIL_NAME_TC":"衞奕信徑第十段","COUNTRY_PARK_EN":"PAT SIN LENG COUNTRY PARK","COUNTRY_PARK_TC":"八仙嶺郊野公園","UTM_GRID":"KK129922","UTM_ZONE":"50Q","trail_id_corrected_from":null,"position_may_be_inaccurate":false}},{"type":"Feature","geometry":{"type":"Point","coordinates":[114.2093,22.51374]},"properties":{"FAC_ID":"W137","TRAIL_ID":"ws_10","TRAIL_NAME_EN":"WILSON TRAIL SECTION 10","TRAIL_NAME_TC":"衞奕信徑第十段","COUNTRY_PARK_EN":"PAT SIN LENG COUNTRY PARK","COUNTRY_PARK_TC":"八仙嶺郊野公園","UTM_GRID":"KK129923","UTM_ZONE":"50Q","trail_id_corrected_from":null,"position_may_be_inaccurate":false}},{"type":"Feature","geometry":{"type":"Point","coordinates":[113.98116,22.25728]},"properties":{"FAC_ID":"C1101","TRAIL_ID":"cty_18","TRAIL_NAME_EN":"SOUTH LANTAU COUNTRY TRAIL","TRAIL_NAME_TC":"南大嶼郊遊徑","COUNTRY_PARK_EN":"LANTAU SOUTH COUNTRY PARK","COUNTRY_PARK_TC":"南大嶼郊野公園","UTM_GRID":"HE072643","UTM_ZONE":"49Q","trail_id_corrected_from":null,"position_may_be_inaccurate":false}},{"type":"Feature","geometry":{"type":"Point","coordinates":[113.97759,22.25838]},"properties":{"FAC_ID":"C1102","TRAIL_ID":"cty_18","TRAIL_NAME_EN":"SOUTH LANTAU COUNTRY TRAIL","TRAIL_NAME_TC":"南大嶼郊遊徑","COUNTRY_PARK_EN":"LANTAU SOUTH COUNTRY PARK","COUNTRY_PARK_TC":"南大嶼郊野公園","UTM_GRID":"HE068644","UTM_ZONE":"49Q","trail_id_corrected_from":null,"position_may_be_inaccurate":false}},{"type":"Feature","geometry":{"type":"Point","coordinates":[113.97522,22.2568]},"properties":{"FAC_ID":"C1103","TRAIL_ID":"cty_18","TRAIL_NAME_EN":"SOUTH LANTAU COUNTRY TRAIL","TRAIL_NAME_TC":"南大嶼郊遊徑","COUNTRY_PARK_EN":"LANTAU SOUTH COUNTRY PARK","COUNTRY_PARK_TC":"南大嶼郊野公園","UTM_GRID":"HE066642","UTM_ZONE":"49Q","trail_id_corrected_from":null,"position_may_be_inaccurate":false}},{"type":"Feature","geometry":{"type":"Point","coordinates":[113.97385,22.25427]},"properties":{"FAC_ID":"C1104","TRAIL_ID":"cty_18","TRAIL_NAME_EN":"SOUTH LANTAU COUNTRY TRAIL","TRAIL_NAME_TC":"南大嶼郊遊徑","COUNTRY_PARK_EN":"LANTAU SOUTH COUNTRY PARK","COUNTRY_PARK_TC":"南大嶼郊野公園","UTM_GRID":"HE065639","UTM_ZONE":"49Q","trail_id_corrected_from":null,"position_may_be_inaccurate":false}},{"type":"Feature","geometry":{"type":"Point","coordinates":[113.971,22.25252]},"properties":{"FAC_ID":"C1105","TRAIL_ID":"cty_18","TRAIL_NAME_EN":"SOUTH LANTAU COUNTRY TRAIL","TRAIL_NAME_TC":"南大嶼郊遊徑","COUNTRY_PARK_EN":"LANTAU SOUTH COUNTRY PARK","COUNTRY_PARK_TC":"南大嶼郊野公園","UTM_GRID":"HE062637","UTM_ZONE":"49Q","trail_id_corrected_from":null,"position_may_be_inaccurate":false}},{"type":"Feature","geometry":{"type":"Point","coordinates":[113.96858,22.25039]},"properties":{"FAC_ID":"C1106","TRAIL_ID":"cty_18","TRAIL_NAME_EN":"SOUTH LANTAU COUNTRY TRAIL","TRAIL_NAME_TC":"南大嶼郊遊徑","COUNTRY_PARK_EN":"LANTAU SOUTH COUNTRY PARK","COUNTRY_PARK_TC":"南大嶼郊野公園","UTM_GRID":"HE059635","UTM_ZONE":"49Q","trail_id_corrected_from":null,"position_may_be_inaccurate":false}},{"type":"Feature","geometry":{"type":"Point","coordinates":[113.96478,22.24957]},"properties":{"FAC_ID":"C1107","TRAIL_ID":"cty_18","TRAIL_NAME_EN":"SOUTH LANTAU COUNTRY TRAIL","TRAIL_NAME_TC":"南大嶼郊遊徑","COUNTRY_PARK_EN":"LANTAU SOUTH COUNTRY PARK","COUNTRY_PARK_TC":"南大嶼郊野公園","UTM_GRID":"HE055634","UTM_ZONE":"49Q","trail_id_corrected_from":null,"position_may_be_inaccurate":false}},{"type":"Feature","geometry":{"type":"Point","coordinates":[113.96164,22.25124]},"properties":{"FAC_ID":"C1108","TRAIL_ID":"cty_18","TRAIL_NAME_EN":"SOUTH LANTAU COUNTRY TRAIL","TRAIL_NAME_TC":"南大嶼郊遊徑","COUNTRY_PARK_EN":"LANTAU SOUTH COUNTRY PARK","COUNTRY_PARK_TC":"南大嶼郊野公園","UTM_GRID":"HE052636","UTM_ZONE":"49Q","trail_id_corrected_from":null,"position_may_be_inaccurate":false}},{"type":"Feature","geometry":{"type":"Point","coordinates":[113.95865,22.24892]},"properties":{"FAC_ID":"C1109","TRAIL_ID":"cty_18","TRAIL_NAME_EN":"SOUTH LANTAU COUNTRY TRAIL","TRAIL_NAME_TC":"南大嶼郊遊徑","COUNTRY_PARK_EN":"LANTAU SOUTH COUNTRY PARK","COUNTRY_PARK_TC":"南大嶼郊野公園","UTM_GRID":"HE049633","UTM_ZONE":"49Q","trail_id_corrected_from":null,"position_may_be_inaccurate":false}},{"type":"Feature","geometry":{"type":"Point","coordinates":[113.95549,22.24763]},"properties":{"FAC_ID":"C1110","TRAIL_ID":"cty_18","TRAIL_NAME_EN":"SOUTH LANTAU COUNTRY TRAIL","TRAIL_NAME_TC":"南大嶼郊遊徑","COUNTRY_PARK_EN":"LANTAU SOUTH COUNTRY PARK","COUNTRY_PARK_TC":"南大嶼郊野公園","UTM_GRID":"HE046632","UTM_ZONE":"49Q","trail_id_corrected_from":null,"position_may_be_inaccurate":false}},{"type":"Feature","geometry":{"type":"Point","coordinates":[113.95317,22.24492]},"properties":{"FAC_ID":"C1111","TRAIL_ID":"cty_18","TRAIL_NAME_EN":"SOUTH LANTAU COUNTRY TRAIL","TRAIL_NAME_TC":"南大嶼郊遊徑","COUNTRY_PARK_EN":"LANTAU SOUTH COUNTRY PARK","COUNTRY_PARK_TC":"南大嶼郊野公園","UTM_GRID":"HE043629","UTM_ZONE":"49Q","trail_id_corrected_from":null,"position_may_be_inaccurate":false}},{"type":"Feature","geometry":{"type":"Point","coordinates":[113.94993,22.24489]},"properties":{"FAC_ID":"C1112","TRAIL_ID":"cty_18","TRAIL_NAME_EN":"SOUTH LANTAU COUNTRY TRAIL","TRAIL_NAME_TC":"南大嶼郊遊徑","COUNTRY_PARK_EN":"LANTAU SOUTH COUNTRY PARK","COUNTRY_PARK_TC":"南大嶼郊野公園","UTM_GRID":"HE040628","UTM_ZONE":"49Q","trail_id_corrected_from":null,"position_may_be_inaccurate":false}},{"type":"Feature","geometry":{"type":"Point","coordinates":[113.94774,22.24779]},"properties":{"FAC_ID":"C1113","TRAIL_ID":"cty_18","TRAIL_NAME_EN":"SOUTH LANTAU COUNTRY TRAIL","TRAIL_NAME_TC":"南大嶼郊遊徑","COUNTRY_PARK_EN":"LANTAU SOUTH COUNTRY PARK","COUNTRY_PARK_TC":"南大嶼郊野公園","UTM_GRID":"HE038632","UTM_ZONE":"49Q","trail_id_corrected_from":null,"position_may_be_inaccurate":false}},{"type":"Feature","geometry":{"type":"Point","coordinates":[113.94321,22.2485]},"properties":{"FAC_ID":"C1114","TRAIL_ID":"cty_18","TRAIL_NAME_EN":"SOUTH LANTAU COUNTRY TRAIL","TRAIL_NAME_TC":"南大嶼郊遊徑","COUNTRY_PARK_EN":"LANTAU SOUTH COUNTRY PARK","COUNTRY_PARK_TC":"南大嶼郊野公園","UTM_GRID":"HE033632","UTM_ZONE":"49Q","trail_id_corrected_from":null,"position_may_be_inaccurate":false}},{"type":"Feature","geometry":{"type":"Point","coordinates":[113.9409,22.24582]},"properties":{"FAC_ID":"C1115","TRAIL_ID":"cty_18","TRAIL_NAME_EN":"SOUTH LANTAU COUNTRY TRAIL","TRAIL_NAME_TC":"南大嶼郊遊徑","COUNTRY_PARK_EN":"LANTAU SOUTH COUNTRY PARK","COUNTRY_PARK_TC":"南大嶼郊野公園","UTM_GRID":"HE031629","UTM_ZONE":"49Q","trail_id_corrected_from":null,"position_may_be_inaccurate":false}},{"type":"Feature","geometry":{"type":"Point","coordinates":[113.94046,22.24301]},"properties":{"FAC_ID":"C1116","TRAIL_ID":"cty_18","TRAIL_NAME_EN":"SOUTH LANTAU COUNTRY TRAIL","TRAIL_NAME_TC":"南大嶼郊遊徑","COUNTRY_PARK_EN":"LANTAU SOUTH COUNTRY PARK","COUNTRY_PARK_TC":"南大嶼郊野公園","UTM_GRID":"HE030626","UTM_ZONE":"49Q","trail_id_corrected_from":null,"position_may_be_inaccurate":false}},{"type":"Feature","geometry":{"type":"Point","coordinates":[113.93904,22.23944]},"properties":{"FAC_ID":"C1117","TRAIL_ID":"cty_18","TRAIL_NAME_EN":"SOUTH LANTAU COUNTRY TRAIL","TRAIL_NAME_TC":"南大嶼郊遊徑","COUNTRY_PARK_EN":"LANTAU SOUTH COUNTRY PARK","COUNTRY_PARK_TC":"南大嶼郊野公園","UTM_GRID":"HE029622","UTM_ZONE":"49Q","trail_id_corrected_from":null,"position_may_be_inaccurate":false}},{"type":"Feature","geometry":{"type":"Point","coordinates":[113.93636,22.2367]},"properties":{"FAC_ID":"C1118","TRAIL_ID":"cty_18","TRAIL_NAME_EN":"SOUTH LANTAU COUNTRY TRAIL","TRAIL_NAME_TC":"南大嶼郊遊徑","COUNTRY_PARK_EN":"LANTAU SOUTH COUNTRY PARK","COUNTRY_PARK_TC":"南大嶼郊野公園","UTM_GRID":"HE026619","UTM_ZONE":"49Q","trail_id_corrected_from":null,"position_may_be_inaccurate":false}},{"type":"Feature","geometry":{"type":"Point","coordinates":[113.93424,22.23655]},"properties":{"FAC_ID":"C1119","TRAIL_ID":"cty_18","TRAIL_NAME_EN":"SOUTH LANTAU COUNTRY TRAIL","TRAIL_NAME_TC":"南大嶼郊遊徑","COUNTRY_PARK_EN":"LANTAU SOUTH COUNTRY PARK","COUNTRY_PARK_TC":"南大嶼郊野公園","UTM_GRID":"HE024619","UTM_ZONE":"49Q","trail_id_corrected_from":null,"position_may_be_inaccurate":false}},{"type":"Feature","geometry":{"type":"Point","coordinates":[113.93118,22.23212]},"properties":{"FAC_ID":"C1120","TRAIL_ID":"cty_18","TRAIL_NAME_EN":"SOUTH LANTAU COUNTRY TRAIL","TRAIL_NAME_TC":"南大嶼郊遊徑","COUNTRY_PARK_EN":"LANTAU SOUTH COUNTRY PARK","COUNTRY_PARK_TC":"南大嶼郊野公園","UTM_GRID":"HE021614","UTM_ZONE":"49Q","trail_id_corrected_from":null,"position_may_be_inaccurate":false}},{"type":"Feature","geometry":{"type":"Point","coordinates":[113.95318,22.26835]},"properties":{"FAC_ID":"C1201","TRAIL_ID":"cty_17","TRAIL_NAME_EN":"WONG LUNG HANG COUNTRY TRAIL","TRAIL_NAME_TC":"黃龍坑郊遊徑","COUNTRY_PARK_EN":"LANTAU NORTH COUNTRY PARK","COUNTRY_PARK_TC":"北大嶼郊野公園","UTM_GRID":"HE043655","UTM_ZONE":"49Q","trail_id_corrected_from":null,"position_may_be_inaccurate":false}},{"type":"Feature","geometry":{"type":"Point","coordinates":[113.95274,22.2658]},"properties":{"FAC_ID":"C1202","TRAIL_ID":"cty_17","TRAIL_NAME_EN":"WONG LUNG HANG COUNTRY TRAIL","TRAIL_NAME_TC":"黃龍坑郊遊徑","COUNTRY_PARK_EN":"LANTAU NORTH COUNTRY PARK","COUNTRY_PARK_TC":"北大嶼郊野公園","UTM_GRID":"HE043652","UTM_ZONE":"49Q","trail_id_corrected_from":null,"position_may_be_inaccurate":false}},{"type":"Feature","geometry":{"type":"Point","coordinates":[113.95415,22.26263]},"properties":{"FAC_ID":"C1203","TRAIL_ID":"cty_17","TRAIL_NAME_EN":"WONG LUNG HANG COUNTRY TRAIL","TRAIL_NAME_TC":"黃龍坑郊遊徑","COUNTRY_PARK_EN":"LANTAU NORTH COUNTRY PARK","COUNTRY_PARK_TC":"北大嶼郊野公園","UTM_GRID":"HE044648","UTM_ZONE":"49Q","trail_id_corrected_from":null,"position_may_be_inaccurate":false}},{"type":"Feature","geometry":{"type":"Point","coordinates":[113.95869,22.26002]},"properties":{"FAC_ID":"C1204","TRAIL_ID":"cty_17","TRAIL_NAME_EN":"WONG LUNG HANG COUNTRY TRAIL","TRAIL_NAME_TC":"黃龍坑郊遊徑","COUNTRY_PARK_EN":"LANTAU NORTH COUNTRY PARK","COUNTRY_PARK_TC":"北大嶼郊野公園","UTM_GRID":"HE049645","UTM_ZONE":"49Q","trail_id_corrected_from":null,"position_may_be_inaccurate":false}},{"type":"Feature","geometry":{"type":"Point","coordinates":[113.86605,22.2102]},"properties":{"FAC_ID":"C1301","TRAIL_ID":"cty_19","TRAIL_NAME_EN":"KEUNG SHAN COUNTRY TRAIL","TRAIL_NAME_TC":"羗山郊遊徑","COUNTRY_PARK_EN":"LANTAU SOUTH COUNTRY PARK","COUNTRY_PARK_TC":"南大嶼郊野公園","UTM_GRID":"GE954588","UTM_ZONE":"49Q","trail_id_corrected_from":null,"position_may_be_inaccurate":false}},{"type":"Feature","geometry":{"type":"Point","coordinates":[113.86464,22.21422]},"properties":{"FAC_ID":"C1302","TRAIL_ID":"cty_19","TRAIL_NAME_EN":"KEUNG SHAN COUNTRY TRAIL","TRAIL_NAME_TC":"羗山郊遊徑","COUNTRY_PARK_EN":"LANTAU SOUTH COUNTRY PARK","COUNTRY_PARK_TC":"南大嶼郊野公園","UTM_GRID":"GE953593","UTM_ZONE":"49Q","trail_id_corrected_from":null,"position_may_be_inaccurate":false}},{"type":"Feature","geometry":{"type":"Point","coordinates":[113.86703,22.21661]},"properties":{"FAC_ID":"C1303","TRAIL_ID":"cty_19","TRAIL_NAME_EN":"KEUNG SHAN COUNTRY TRAIL","TRAIL_NAME_TC":"羗山郊遊徑","COUNTRY_PARK_EN":"LANTAU SOUTH COUNTRY PARK","COUNTRY_PARK_TC":"南大嶼郊野公園","UTM_GRID":"GE955596","UTM_ZONE":"49Q","trail_id_corrected_from":null,"position_may_be_inaccurate":false}},{"type":"Feature","geometry":{"type":"Point","coordinates":[113.86994,22.21852]},"properties":{"FAC_ID":"C1304","TRAIL_ID":"cty_19","TRAIL_NAME_EN":"KEUNG SHAN COUNTRY TRAIL","TRAIL_NAME_TC":"羗山郊遊徑","COUNTRY_PARK_EN":"LANTAU SOUTH COUNTRY PARK","COUNTRY_PARK_TC":"南大嶼郊野公園","UTM_GRID":"GE958598","UTM_ZONE":"49Q","trail_id_corrected_from":null,"position_may_be_inaccurate":false}},{"type":"Feature","geometry":{"type":"Point","coordinates":[113.87451,22.21939]},"properties":{"FAC_ID":"C1305","TRAIL_ID":"cty_19","TRAIL_NAME_EN":"KEUNG SHAN COUNTRY TRAIL","TRAIL_NAME_TC":"羗山郊遊徑","COUNTRY_PARK_EN":"LANTAU SOUTH COUNTRY PARK","COUNTRY_PARK_TC":"南大嶼郊野公園","UTM_GRID":"GE963599","UTM_ZONE":"49Q","trail_id_corrected_from":null,"position_may_be_inaccurate":false}},{"type":"Feature","geometry":{"type":"Point","coordinates":[113.87577,22.22312]},"properties":{"FAC_ID":"C1306","TRAIL_ID":"cty_19","TRAIL_NAME_EN":"KEUNG SHAN COUNTRY TRAIL","TRAIL_NAME_TC":"羗山郊遊徑","COUNTRY_PARK_EN":"LANTAU SOUTH COUNTRY PARK","COUNTRY_PARK_TC":"南大嶼郊野公園","UTM_GRID":"GE964603","UTM_ZONE":"49Q","trail_id_corrected_from":null,"position_may_be_inaccurate":false}},{"type":"Feature","geometry":{"type":"Point","coordinates":[113.87665,22.22729]},"properties":{"FAC_ID":"C1307","TRAIL_ID":"cty_19","TRAIL_NAME_EN":"KEUNG SHAN COUNTRY TRAIL","TRAIL_NAME_TC":"羗山郊遊徑","COUNTRY_PARK_EN":"LANTAU SOUTH COUNTRY PARK","COUNTRY_PARK_TC":"南大嶼郊野公園","UTM_GRID":"GE965608","UTM_ZONE":"49Q","trail_id_corrected_from":null,"position_may_be_inaccurate":false}},{"type":"Feature","geometry":{"type":"Point","coordinates":[113.87445,22.23065]},"properties":{"FAC_ID":"C1308","TRAIL_ID":"cty_19","TRAIL_NAME_EN":"KEUNG SHAN COUNTRY TRAIL","TRAIL_NAME_TC":"羗山郊遊徑","COUNTRY_PARK_EN":"LANTAU SOUTH COUNTRY PARK","COUNTRY_PARK_TC":"南大嶼郊野公園","UTM_GRID":"GE963611","UTM_ZONE":"49Q","trail_id_corrected_from":null,"position_may_be_inaccurate":false}},{"type":"Feature","geometry":{"type":"Point","coordinates":[113.87059,22.23132]},"properties":{"FAC_ID":"C1309","TRAIL_ID":"cty_19","TRAIL_NAME_EN":"KEUNG SHAN COUNTRY TRAIL","TRAIL_NAME_TC":"羗山郊遊徑","COUNTRY_PARK_EN":"LANTAU SOUTH COUNTRY PARK","COUNTRY_PARK_TC":"南大嶼郊野公園","UTM_GRID":"GE959612","UTM_ZONE":"49Q","trail_id_corrected_from":null,"position_may_be_inaccurate":false}},{"type":"Feature","geometry":{"type":"Point","coordinates":[113.86709,22.23319]},"properties":{"FAC_ID":"C1310","TRAIL_ID":"cty_19","TRAIL_NAME_EN":"KEUNG SHAN COUNTRY TRAIL","TRAIL_NAME_TC":"羗山郊遊徑","COUNTRY_PARK_EN":"LANTAU SOUTH COUNTRY PARK","COUNTRY_PARK_TC":"南大嶼郊野公園","UTM_GRID":"GE955614","UTM_ZONE":"49Q","trail_id_corrected_from":null,"position_may_be_inaccurate":false}},{"type":"Feature","geometry":{"type":"Point","coordinates":[113.87022,22.2357]},"properties":{"FAC_ID":"C1311","TRAIL_ID":"cty_19","TRAIL_NAME_EN":"KEUNG SHAN COUNTRY TRAIL","TRAIL_NAME_TC":"羗山郊遊徑","COUNTRY_PARK_EN":"LANTAU SOUTH COUNTRY PARK","COUNTRY_PARK_TC":"南大嶼郊野公園","UTM_GRID":"GE958617","UTM_ZONE":"49Q","trail_id_corrected_from":null,"position_may_be_inaccurate":false}},{"type":"Feature","geometry":{"type":"Point","coordinates":[113.87005,22.23954]},"properties":{"FAC_ID":"C1312","TRAIL_ID":"cty_19","TRAIL_NAME_EN":"KEUNG SHAN COUNTRY TRAIL","TRAIL_NAME_TC":"羗山郊遊徑","COUNTRY_PARK_EN":"LANTAU SOUTH COUNTRY PARK","COUNTRY_PARK_TC":"南大嶼郊野公園","UTM_GRID":"GE958621","UTM_ZONE":"49Q","trail_id_corrected_from":null,"position_may_be_inaccurate":false}},{"type":"Feature","geometry":{"type":"Point","coordinates":[113.87328,22.24101]},"properties":{"FAC_ID":"C1313","TRAIL_ID":"cty_19","TRAIL_NAME_EN":"KEUNG SHAN COUNTRY TRAIL","TRAIL_NAME_TC":"羗山郊遊徑","COUNTRY_PARK_EN":"LANTAU SOUTH COUNTRY PARK","COUNTRY_PARK_TC":"南大嶼郊野公園","UTM_GRID":"GE961623","UTM_ZONE":"49Q","trail_id_corrected_from":null,"position_may_be_inaccurate":false}},{"type":"Feature","geometry":{"type":"Point","coordinates":[113.87553,22.23853]},"properties":{"FAC_ID":"C1314","TRAIL_ID":"cty_19","TRAIL_NAME_EN":"KEUNG SHAN COUNTRY TRAIL","TRAIL_NAME_TC":"羗山郊遊徑","COUNTRY_PARK_EN":"Excluded Area","COUNTRY_PARK_TC":"不包括地區","UTM_GRID":"GE964620","UTM_ZONE":"49Q","trail_id_corrected_from":null,"position_may_be_inaccurate":false}},{"type":"Feature","geometry":{"type":"Point","coordinates":[113.87732,22.24089]},"properties":{"FAC_ID":"C1315","TRAIL_ID":"cty_19","TRAIL_NAME_EN":"KEUNG SHAN COUNTRY TRAIL","TRAIL_NAME_TC":"羗山郊遊徑","COUNTRY_PARK_EN":"LANTAU SOUTH COUNTRY PARK","COUNTRY_PARK_TC":"南大嶼郊野公園","UTM_GRID":"GE965623","UTM_ZONE":"49Q","trail_id_corrected_from":null,"position_may_be_inaccurate":false}},{"type":"Feature","geometry":{"type":"Point","coordinates":[113.88176,22.24124]},"properties":{"FAC_ID":"C1316","TRAIL_ID":"cty_19","TRAIL_NAME_EN":"KEUNG SHAN COUNTRY TRAIL","TRAIL_NAME_TC":"羗山郊遊徑","COUNTRY_PARK_EN":"Excluded Area","COUNTRY_PARK_TC":"不包括地區","UTM_GRID":"GE970623","UTM_ZONE":"49Q","trail_id_corrected_from":null,"position_may_be_inaccurate":false}},{"type":"Feature","geometry":{"type":"Point","coordinates":[113.9859,22.23631]},"properties":{"FAC_ID":"C1401","TRAIL_ID":"cty_15","TRAIL_NAME_EN":"CHI MA WAN COUNTRY TRAIL","TRAIL_NAME_TC":"芝麻灣郊遊徑","COUNTRY_PARK_EN":"LANTAU SOUTH COUNTRY PARK","COUNTRY_PARK_TC":"南大嶼郊野公園","UTM_GRID":"HE077620","UTM_ZONE":"49Q","trail_id_corrected_from":null,"position_may_be_inaccurate":false}},{"type":"Feature","geometry":{"type":"Point","coordinates":[113.98385,22.23446]},"properties":{"FAC_ID":"C1402","TRAIL_ID":"cty_15","TRAIL_NAME_EN":"CHI MA WAN COUNTRY TRAIL","TRAIL_NAME_TC":"芝麻灣郊遊徑","COUNTRY_PARK_EN":"LANTAU SOUTH COUNTRY PARK","COUNTRY_PARK_TC":"南大嶼郊野公園","UTM_GRID":"HE075618","UTM_ZONE":"49Q","trail_id_corrected_from":null,"position_may_be_inaccurate":false}},{"type":"Feature","geometry":{"type":"Point","coordinates":[113.98166,22.23089]},"properties":{"FAC_ID":"C1403","TRAIL_ID":"cty_15","TRAIL_NAME_EN":"CHI MA WAN COUNTRY TRAIL","TRAIL_NAME_TC":"芝麻灣郊遊徑","COUNTRY_PARK_EN":"LANTAU SOUTH COUNTRY PARK","COUNTRY_PARK_TC":"南大嶼郊野公園","UTM_GRID":"HE073614","UTM_ZONE":"49Q","trail_id_corrected_from":null,"position_may_be_inaccurate":false}},{"type":"Feature","geometry":{"type":"Point","coordinates":[113.98067,22.22835]},"properties":{"FAC_ID":"C1404","TRAIL_ID":"cty_15","TRAIL_NAME_EN":"CHI MA WAN COUNTRY TRAIL","TRAIL_NAME_TC":"芝麻灣郊遊徑","COUNTRY_PARK_EN":"LANTAU SOUTH COUNTRY PARK","COUNTRY_PARK_TC":"南大嶼郊野公園","UTM_GRID":"HE072611","UTM_ZONE":"49Q","trail_id_corrected_from":null,"position_may_be_inaccurate":false}},{"type":"Feature","geometry":{"type":"Point","coordinates":[113.98281,22.22654]},"properties":{"FAC_ID":"C1405","TRAIL_ID":"cty_15","TRAIL_NAME_EN":"CHI MA WAN COUNTRY TRAIL","TRAIL_NAME_TC":"芝麻灣郊遊徑","COUNTRY_PARK_EN":"LANTAU SOUTH COUNTRY PARK","COUNTRY_PARK_TC":"南大嶼郊野公園","UTM_GRID":"HE074609","UTM_ZONE":"49Q","trail_id_corrected_from":null,"position_may_be_inaccurate":false}},{"type":"Feature","geometry":{"type":"Point","coordinates":[113.98652,22.22685]},"properties":{"FAC_ID":"C1406","TRAIL_ID":"cty_15","TRAIL_NAME_EN":"CHI MA WAN COUNTRY TRAIL","TRAIL_NAME_TC":"芝麻灣郊遊徑","COUNTRY_PARK_EN":"LANTAU SOUTH COUNTRY PARK","COUNTRY_PARK_TC":"南大嶼郊野公園","UTM_GRID":"HE078609","UTM_ZONE":"49Q","trail_id_corrected_from":null,"position_may_be_inaccurate":false}},{"type":"Feature","geometry":{"type":"Point","coordinates":[113.98626,22.22392]},"properties":{"FAC_ID":"C1407","TRAIL_ID":"cty_15","TRAIL_NAME_EN":"CHI MA WAN COUNTRY TRAIL","TRAIL_NAME_TC":"芝麻灣郊遊徑","COUNTRY_PARK_EN":"Outside Country Park and Special Area","COUNTRY_PARK_TC":"不在郊野公園及特別地區範圍","UTM_GRID":"HE078606","UTM_ZONE":"49Q","trail_id_corrected_from":null,"position_may_be_inaccurate":false}},{"type":"Feature","geometry":{"type":"Point","coordinates":[113.98454,22.21987]},"properties":{"FAC_ID":"C1408","TRAIL_ID":"cty_15","TRAIL_NAME_EN":"CHI MA WAN COUNTRY TRAIL","TRAIL_NAME_TC":"芝麻灣郊遊徑","COUNTRY_PARK_EN":"LANTAU SOUTH COUNTRY PARK","COUNTRY_PARK_TC":"南大嶼郊野公園","UTM_GRID":"HE076601","UTM_ZONE":"49Q","trail_id_corrected_from":null,"position_may_be_inaccurate":false}},{"type":"Feature","geometry":{"type":"Point","coordinates":[113.982,22.21807]},"properties":{"FAC_ID":"C1409","TRAIL_ID":"cty_15","TRAIL_NAME_EN":"CHI MA WAN COUNTRY TRAIL","TRAIL_NAME_TC":"芝麻灣郊遊徑","COUNTRY_PARK_EN":"LANTAU SOUTH COUNTRY PARK","COUNTRY_PARK_TC":"南大嶼郊野公園","UTM_GRID":"HE074599","UTM_ZONE":"49Q","trail_id_corrected_from":null,"position_may_be_inaccurate":false}},{"type":"Feature","geometry":{"type":"Point","coordinates":[113.9852,22.2173]},"properties":{"FAC_ID":"C1410","TRAIL_ID":"cty_15","TRAIL_NAME_EN":"CHI MA WAN COUNTRY TRAIL","TRAIL_NAME_TC":"芝麻灣郊遊徑","COUNTRY_PARK_EN":"LANTAU SOUTH COUNTRY PARK","COUNTRY_PARK_TC":"南大嶼郊野公園","UTM_GRID":"HE077599","UTM_ZONE":"49Q","trail_id_corrected_from":null,"position_may_be_inaccurate":false}},{"type":"Feature","geometry":{"type":"Point","coordinates":[113.9887,22.21856]},"properties":{"FAC_ID":"C1411","TRAIL_ID":"cty_15","TRAIL_NAME_EN":"CHI MA WAN COUNTRY TRAIL","TRAIL_NAME_TC":"芝麻灣郊遊徑","COUNTRY_PARK_EN":"LANTAU SOUTH COUNTRY PARK","COUNTRY_PARK_TC":"南大嶼郊野公園","UTM_GRID":"HE081600","UTM_ZONE":"49Q","trail_id_corrected_from":null,"position_may_be_inaccurate":false}},{"type":"Feature","geometry":{"type":"Point","coordinates":[113.99092,22.22031]},"properties":{"FAC_ID":"C1412","TRAIL_ID":"cty_15","TRAIL_NAME_EN":"CHI MA WAN COUNTRY TRAIL","TRAIL_NAME_TC":"芝麻灣郊遊徑","COUNTRY_PARK_EN":"LANTAU SOUTH COUNTRY PARK","COUNTRY_PARK_TC":"南大嶼郊野公園","UTM_GRID":"HE083602","UTM_ZONE":"49Q","trail_id_corrected_from":null,"position_may_be_inaccurate":false}},{"type":"Feature","geometry":{"type":"Point","coordinates":[113.99106,22.22254]},"properties":{"FAC_ID":"C1413","TRAIL_ID":"cty_15","TRAIL_NAME_EN":"CHI MA WAN COUNTRY TRAIL","TRAIL_NAME_TC":"芝麻灣郊遊徑","COUNTRY_PARK_EN":"LANTAU SOUTH COUNTRY PARK","COUNTRY_PARK_TC":"南大嶼郊野公園","UTM_GRID":"HE083605","UTM_ZONE":"49Q","trail_id_corrected_from":null,"position_may_be_inaccurate":false}},{"type":"Feature","geometry":{"type":"Point","coordinates":[113.99313,22.2236]},"properties":{"FAC_ID":"C1414","TRAIL_ID":"cty_15","TRAIL_NAME_EN":"CHI MA WAN COUNTRY TRAIL","TRAIL_NAME_TC":"芝麻灣郊遊徑","COUNTRY_PARK_EN":"LANTAU SOUTH COUNTRY PARK","COUNTRY_PARK_TC":"南大嶼郊野公園","UTM_GRID":"HE085606","UTM_ZONE":"49Q","trail_id_corrected_from":null,"position_may_be_inaccurate":false}},{"type":"Feature","geometry":{"type":"Point","coordinates":[113.9953,22.22399]},"properties":{"FAC_ID":"C1415","TRAIL_ID":"cty_15","TRAIL_NAME_EN":"CHI MA WAN COUNTRY TRAIL","TRAIL_NAME_TC":"芝麻灣郊遊徑","COUNTRY_PARK_EN":"LANTAU SOUTH COUNTRY PARK","COUNTRY_PARK_TC":"南大嶼郊野公園","UTM_GRID":"HE087606","UTM_ZONE":"49Q","trail_id_corrected_from":null,"position_may_be_inaccurate":false}},{"type":"Feature","geometry":{"type":"Point","coordinates":[113.99825,22.22669]},"properties":{"FAC_ID":"C1416","TRAIL_ID":"cty_15","TRAIL_NAME_EN":"CHI MA WAN COUNTRY TRAIL","TRAIL_NAME_TC":"芝麻灣郊遊徑","COUNTRY_PARK_EN":"LANTAU SOUTH COUNTRY PARK","COUNTRY_PARK_TC":"南大嶼郊野公園","UTM_GRID":"HE090609","UTM_ZONE":"49Q","trail_id_corrected_from":null,"position_may_be_inaccurate":false}},{"type":"Feature","geometry":{"type":"Point","coordinates":[114.0004,22.22702]},"properties":{"FAC_ID":"C1417","TRAIL_ID":"cty_15","TRAIL_NAME_EN":"CHI MA WAN COUNTRY TRAIL","TRAIL_NAME_TC":"芝麻灣郊遊徑","COUNTRY_PARK_EN":"LANTAU SOUTH COUNTRY PARK","COUNTRY_PARK_TC":"南大嶼郊野公園","UTM_GRID":"JK907610","UTM_ZONE":"50Q","trail_id_corrected_from":null,"position_may_be_inaccurate":false}},{"type":"Feature","geometry":{"type":"Point","coordinates":[114.00196,22.2273]},"properties":{"FAC_ID":"C1418","TRAIL_ID":"cty_15","TRAIL_NAME_EN":"CHI MA WAN COUNTRY TRAIL","TRAIL_NAME_TC":"芝麻灣郊遊徑","COUNTRY_PARK_EN":"LANTAU SOUTH COUNTRY PARK","COUNTRY_PARK_TC":"南大嶼郊野公園","UTM_GRID":"JK909610","UTM_ZONE":"50Q","trail_id_corrected_from":null,"position_may_be_inaccurate":false}},{"type":"Feature","geometry":{"type":"Point","coordinates":[114.00152,22.22336]},"properties":{"FAC_ID":"C1419","TRAIL_ID":"cty_15","TRAIL_NAME_EN":"CHI MA WAN COUNTRY TRAIL","TRAIL_NAME_TC":"芝麻灣郊遊徑","COUNTRY_PARK_EN":"LANTAU SOUTH COUNTRY PARK","COUNTRY_PARK_TC":"南大嶼郊野公園","UTM_GRID":"JK908606","UTM_ZONE":"50Q","trail_id_corrected_from":null,"position_may_be_inaccurate":false}},{"type":"Feature","geometry":{"type":"Point","coordinates":[114.00204,22.22173]},"properties":{"FAC_ID":"C1420","TRAIL_ID":"cty_15","TRAIL_NAME_EN":"CHI MA WAN COUNTRY TRAIL","TRAIL_NAME_TC":"芝麻灣郊遊徑","COUNTRY_PARK_EN":"LANTAU SOUTH COUNTRY PARK","COUNTRY_PARK_TC":"南大嶼郊野公園","UTM_GRID":"JK909604","UTM_ZONE":"50Q","trail_id_corrected_from":null,"position_may_be_inaccurate":false}},{"type":"Feature","geometry":{"type":"Point","coordinates":[114.00283,22.21933]},"properties":{"FAC_ID":"C1421","TRAIL_ID":"cty_15","TRAIL_NAME_EN":"CHI MA WAN COUNTRY TRAIL","TRAIL_NAME_TC":"芝麻灣郊遊徑","COUNTRY_PARK_EN":"LANTAU SOUTH COUNTRY PARK","COUNTRY_PARK_TC":"南大嶼郊野公園","UTM_GRID":"JK910601","UTM_ZONE":"50Q","trail_id_corrected_from":null,"position_may_be_inaccurate":false}},{"type":"Feature","geometry":{"type":"Point","coordinates":[114.00719,22.22213]},"properties":{"FAC_ID":"C1422","TRAIL_ID":"cty_15","TRAIL_NAME_EN":"CHI MA WAN COUNTRY TRAIL","TRAIL_NAME_TC":"芝麻灣郊遊徑","COUNTRY_PARK_EN":"LANTAU SOUTH COUNTRY PARK","COUNTRY_PARK_TC":"南大嶼郊野公園","UTM_GRID":"JK914604","UTM_ZONE":"50Q","trail_id_corrected_from":null,"position_may_be_inaccurate":false}},{"type":"Feature","geometry":{"type":"Point","coordinates":[114.0083,22.22543]},"properties":{"FAC_ID":"C1423","TRAIL_ID":"cty_15","TRAIL_NAME_EN":"CHI MA WAN COUNTRY TRAIL","TRAIL_NAME_TC":"芝麻灣郊遊徑","COUNTRY_PARK_EN":"LANTAU SOUTH COUNTRY PARK","COUNTRY_PARK_TC":"南大嶼郊野公園","UTM_GRID":"JK915608","UTM_ZONE":"50Q","trail_id_corrected_from":null,"position_may_be_inaccurate":false}},{"type":"Feature","geometry":{"type":"Point","coordinates":[114.00723,22.2278]},"properties":{"FAC_ID":"C1424","TRAIL_ID":"cty_15","TRAIL_NAME_EN":"CHI MA WAN COUNTRY TRAIL","TRAIL_NAME_TC":"芝麻灣郊遊徑","COUNTRY_PARK_EN":"LANTAU SOUTH COUNTRY PARK","COUNTRY_PARK_TC":"南大嶼郊野公園","UTM_GRID":"JK914610","UTM_ZONE":"50Q","trail_id_corrected_from":null,"position_may_be_inaccurate":false}},{"type":"Feature","geometry":{"type":"Point","coordinates":[114.00564,22.23056]},"properties":{"FAC_ID":"C1425","TRAIL_ID":"cty_15","TRAIL_NAME_EN":"CHI MA WAN COUNTRY TRAIL","TRAIL_NAME_TC":"芝麻灣郊遊徑","COUNTRY_PARK_EN":"LANTAU SOUTH COUNTRY PARK","COUNTRY_PARK_TC":"南大嶼郊野公園","UTM_GRID":"JK913614","UTM_ZONE":"50Q","trail_id_corrected_from":null,"position_may_be_inaccurate":false}},{"type":"Feature","geometry":{"type":"Point","coordinates":[114.00193,22.22898]},"properties":{"FAC_ID":"C1426","TRAIL_ID":"cty_15","TRAIL_NAME_EN":"CHI MA WAN COUNTRY TRAIL","TRAIL_NAME_TC":"芝麻灣郊遊徑","COUNTRY_PARK_EN":"LANTAU SOUTH COUNTRY PARK","COUNTRY_PARK_TC":"南大嶼郊野公園","UTM_GRID":"JK909612","UTM_ZONE":"50Q","trail_id_corrected_from":null,"position_may_be_inaccurate":false}},{"type":"Feature","geometry":{"type":"Point","coordinates":[113.99801,22.23032]},"properties":{"FAC_ID":"C1427","TRAIL_ID":"cty_15","TRAIL_NAME_EN":"CHI MA WAN COUNTRY TRAIL","TRAIL_NAME_TC":"芝麻灣郊遊徑","COUNTRY_PARK_EN":"LANTAU SOUTH COUNTRY PARK","COUNTRY_PARK_TC":"南大嶼郊野公園","UTM_GRID":"HE090613","UTM_ZONE":"49Q","trail_id_corrected_from":null,"position_may_be_inaccurate":false}},{"type":"Feature","geometry":{"type":"Point","coordinates":[113.99995,22.23327]},"properties":{"FAC_ID":"C1428","TRAIL_ID":"cty_15","TRAIL_NAME_EN":"CHI MA WAN COUNTRY TRAIL","TRAIL_NAME_TC":"芝麻灣郊遊徑","COUNTRY_PARK_EN":"LANTAU SOUTH COUNTRY PARK","COUNTRY_PARK_TC":"南大嶼郊野公園","UTM_GRID":"HE092617","UTM_ZONE":"49Q","trail_id_corrected_from":null,"position_may_be_inaccurate":false}},{"type":"Feature","geometry":{"type":"Point","coordinates":[113.99742,22.23292]},"properties":{"FAC_ID":"C1429","TRAIL_ID":"cty_15","TRAIL_NAME_EN":"CHI MA WAN COUNTRY TRAIL","TRAIL_NAME_TC":"芝麻灣郊遊徑","COUNTRY_PARK_EN":"LANTAU SOUTH COUNTRY PARK","COUNTRY_PARK_TC":"南大嶼郊野公園","UTM_GRID":"HE089616","UTM_ZONE":"49Q","trail_id_corrected_from":null,"position_may_be_inaccurate":false}},{"type":"Feature","geometry":{"type":"Point","coordinates":[113.99574,22.23014]},"properties":{"FAC_ID":"C1430","TRAIL_ID":"cty_15","TRAIL_NAME_EN":"CHI MA WAN COUNTRY TRAIL","TRAIL_NAME_TC":"芝麻灣郊遊徑","COUNTRY_PARK_EN":"LANTAU SOUTH COUNTRY PARK","COUNTRY_PARK_TC":"南大嶼郊野公園","UTM_GRID":"HE088613","UTM_ZONE":"49Q","trail_id_corrected_from":null,"position_may_be_inaccurate":false}},{"type":"Feature","geometry":{"type":"Point","coordinates":[113.99384,22.22709]},"properties":{"FAC_ID":"C1431","TRAIL_ID":"cty_15","TRAIL_NAME_EN":"CHI MA WAN COUNTRY TRAIL","TRAIL_NAME_TC":"芝麻灣郊遊徑","COUNTRY_PARK_EN":"LANTAU SOUTH COUNTRY PARK","COUNTRY_PARK_TC":"南大嶼郊野公園","UTM_GRID":"HE086610","UTM_ZONE":"49Q","trail_id_corrected_from":null,"position_may_be_inaccurate":false}},{"type":"Feature","geometry":{"type":"Point","coordinates":[113.99036,22.22741]},"properties":{"FAC_ID":"C1432","TRAIL_ID":"cty_15","TRAIL_NAME_EN":"CHI MA WAN COUNTRY TRAIL","TRAIL_NAME_TC":"芝麻灣郊遊徑","COUNTRY_PARK_EN":"LANTAU SOUTH COUNTRY PARK","COUNTRY_PARK_TC":"南大嶼郊野公園","UTM_GRID":"HE082610","UTM_ZONE":"49Q","trail_id_corrected_from":null,"position_may_be_inaccurate":false}},{"type":"Feature","geometry":{"type":"Point","coordinates":[113.98653,22.22925]},"properties":{"FAC_ID":"C1433","TRAIL_ID":"cty_15","TRAIL_NAME_EN":"CHI MA WAN COUNTRY TRAIL","TRAIL_NAME_TC":"芝麻灣郊遊徑","COUNTRY_PARK_EN":"LANTAU SOUTH COUNTRY PARK","COUNTRY_PARK_TC":"南大嶼郊野公園","UTM_GRID":"HE078612","UTM_ZONE":"49Q","trail_id_corrected_from":null,"position_may_be_inaccurate":false}},{"type":"Feature","geometry":{"type":"Point","coordinates":[113.98541,22.23174]},"properties":{"FAC_ID":"C1434","TRAIL_ID":"cty_15","TRAIL_NAME_EN":"CHI MA WAN COUNTRY TRAIL","TRAIL_NAME_TC":"芝麻灣郊遊徑","COUNTRY_PARK_EN":"LANTAU SOUTH COUNTRY PARK","COUNTRY_PARK_TC":"南大嶼郊野公園","UTM_GRID":"HE077615","UTM_ZONE":"49Q","trail_id_corrected_from":null,"position_may_be_inaccurate":false}},{"type":"Feature","geometry":{"type":"Point","coordinates":[113.98818,22.23482]},"properties":{"FAC_ID":"C1435","TRAIL_ID":"cty_15","TRAIL_NAME_EN":"CHI MA WAN COUNTRY TRAIL","TRAIL_NAME_TC":"芝麻灣郊遊徑","COUNTRY_PARK_EN":"LANTAU SOUTH COUNTRY PARK","COUNTRY_PARK_TC":"南大嶼郊野公園","UTM_GRID":"HE080618","UTM_ZONE":"49Q","trail_id_corrected_from":null,"position_may_be_inaccurate":false}},{"type":"Feature","geometry":{"type":"Point","coordinates":[113.98778,22.23852]},"properties":{"FAC_ID":"C1436","TRAIL_ID":"cty_15","TRAIL_NAME_EN":"CHI MA WAN COUNTRY TRAIL","TRAIL_NAME_TC":"芝麻灣郊遊徑","COUNTRY_PARK_EN":"LANTAU SOUTH COUNTRY PARK","COUNTRY_PARK_TC":"南大嶼郊野公園","UTM_GRID":"HE079622","UTM_ZONE":"49Q","trail_id_corrected_from":null,"position_may_be_inaccurate":false}},{"type":"Feature","geometry":{"type":"Point","coordinates":[113.9121,22.24918]},"properties":{"FAC_ID":"C1501","TRAIL_ID":"cty_31","TRAIL_NAME_EN":"SHEK PIK COUNTRY TRAIL","TRAIL_NAME_TC":"石壁郊遊徑","COUNTRY_PARK_EN":"LANTAU SOUTH COUNTRY PARK","COUNTRY_PARK_TC":"南大嶼郊野公園","UTM_GRID":"HE001632","UTM_ZONE":"49Q","trail_id_corrected_from":null,"position_may_be_inaccurate":false}},{"type":"Feature","geometry":{"type":"Point","coordinates":[113.91145,22.24575]},"properties":{"FAC_ID":"C1502","TRAIL_ID":"cty_31","TRAIL_NAME_EN":"SHEK PIK COUNTRY TRAIL","TRAIL_NAME_TC":"石壁郊遊徑","COUNTRY_PARK_EN":"LANTAU SOUTH COUNTRY PARK","COUNTRY_PARK_TC":"南大嶼郊野公園","UTM_GRID":"HE000629","UTM_ZONE":"49Q","trail_id_corrected_from":null,"position_may_be_inaccurate":false}},{"type":"Feature","geometry":{"type":"Point","coordinates":[113.91044,22.24327]},"properties":{"FAC_ID":"C1503","TRAIL_ID":"cty_31","TRAIL_NAME_EN":"SHEK PIK COUNTRY TRAIL","TRAIL_NAME_TC":"石壁郊遊徑","COUNTRY_PARK_EN":"LANTAU SOUTH COUNTRY PARK","COUNTRY_PARK_TC":"南大嶼郊野公園","UTM_GRID":"GE999626","UTM_ZONE":"49Q","trail_id_corrected_from":null,"position_may_be_inaccurate":false}},{"type":"Feature","geometry":{"type":"Point","coordinates":[113.90845,22.24105]},"properties":{"FAC_ID":"C1504","TRAIL_ID":"cty_31","TRAIL_NAME_EN":"SHEK PIK COUNTRY TRAIL","TRAIL_NAME_TC":"石壁郊遊徑","COUNTRY_PARK_EN":"LANTAU SOUTH COUNTRY PARK","COUNTRY_PARK_TC":"南大嶼郊野公園","UTM_GRID":"GE997623","UTM_ZONE":"49Q","trail_id_corrected_from":null,"position_may_be_inaccurate":false}},{"type":"Feature","geometry":{"type":"Point","coordinates":[113.90553,22.23865]},"properties":{"FAC_ID":"C1505","TRAIL_ID":"cty_31","TRAIL_NAME_EN":"SHEK PIK COUNTRY TRAIL","TRAIL_NAME_TC":"石壁郊遊徑","COUNTRY_PARK_EN":"LANTAU SOUTH COUNTRY PARK","COUNTRY_PARK_TC":"南大嶼郊野公園","UTM_GRID":"GE994621","UTM_ZONE":"49Q","trail_id_corrected_from":null,"position_may_be_inaccurate":false}},{"type":"Feature","geometry":{"type":"Point","coordinates":[113.90861,22.23769]},"properties":{"FAC_ID":"C1506","TRAIL_ID":"cty_31","TRAIL_NAME_EN":"SHEK PIK COUNTRY TRAIL","TRAIL_NAME_TC":"石壁郊遊徑","COUNTRY_PARK_EN":"LANTAU SOUTH COUNTRY PARK","COUNTRY_PARK_TC":"南大嶼郊野公園","UTM_GRID":"GE998620","UTM_ZONE":"49Q","trail_id_corrected_from":null,"position_may_be_inaccurate":false}},{"type":"Feature","geometry":{"type":"Point","coordinates":[113.90765,22.23647]},"properties":{"FAC_ID":"C1507","TRAIL_ID":"cty_31","TRAIL_NAME_EN":"SHEK PIK COUNTRY TRAIL","TRAIL_NAME_TC":"石壁郊遊徑","COUNTRY_PARK_EN":"LANTAU SOUTH COUNTRY PARK","COUNTRY_PARK_TC":"南大嶼郊野公園","UTM_GRID":"GE997618","UTM_ZONE":"49Q","trail_id_corrected_from":null,"position_may_be_inaccurate":false}},{"type":"Feature","geometry":{"type":"Point","coordinates":[113.90818,22.23369]},"properties":{"FAC_ID":"C1508","TRAIL_ID":"cty_31","TRAIL_NAME_EN":"SHEK PIK COUNTRY TRAIL","TRAIL_NAME_TC":"石壁郊遊徑","COUNTRY_PARK_EN":"LANTAU SOUTH COUNTRY PARK","COUNTRY_PARK_TC":"南大嶼郊野公園","UTM_GRID":"GE997615","UTM_ZONE":"49Q","trail_id_corrected_from":null,"position_may_be_inaccurate":false}},{"type":"Feature","geometry":{"type":"Point","coordinates":[113.90959,22.23093]},"properties":{"FAC_ID":"C1509","TRAIL_ID":"cty_31","TRAIL_NAME_EN":"SHEK PIK COUNTRY TRAIL","TRAIL_NAME_TC":"石壁郊遊徑","COUNTRY_PARK_EN":"LANTAU SOUTH COUNTRY PARK","COUNTRY_PARK_TC":"南大嶼郊野公園","UTM_GRID":"GE999612","UTM_ZONE":"49Q","trail_id_corrected_from":null,"position_may_be_inaccurate":false}},{"type":"Feature","geometry":{"type":"Point","coordinates":[113.90593,22.22977]},"properties":{"FAC_ID":"C1510","TRAIL_ID":"cty_31","TRAIL_NAME_EN":"SHEK PIK COUNTRY TRAIL","TRAIL_NAME_TC":"石壁郊遊徑","COUNTRY_PARK_EN":"LANTAU SOUTH COUNTRY PARK","COUNTRY_PARK_TC":"南大嶼郊野公園","UTM_GRID":"GE995611","UTM_ZONE":"49Q","trail_id_corrected_from":null,"position_may_be_inaccurate":false}},{"type":"Feature","geometry":{"type":"Point","coordinates":[113.90428,22.22699]},"properties":{"FAC_ID":"C1511","TRAIL_ID":"cty_31","TRAIL_NAME_EN":"SHEK PIK COUNTRY TRAIL","TRAIL_NAME_TC":"石壁郊遊徑","COUNTRY_PARK_EN":"LANTAU SOUTH COUNTRY PARK","COUNTRY_PARK_TC":"南大嶼郊野公園","UTM_GRID":"GE993608","UTM_ZONE":"49Q","trail_id_corrected_from":null,"position_may_be_inaccurate":false}},{"type":"Feature","geometry":{"type":"Point","coordinates":[113.85414,22.2024]},"properties":{"FAC_ID":"C1601","TRAIL_ID":"cty_16","TRAIL_NAME_EN":"FAN LAU COUNTRY TRAIL","TRAIL_NAME_TC":"分流郊遊徑","COUNTRY_PARK_EN":"LANTAU SOUTH COUNTRY PARK","COUNTRY_PARK_TC":"南大嶼郊野公園","UTM_GRID":"GE942580","UTM_ZONE":"49Q","trail_id_corrected_from":null,"position_may_be_inaccurate":false}},{"type":"Feature","geometry":{"type":"Point","coordinates":[113.85192,22.19773]},"properties":{"FAC_ID":"C1602","TRAIL_ID":"cty_16","TRAIL_NAME_EN":"FAN LAU COUNTRY TRAIL","TRAIL_NAME_TC":"分流郊遊徑","COUNTRY_PARK_EN":"LANTAU SOUTH COUNTRY PARK","COUNTRY_PARK_TC":"南大嶼郊野公園","UTM_GRID":"GE940574","UTM_ZONE":"49Q","trail_id_corrected_from":null,"position_may_be_inaccurate":false}},{"type":"Feature","geometry":{"type":"Point","coordinates":[113.8493,22.19907]},"properties":{"FAC_ID":"C1603","TRAIL_ID":"cty_16","TRAIL_NAME_EN":"FAN LAU COUNTRY TRAIL","TRAIL_NAME_TC":"分流郊遊徑","COUNTRY_PARK_EN":"LANTAU SOUTH COUNTRY PARK","COUNTRY_PARK_TC":"南大嶼郊野公園","UTM_GRID":"GE937576","UTM_ZONE":"49Q","trail_id_corrected_from":null,"position_may_be_inaccurate":false}},{"type":"Feature","geometry":{"type":"Point","coordinates":[113.84904,22.20258]},"properties":{"FAC_ID":"C1604","TRAIL_ID":"cty_16","TRAIL_NAME_EN":"FAN LAU COUNTRY TRAIL","TRAIL_NAME_TC":"分流郊遊徑","COUNTRY_PARK_EN":"Outside Country Park and Special Area","COUNTRY_PARK_TC":"不在郊野公園及特別地區範圍","UTM_GRID":"GE937580","UTM_ZONE":"49Q","trail_id_corrected_from":null,"position_may_be_inaccurate":false}},{"type":"Feature","geometry":{"type":"Point","coordinates":[113.93796,22.25434]},"properties":{"FAC_ID":"C1701","TRAIL_ID":"cty_24","TRAIL_NAME_EN":"TEI TONG TSAI COUNTRY TRAIL","TRAIL_NAME_TC":"地塘仔郊遊徑","COUNTRY_PARK_EN":"LANTAU SOUTH COUNTRY PARK","COUNTRY_PARK_TC":"南大嶼郊野公園","UTM_GRID":"HE028639","UTM_ZONE":"49Q","trail_id_corrected_from":null,"position_may_be_inaccurate":false}},{"type":"Feature","geometry":{"type":"Point","coordinates":[113.93545,22.25611]},"properties":{"FAC_ID":"C1702","TRAIL_ID":"cty_24","TRAIL_NAME_EN":"TEI TONG TSAI COUNTRY TRAIL","TRAIL_NAME_TC":"地塘仔郊遊徑","COUNTRY_PARK_EN":"LANTAU SOUTH COUNTRY PARK","COUNTRY_PARK_TC":"南大嶼郊野公園","UTM_GRID":"HE025641","UTM_ZONE":"49Q","trail_id_corrected_from":null,"position_may_be_inaccurate":false}},{"type":"Feature","geometry":{"type":"Point","coordinates":[113.93226,22.2582]},"properties":{"FAC_ID":"C1703","TRAIL_ID":"cty_24","TRAIL_NAME_EN":"TEI TONG TSAI COUNTRY TRAIL","TRAIL_NAME_TC":"地塘仔郊遊徑","COUNTRY_PARK_EN":"LANTAU SOUTH COUNTRY PARK","COUNTRY_PARK_TC":"南大嶼郊野公園","UTM_GRID":"HE022643","UTM_ZONE":"49Q","trail_id_corrected_from":null,"position_may_be_inaccurate":false}},{"type":"Feature","geometry":{"type":"Point","coordinates":[113.9284,22.25895]},"properties":{"FAC_ID":"C1704","TRAIL_ID":"cty_24","TRAIL_NAME_EN":"TEI TONG TSAI COUNTRY TRAIL","TRAIL_NAME_TC":"地塘仔郊遊徑","COUNTRY_PARK_EN":"LANTAU NORTH (EXTENSION) COUNTRY PARK","COUNTRY_PARK_TC":"北大嶼郊野公園(擴建部分)","UTM_GRID":"HE018644","UTM_ZONE":"49Q","trail_id_corrected_from":null,"position_may_be_inaccurate":false}},{"type":"Feature","geometry":{"type":"Point","coordinates":[113.91205,22.25728]},"properties":{"FAC_ID":"C1801","TRAIL_ID":"cty_20","TRAIL_NAME_EN":"NEI LAK SHAN COUNTRY TRAIL","TRAIL_NAME_TC":"彌勒山郊遊徑","COUNTRY_PARK_EN":"Excluded Area","COUNTRY_PARK_TC":"不包括地區","UTM_GRID":"HE001641","UTM_ZONE":"49Q","trail_id_corrected_from":null,"position_may_be_inaccurate":false}},{"type":"Feature","geometry":{"type":"Point","coordinates":[113.90793,22.25905]},"properties":{"FAC_ID":"C1802","TRAIL_ID":"cty_20","TRAIL_NAME_EN":"NEI LAK SHAN COUNTRY TRAIL","TRAIL_NAME_TC":"彌勒山郊遊徑","COUNTRY_PARK_EN":"LANTAU NORTH COUNTRY PARK","COUNTRY_PARK_TC":"北大嶼郊野公園","UTM_GRID":"GE997643","UTM_ZONE":"49Q","trail_id_corrected_from":null,"position_may_be_inaccurate":false}},{"type":"Feature","geometry":{"type":"Point","coordinates":[113.90601,22.26159]},"properties":{"FAC_ID":"C1803","TRAIL_ID":"cty_20","TRAIL_NAME_EN":"NEI LAK SHAN COUNTRY TRAIL","TRAIL_NAME_TC":"彌勒山郊遊徑","COUNTRY_PARK_EN":"LANTAU NORTH COUNTRY PARK","COUNTRY_PARK_TC":"北大嶼郊野公園","UTM_GRID":"GE994646","UTM_ZONE":"49Q","trail_id_corrected_from":null,"position_may_be_inaccurate":false}},{"type":"Feature","geometry":{"type":"Point","coordinates":[113.90681,22.26685]},"properties":{"FAC_ID":"C1804","TRAIL_ID":"cty_20","TRAIL_NAME_EN":"NEI LAK SHAN COUNTRY TRAIL","TRAIL_NAME_TC":"彌勒山郊遊徑","COUNTRY_PARK_EN":"LANTAU NORTH COUNTRY PARK","COUNTRY_PARK_TC":"北大嶼郊野公園","UTM_GRID":"GE995652","UTM_ZONE":"49Q","trail_id_corrected_from":null,"position_may_be_inaccurate":false}},{"type":"Feature","geometry":{"type":"Point","coordinates":[113.90886,22.26908]},"properties":{"FAC_ID":"C1805","TRAIL_ID":"cty_20","TRAIL_NAME_EN":"NEI LAK SHAN COUNTRY TRAIL","TRAIL_NAME_TC":"彌勒山郊遊徑","COUNTRY_PARK_EN":"LANTAU NORTH COUNTRY PARK","COUNTRY_PARK_TC":"北大嶼郊野公園","UTM_GRID":"GE997654","UTM_ZONE":"49Q","trail_id_corrected_from":null,"position_may_be_inaccurate":false}},{"type":"Feature","geometry":{"type":"Point","coordinates":[113.91252,22.27009]},"properties":{"FAC_ID":"C1806","TRAIL_ID":"cty_20","TRAIL_NAME_EN":"NEI LAK SHAN COUNTRY TRAIL","TRAIL_NAME_TC":"彌勒山郊遊徑","COUNTRY_PARK_EN":"LANTAU NORTH COUNTRY PARK","COUNTRY_PARK_TC":"北大嶼郊野公園","UTM_GRID":"HE001656","UTM_ZONE":"49Q","trail_id_corrected_from":null,"position_may_be_inaccurate":false}},{"type":"Feature","geometry":{"type":"Point","coordinates":[113.91423,22.26693]},"properties":{"FAC_ID":"C1807","TRAIL_ID":"cty_20","TRAIL_NAME_EN":"NEI LAK SHAN COUNTRY TRAIL","TRAIL_NAME_TC":"彌勒山郊遊徑","COUNTRY_PARK_EN":"LANTAU NORTH COUNTRY PARK","COUNTRY_PARK_TC":"北大嶼郊野公園","UTM_GRID":"HE003652","UTM_ZONE":"49Q","trail_id_corrected_from":null,"position_may_be_inaccurate":false}},{"type":"Feature","geometry":{"type":"Point","coordinates":[113.91576,22.26338]},"properties":{"FAC_ID":"C1808","TRAIL_ID":"cty_20","TRAIL_NAME_EN":"NEI LAK SHAN COUNTRY TRAIL","TRAIL_NAME_TC":"彌勒山郊遊徑","COUNTRY_PARK_EN":"LANTAU NORTH COUNTRY PARK","COUNTRY_PARK_TC":"北大嶼郊野公園","UTM_GRID":"HE005648","UTM_ZONE":"49Q","trail_id_corrected_from":null,"position_may_be_inaccurate":false}},{"type":"Feature","geometry":{"type":"Point","coordinates":[113.91534,22.26045]},"properties":{"FAC_ID":"C1809","TRAIL_ID":"cty_20","TRAIL_NAME_EN":"NEI LAK SHAN COUNTRY TRAIL","TRAIL_NAME_TC":"彌勒山郊遊徑","COUNTRY_PARK_EN":"LANTAU NORTH COUNTRY PARK","COUNTRY_PARK_TC":"北大嶼郊野公園","UTM_GRID":"HE004645","UTM_ZONE":"49Q","trail_id_corrected_from":null,"position_may_be_inaccurate":false}},{"type":"Feature","geometry":{"type":"Point","coordinates":[113.91425,22.25689]},"properties":{"FAC_ID":"C1810","TRAIL_ID":"cty_20","TRAIL_NAME_EN":"NEI LAK SHAN COUNTRY TRAIL","TRAIL_NAME_TC":"彌勒山郊遊徑","COUNTRY_PARK_EN":"LANTAU NORTH COUNTRY PARK","COUNTRY_PARK_TC":"北大嶼郊野公園","UTM_GRID":"HE003641","UTM_ZONE":"49Q","trail_id_corrected_from":null,"position_may_be_inaccurate":false}},{"type":"Feature","geometry":{"type":"Point","coordinates":[114.17201,22.50654]},"properties":{"FAC_ID":"C2101","TRAIL_ID":"cty_3","TRAIL_NAME_EN":"HOK TAU COUNTRY TRAIL","TRAIL_NAME_TC":"鶴藪郊遊徑","COUNTRY_PARK_EN":"PAT SIN LENG COUNTRY PARK","COUNTRY_PARK_TC":"八仙嶺郊野公園","UTM_GRID":"KK090916","UTM_ZONE":"50Q","trail_id_corrected_from":null,"position_may_be_inaccurate":false}},{"type":"Feature","geometry":{"type":"Point","coordinates":[114.17527,22.50895]},"properties":{"FAC_ID":"C2102","TRAIL_ID":"cty_3","TRAIL_NAME_EN":"HOK TAU COUNTRY TRAIL","TRAIL_NAME_TC":"鶴藪郊遊徑","COUNTRY_PARK_EN":"PAT SIN LENG COUNTRY PARK","COUNTRY_PARK_TC":"八仙嶺郊野公園","UTM_GRID":"KK093919","UTM_ZONE":"50Q","trail_id_corrected_from":null,"position_may_be_inaccurate":false}},{"type":"Feature","geometry":{"type":"Point","coordinates":[114.17702,22.50879]},"properties":{"FAC_ID":"C2103","TRAIL_ID":"cty_3","TRAIL_NAME_EN":"HOK TAU COUNTRY TRAIL","TRAIL_NAME_TC":"鶴藪郊遊徑","COUNTRY_PARK_EN":"Outside Country Park and Special Area","COUNTRY_PARK_TC":"不在郊野公園及特別地區範圍","UTM_GRID":"KK095918","UTM_ZONE":"50Q","trail_id_corrected_from":null,"position_may_be_inaccurate":false}},{"type":"Feature","geometry":{"type":"Point","coordinates":[114.17665,22.50477]},"properties":{"FAC_ID":"C2104","TRAIL_ID":"cty_3","TRAIL_NAME_EN":"HOK TAU COUNTRY TRAIL","TRAIL_NAME_TC":"鶴藪郊遊徑","COUNTRY_PARK_EN":"Outside Country Park and Special Area","COUNTRY_PARK_TC":"不在郊野公園及特別地區範圍","UTM_GRID":"KK095914","UTM_ZONE":"50Q","trail_id_corrected_from":null,"position_may_be_inaccurate":false}},{"type":"Feature","geometry":{"type":"Point","coordinates":[114.17191,22.49344]},"properties":{"FAC_ID":"C2201","TRAIL_ID":"cty_5","TRAIL_NAME_EN":"LAU SHUI HEUNG COUNTRY TRAIL","TRAIL_NAME_TC":"流水響郊遊徑","COUNTRY_PARK_EN":"PAT SIN LENG COUNTRY PARK","COUNTRY_PARK_TC":"八仙嶺郊野公園","UTM_GRID":"KK090901","UTM_ZONE":"50Q","trail_id_corrected_from":null,"position_may_be_inaccurate":false}},{"type":"Feature","geometry":{"type":"Point","coordinates":[114.1747,22.49121]},"properties":{"FAC_ID":"C2202","TRAIL_ID":"cty_5","TRAIL_NAME_EN":"LAU SHUI HEUNG COUNTRY TRAIL","TRAIL_NAME_TC":"流水響郊遊徑","COUNTRY_PARK_EN":"PAT SIN LENG COUNTRY PARK","COUNTRY_PARK_TC":"八仙嶺郊野公園","UTM_GRID":"KK093899","UTM_ZONE":"50Q","trail_id_corrected_from":null,"position_may_be_inaccurate":false}},{"type":"Feature","geometry":{"type":"Point","coordinates":[114.17314,22.48791]},"properties":{"FAC_ID":"C2203","TRAIL_ID":"cty_5","TRAIL_NAME_EN":"LAU SHUI HEUNG COUNTRY TRAIL","TRAIL_NAME_TC":"流水響郊遊徑","COUNTRY_PARK_EN":"PAT SIN LENG COUNTRY PARK","COUNTRY_PARK_TC":"八仙嶺郊野公園","UTM_GRID":"KK091895","UTM_ZONE":"50Q","trail_id_corrected_from":null,"position_may_be_inaccurate":false}},{"type":"Feature","geometry":{"type":"Point","coordinates":[114.17147,22.48435]},"properties":{"FAC_ID":"C2204","TRAIL_ID":"cty_5","TRAIL_NAME_EN":"LAU SHUI HEUNG COUNTRY TRAIL","TRAIL_NAME_TC":"流水響郊遊徑","COUNTRY_PARK_EN":"PAT SIN LENG COUNTRY PARK","COUNTRY_PARK_TC":"八仙嶺郊野公園","UTM_GRID":"KK089891","UTM_ZONE":"50Q","trail_id_corrected_from":null,"position_may_be_inaccurate":false}},{"type":"Feature","geometry":{"type":"Point","coordinates":[114.16929,22.48659]},"properties":{"FAC_ID":"C2205","TRAIL_ID":"cty_5","TRAIL_NAME_EN":"LAU SHUI HEUNG COUNTRY TRAIL","TRAIL_NAME_TC":"流水響郊遊徑","COUNTRY_PARK_EN":"PAT SIN LENG COUNTRY PARK","COUNTRY_PARK_TC":"八仙嶺郊野公園","UTM_GRID":"KK087894","UTM_ZONE":"50Q","trail_id_corrected_from":null,"position_may_be_inaccurate":false}},{"type":"Feature","geometry":{"type":"Point","coordinates":[114.16577,22.48568]},"properties":{"FAC_ID":"C2206","TRAIL_ID":"cty_5","TRAIL_NAME_EN":"LAU SHUI HEUNG COUNTRY TRAIL","TRAIL_NAME_TC":"流水響郊遊徑","COUNTRY_PARK_EN":"PAT SIN LENG COUNTRY PARK","COUNTRY_PARK_TC":"八仙嶺郊野公園","UTM_GRID":"KK083893","UTM_ZONE":"50Q","trail_id_corrected_from":null,"position_may_be_inaccurate":false}},{"type":"Feature","geometry":{"type":"Point","coordinates":[114.16563,22.48805]},"properties":{"FAC_ID":"C2207","TRAIL_ID":"cty_5","TRAIL_NAME_EN":"LAU SHUI HEUNG COUNTRY TRAIL","TRAIL_NAME_TC":"流水響郊遊徑","COUNTRY_PARK_EN":"PAT SIN LENG COUNTRY PARK","COUNTRY_PARK_TC":"八仙嶺郊野公園","UTM_GRID":"KK083896","UTM_ZONE":"50Q","trail_id_corrected_from":null,"position_may_be_inaccurate":false}},{"type":"Feature","geometry":{"type":"Point","coordinates":[114.16764,22.49246]},"properties":{"FAC_ID":"C2208","TRAIL_ID":"cty_5","TRAIL_NAME_EN":"LAU SHUI HEUNG COUNTRY TRAIL","TRAIL_NAME_TC":"流水響郊遊徑","COUNTRY_PARK_EN":"PAT SIN LENG COUNTRY PARK","COUNTRY_PARK_TC":"八仙嶺郊野公園","UTM_GRID":"KK085900","UTM_ZONE":"50Q","trail_id_corrected_from":null,"position_may_be_inaccurate":false}},{"type":"Feature","geometry":{"type":"Point","coordinates":[114.43268,22.54426]},"properties":{"FAC_ID":"C2301","TRAIL_ID":"cty_23","TRAIL_NAME_EN":"PING CHAU COUNTRY TRAIL","TRAIL_NAME_TC":"平洲環島郊遊徑","COUNTRY_PARK_EN":"Outside Country Park and Special Area","COUNTRY_PARK_TC":"不在郊野公園及特別地區範圍","UTM_GRID":"KK359953","UTM_ZONE":"50Q","trail_id_corrected_from":null,"position_may_be_inaccurate":false}},{"type":"Feature","geometry":{"type":"Point","coordinates":[114.43539,22.54181]},"properties":{"FAC_ID":"C2302","TRAIL_ID":"cty_23","TRAIL_NAME_EN":"PING CHAU COUNTRY TRAIL","TRAIL_NAME_TC":"平洲環島郊遊徑","COUNTRY_PARK_EN":"Outside Country Park and Special Area","COUNTRY_PARK_TC":"不在郊野公園及特別地區範圍","UTM_GRID":"KK362950","UTM_ZONE":"50Q","trail_id_corrected_from":null,"position_may_be_inaccurate":false}},{"type":"Feature","geometry":{"type":"Point","coordinates":[114.44087,22.54137]},"properties":{"FAC_ID":"C2303","TRAIL_ID":"cty_23","TRAIL_NAME_EN":"PING CHAU COUNTRY TRAIL","TRAIL_NAME_TC":"平洲環島郊遊徑","COUNTRY_PARK_EN":"PLOVER COVE (EXTENSION) COUNTRY PARK","COUNTRY_PARK_TC":"船灣郊野公園(擴建部分)","UTM_GRID":"KK367950","UTM_ZONE":"50Q","trail_id_corrected_from":null,"position_may_be_inaccurate":false}},{"type":"Feature","geometry":{"type":"Point","coordinates":[114.43936,22.53859]},"properties":{"FAC_ID":"C2304","TRAIL_ID":"cty_23","TRAIL_NAME_EN":"PING CHAU COUNTRY TRAIL","TRAIL_NAME_TC":"平洲環島郊遊徑","COUNTRY_PARK_EN":"PLOVER COVE (EXTENSION) COUNTRY PARK","COUNTRY_PARK_TC":"船灣郊野公園(擴建部分)","UTM_GRID":"KK366947","UTM_ZONE":"50Q","trail_id_corrected_from":null,"position_may_be_inaccurate":false}},{"type":"Feature","geometry":{"type":"Point","coordinates":[114.43517,22.53847]},"properties":{"FAC_ID":"C2305","TRAIL_ID":"cty_23","TRAIL_NAME_EN":"PING CHAU COUNTRY TRAIL","TRAIL_NAME_TC":"平洲環島郊遊徑","COUNTRY_PARK_EN":"PLOVER COVE (EXTENSION) COUNTRY PARK","COUNTRY_PARK_TC":"船灣郊野公園(擴建部分)","UTM_GRID":"KK362946","UTM_ZONE":"50Q","trail_id_corrected_from":null,"position_may_be_inaccurate":false}},{"type":"Feature","geometry":{"type":"Point","coordinates":[114.43099,22.54028]},"properties":{"FAC_ID":"C2306","TRAIL_ID":"cty_23","TRAIL_NAME_EN":"PING CHAU COUNTRY TRAIL","TRAIL_NAME_TC":"平洲環島郊遊徑","COUNTRY_PARK_EN":"PLOVER COVE (EXTENSION) COUNTRY PARK","COUNTRY_PARK_TC":"船灣郊野公園(擴建部分)","UTM_GRID":"KK357949","UTM_ZONE":"50Q","trail_id_corrected_from":null,"position_may_be_inaccurate":false}},{"type":"Feature","geometry":{"type":"Point","coordinates":[114.42729,22.542]},"properties":{"FAC_ID":"C2307","TRAIL_ID":"cty_23","TRAIL_NAME_EN":"PING CHAU COUNTRY TRAIL","TRAIL_NAME_TC":"平洲環島郊遊徑","COUNTRY_PARK_EN":"Outside Country Park and Special Area","COUNTRY_PARK_TC":"不在郊野公園及特別地區範圍","UTM_GRID":"KK354950","UTM_ZONE":"50Q","trail_id_corrected_from":null,"position_may_be_inaccurate":false}},{"type":"Feature","geometry":{"type":"Point","coordinates":[114.42604,22.54558]},"properties":{"FAC_ID":"C2308","TRAIL_ID":"cty_23","TRAIL_NAME_EN":"PING CHAU COUNTRY TRAIL","TRAIL_NAME_TC":"平洲環島郊遊徑","COUNTRY_PARK_EN":"Outside Country Park and Special Area","COUNTRY_PARK_TC":"不在郊野公園及特別地區範圍","UTM_GRID":"KK352954","UTM_ZONE":"50Q","trail_id_corrected_from":null,"position_may_be_inaccurate":false}},{"type":"Feature","geometry":{"type":"Point","coordinates":[114.42573,22.54916]},"properties":{"FAC_ID":"C2309","TRAIL_ID":"cty_23","TRAIL_NAME_EN":"PING CHAU COUNTRY TRAIL","TRAIL_NAME_TC":"平洲環島郊遊徑","COUNTRY_PARK_EN":"Outside Country Park and Special Area","COUNTRY_PARK_TC":"不在郊野公園及特別地區範圍","UTM_GRID":"KK352958","UTM_ZONE":"50Q","trail_id_corrected_from":null,"position_may_be_inaccurate":false}},{"type":"Feature","geometry":{"type":"Point","coordinates":[114.42814,22.55191]},"properties":{"FAC_ID":"C2310","TRAIL_ID":"cty_23","TRAIL_NAME_EN":"PING CHAU COUNTRY TRAIL","TRAIL_NAME_TC":"平洲環島郊遊徑","COUNTRY_PARK_EN":"PLOVER COVE (EXTENSION) COUNTRY PARK","COUNTRY_PARK_TC":"船灣郊野公園(擴建部分)","UTM_GRID":"KK355961","UTM_ZONE":"50Q","trail_id_corrected_from":null,"position_may_be_inaccurate":false}},{"type":"Feature","geometry":{"type":"Point","coordinates":[114.43032,22.55201]},"properties":{"FAC_ID":"C2311","TRAIL_ID":"cty_23","TRAIL_NAME_EN":"PING CHAU COUNTRY TRAIL","TRAIL_NAME_TC":"平洲環島郊遊徑","COUNTRY_PARK_EN":"PLOVER COVE (EXTENSION) COUNTRY PARK","COUNTRY_PARK_TC":"船灣郊野公園(擴建部分)","UTM_GRID":"KK357962","UTM_ZONE":"50Q","trail_id_corrected_from":null,"position_may_be_inaccurate":false}},{"type":"Feature","geometry":{"type":"Point","coordinates":[114.43024,22.54813]},"properties":{"FAC_ID":"C2312","TRAIL_ID":"cty_23","TRAIL_NAME_EN":"PING CHAU COUNTRY TRAIL","TRAIL_NAME_TC":"平洲環島郊遊徑","COUNTRY_PARK_EN":"Outside Country Park and Special Area","COUNTRY_PARK_TC":"不在郊野公園及特別地區範圍","UTM_GRID":"KK357957","UTM_ZONE":"50Q","trail_id_corrected_from":null,"position_may_be_inaccurate":false}},{"type":"Feature","geometry":{"type":"Point","coordinates":[114.24362,22.51355]},"properties":{"FAC_ID":"C2401","TRAIL_ID":"cty_22","TRAIL_NAME_EN":"WU KAU TANG COUNTRY TRAIL","TRAIL_NAME_TC":"烏蛟騰郊遊徑","COUNTRY_PARK_EN":"PLOVER COVE COUNTRY PARK","COUNTRY_PARK_TC":"船灣郊野公園","UTM_GRID":"KK164922","UTM_ZONE":"50Q","trail_id_corrected_from":null,"position_may_be_inaccurate":false}},{"type":"Feature","geometry":{"type":"Point","coordinates":[114.24165,22.5158]},"properties":{"FAC_ID":"C2402","TRAIL_ID":"cty_22","TRAIL_NAME_EN":"WU KAU TANG COUNTRY TRAIL","TRAIL_NAME_TC":"烏蛟騰郊遊徑","COUNTRY_PARK_EN":"PLOVER COVE COUNTRY PARK","COUNTRY_PARK_TC":"船灣郊野公園","UTM_GRID":"KK162925","UTM_ZONE":"50Q","trail_id_corrected_from":null,"position_may_be_inaccurate":false}},{"type":"Feature","geometry":{"type":"Point","coordinates":[114.239,22.51728]},"properties":{"FAC_ID":"C2403","TRAIL_ID":"cty_22","TRAIL_NAME_EN":"WU KAU TANG COUNTRY TRAIL","TRAIL_NAME_TC":"烏蛟騰郊遊徑","COUNTRY_PARK_EN":"PLOVER COVE COUNTRY PARK","COUNTRY_PARK_TC":"船灣郊野公園","UTM_GRID":"KK159927","UTM_ZONE":"50Q","trail_id_corrected_from":null,"position_may_be_inaccurate":false}},{"type":"Feature","geometry":{"type":"Point","coordinates":[114.23535,22.51538]},"properties":{"FAC_ID":"C2404","TRAIL_ID":"cty_22","TRAIL_NAME_EN":"WU KAU TANG COUNTRY TRAIL","TRAIL_NAME_TC":"烏蛟騰郊遊徑","COUNTRY_PARK_EN":"PLOVER COVE COUNTRY PARK","COUNTRY_PARK_TC":"船灣郊野公園","UTM_GRID":"KK155925","UTM_ZONE":"50Q","trail_id_corrected_from":null,"position_may_be_inaccurate":false}},{"type":"Feature","geometry":{"type":"Point","coordinates":[114.20561,22.51398]},"properties":{"FAC_ID":"C2501","TRAIL_ID":"cty_2","TRAIL_NAME_EN":"NAM CHUNG COUNTRY TRAIL","TRAIL_NAME_TC":"南涌郊遊徑","COUNTRY_PARK_EN":"PAT SIN LENG COUNTRY PARK","COUNTRY_PARK_TC":"八仙嶺郊野公園","UTM_GRID":"KK125924","UTM_ZONE":"50Q","trail_id_corrected_from":null,"position_may_be_inaccurate":false}},{"type":"Feature","geometry":{"type":"Point","coordinates":[114.20502,22.51051]},"properties":{"FAC_ID":"C2502","TRAIL_ID":"cty_2","TRAIL_NAME_EN":"NAM CHUNG COUNTRY TRAIL","TRAIL_NAME_TC":"南涌郊遊徑","COUNTRY_PARK_EN":"PAT SIN LENG COUNTRY PARK","COUNTRY_PARK_TC":"八仙嶺郊野公園","UTM_GRID":"KK124920","UTM_ZONE":"50Q","trail_id_corrected_from":null,"position_may_be_inaccurate":false}},{"type":"Feature","geometry":{"type":"Point","coordinates":[114.20433,22.50722]},"properties":{"FAC_ID":"C2503","TRAIL_ID":"cty_2","TRAIL_NAME_EN":"NAM CHUNG COUNTRY TRAIL","TRAIL_NAME_TC":"南涌郊遊徑","COUNTRY_PARK_EN":"PAT SIN LENG COUNTRY PARK","COUNTRY_PARK_TC":"八仙嶺郊野公園","UTM_GRID":"KK123916","UTM_ZONE":"50Q","trail_id_corrected_from":null,"position_may_be_inaccurate":false}},{"type":"Feature","geometry":{"type":"Point","coordinates":[114.2004,22.50836]},"properties":{"FAC_ID":"C2504","TRAIL_ID":"cty_2","TRAIL_NAME_EN":"NAM CHUNG COUNTRY TRAIL","TRAIL_NAME_TC":"南涌郊遊徑","COUNTRY_PARK_EN":"PAT SIN LENG COUNTRY PARK","COUNTRY_PARK_TC":"八仙嶺郊野公園","UTM_GRID":"KK119917","UTM_ZONE":"50Q","trail_id_corrected_from":null,"position_may_be_inaccurate":false}},{"type":"Feature","geometry":{"type":"Point","coordinates":[114.19641,22.50772]},"properties":{"FAC_ID":"C2505","TRAIL_ID":"cty_2","TRAIL_NAME_EN":"NAM CHUNG COUNTRY TRAIL","TRAIL_NAME_TC":"南涌郊遊徑","COUNTRY_PARK_EN":"PAT SIN LENG COUNTRY PARK","COUNTRY_PARK_TC":"八仙嶺郊野公園","UTM_GRID":"KK115917","UTM_ZONE":"50Q","trail_id_corrected_from":null,"position_may_be_inaccurate":false}},{"type":"Feature","geometry":{"type":"Point","coordinates":[114.19545,22.50413]},"properties":{"FAC_ID":"C2506","TRAIL_ID":"cty_2","TRAIL_NAME_EN":"NAM CHUNG COUNTRY TRAIL","TRAIL_NAME_TC":"南涌郊遊徑","COUNTRY_PARK_EN":"PAT SIN LENG COUNTRY PARK","COUNTRY_PARK_TC":"八仙嶺郊野公園","UTM_GRID":"KK114913","UTM_ZONE":"50Q","trail_id_corrected_from":null,"position_may_be_inaccurate":false}},{"type":"Feature","geometry":{"type":"Point","coordinates":[114.19249,22.50179]},"properties":{"FAC_ID":"C2507","TRAIL_ID":"cty_2","TRAIL_NAME_EN":"NAM CHUNG COUNTRY TRAIL","TRAIL_NAME_TC":"南涌郊遊徑","COUNTRY_PARK_EN":"PAT SIN LENG COUNTRY PARK","COUNTRY_PARK_TC":"八仙嶺郊野公園","UTM_GRID":"KK111910","UTM_ZONE":"50Q","trail_id_corrected_from":null,"position_may_be_inaccurate":false}},{"type":"Feature","geometry":{"type":"Point","coordinates":[114.18972,22.50525]},"properties":{"FAC_ID":"C2508","TRAIL_ID":"cty_2","TRAIL_NAME_EN":"NAM CHUNG COUNTRY TRAIL","TRAIL_NAME_TC":"南涌郊遊徑","COUNTRY_PARK_EN":"PAT SIN LENG COUNTRY PARK","COUNTRY_PARK_TC":"八仙嶺郊野公園","UTM_GRID":"KK108914","UTM_ZONE":"50Q","trail_id_corrected_from":null,"position_may_be_inaccurate":false}},{"type":"Feature","geometry":{"type":"Point","coordinates":[114.18795,22.50858]},"properties":{"FAC_ID":"C2509","TRAIL_ID":"cty_2","TRAIL_NAME_EN":"NAM CHUNG COUNTRY TRAIL","TRAIL_NAME_TC":"南涌郊遊徑","COUNTRY_PARK_EN":"PAT SIN LENG COUNTRY PARK","COUNTRY_PARK_TC":"八仙嶺郊野公園","UTM_GRID":"KK107918","UTM_ZONE":"50Q","trail_id_corrected_from":null,"position_may_be_inaccurate":false}},{"type":"Feature","geometry":{"type":"Point","coordinates":[114.18453,22.51045]},"properties":{"FAC_ID":"C2510","TRAIL_ID":"cty_2","TRAIL_NAME_EN":"NAM CHUNG COUNTRY TRAIL","TRAIL_NAME_TC":"南涌郊遊徑","COUNTRY_PARK_EN":"PAT SIN LENG COUNTRY PARK","COUNTRY_PARK_TC":"八仙嶺郊野公園","UTM_GRID":"KK103920","UTM_ZONE":"50Q","trail_id_corrected_from":null,"position_may_be_inaccurate":false}},{"type":"Feature","geometry":{"type":"Point","coordinates":[114.18126,22.51065]},"properties":{"FAC_ID":"C2511","TRAIL_ID":"cty_2","TRAIL_NAME_EN":"NAM CHUNG COUNTRY TRAIL","TRAIL_NAME_TC":"南涌郊遊徑","COUNTRY_PARK_EN":"Outside Country Park and Special Area","COUNTRY_PARK_TC":"不在郊野公園及特別地區範圍","UTM_GRID":"KK100920","UTM_ZONE":"50Q","trail_id_corrected_from":null,"position_may_be_inaccurate":false}},{"type":"Feature","geometry":{"type":"Point","coordinates":[114.24316,22.50186]},"properties":{"FAC_ID":"C2601","TRAIL_ID":"cty_29","TRAIL_NAME_EN":"PLOVER COVE RESERVOIR COUNTRY TRAIL","TRAIL_NAME_TC":"船灣淡水湖郊遊徑","COUNTRY_PARK_EN":"PLOVER COVE COUNTRY PARK","COUNTRY_PARK_TC":"船灣郊野公園","UTM_GRID":"KK163909","UTM_ZONE":"50Q","trail_id_corrected_from":null,"position_may_be_inaccurate":false}},{"type":"Feature","geometry":{"type":"Point","coordinates":[114.24647,22.49881]},"properties":{"FAC_ID":"C2602","TRAIL_ID":"cty_29","TRAIL_NAME_EN":"PLOVER COVE RESERVOIR COUNTRY TRAIL","TRAIL_NAME_TC":"船灣淡水湖郊遊徑","COUNTRY_PARK_EN":"PLOVER COVE COUNTRY PARK","COUNTRY_PARK_TC":"船灣郊野公園","UTM_GRID":"KK167906","UTM_ZONE":"50Q","trail_id_corrected_from":null,"position_may_be_inaccurate":false}},{"type":"Feature","geometry":{"type":"Point","coordinates":[114.24892,22.49498]},"properties":{"FAC_ID":"C2603","TRAIL_ID":"cty_29","TRAIL_NAME_EN":"PLOVER COVE RESERVOIR COUNTRY TRAIL","TRAIL_NAME_TC":"船灣淡水湖郊遊徑","COUNTRY_PARK_EN":"PLOVER COVE COUNTRY PARK","COUNTRY_PARK_TC":"船灣郊野公園","UTM_GRID":"KK169902","UTM_ZONE":"50Q","trail_id_corrected_from":null,"position_may_be_inaccurate":false}},{"type":"Feature","geometry":{"type":"Point","coordinates":[114.25254,22.49333]},"properties":{"FAC_ID":"C2604","TRAIL_ID":"cty_29","TRAIL_NAME_EN":"PLOVER COVE RESERVOIR COUNTRY TRAIL","TRAIL_NAME_TC":"船灣淡水湖郊遊徑","COUNTRY_PARK_EN":"PLOVER COVE COUNTRY PARK","COUNTRY_PARK_TC":"船灣郊野公園","UTM_GRID":"KK173900","UTM_ZONE":"50Q","trail_id_corrected_from":null,"position_may_be_inaccurate":false}},{"type":"Feature","geometry":{"type":"Point","coordinates":[114.25726,22.49291]},"properties":{"FAC_ID":"C2605","TRAIL_ID":"cty_29","TRAIL_NAME_EN":"PLOVER COVE RESERVOIR COUNTRY TRAIL","TRAIL_NAME_TC":"船灣淡水湖郊遊徑","COUNTRY_PARK_EN":"PLOVER COVE COUNTRY PARK","COUNTRY_PARK_TC":"船灣郊野公園","UTM_GRID":"KK178899","UTM_ZONE":"50Q","trail_id_corrected_from":null,"position_may_be_inaccurate":false}},{"type":"Feature","geometry":{"type":"Point","coordinates":[114.26171,22.49284]},"properties":{"FAC_ID":"C2606","TRAIL_ID":"cty_29","TRAIL_NAME_EN":"PLOVER COVE RESERVOIR COUNTRY TRAIL","TRAIL_NAME_TC":"船灣淡水湖郊遊徑","COUNTRY_PARK_EN":"PLOVER COVE COUNTRY PARK","COUNTRY_PARK_TC":"船灣郊野公園","UTM_GRID":"KK182899","UTM_ZONE":"50Q","trail_id_corrected_from":null,"position_may_be_inaccurate":false}},{"type":"Feature","geometry":{"type":"Point","coordinates":[114.26529,22.4939]},"properties":{"FAC_ID":"C2607","TRAIL_ID":"cty_29","TRAIL_NAME_EN":"PLOVER COVE RESERVOIR COUNTRY TRAIL","TRAIL_NAME_TC":"船灣淡水湖郊遊徑","COUNTRY_PARK_EN":"PLOVER COVE COUNTRY PARK","COUNTRY_PARK_TC":"船灣郊野公園","UTM_GRID":"KK186900","UTM_ZONE":"50Q","trail_id_corrected_from":null,"position_may_be_inaccurate":false}},{"type":"Feature","geometry":{"type":"Point","coordinates":[114.26789,22.49537]},"properties":{"FAC_ID":"C2608","TRAIL_ID":"cty_29","TRAIL_NAME_EN":"PLOVER COVE RESERVOIR COUNTRY TRAIL","TRAIL_NAME_TC":"船灣淡水湖郊遊徑","COUNTRY_PARK_EN":"PLOVER COVE COUNTRY PARK","COUNTRY_PARK_TC":"船灣郊野公園","UTM_GRID":"KK189902","UTM_ZONE":"50Q","trail_id_corrected_from":null,"position_may_be_inaccurate":false}},{"type":"Feature","geometry":{"type":"Point","coordinates":[114.27185,22.49607]},"properties":{"FAC_ID":"C2609","TRAIL_ID":"cty_29","TRAIL_NAME_EN":"PLOVER COVE RESERVOIR COUNTRY TRAIL","TRAIL_NAME_TC":"船灣淡水湖郊遊徑","COUNTRY_PARK_EN":"PLOVER COVE COUNTRY PARK","COUNTRY_PARK_TC":"船灣郊野公園","UTM_GRID":"KK193902","UTM_ZONE":"50Q","trail_id_corrected_from":null,"position_may_be_inaccurate":false}},{"type":"Feature","geometry":{"type":"Point","coordinates":[114.27712,22.49715]},"properties":{"FAC_ID":"C2610","TRAIL_ID":"cty_29","TRAIL_NAME_EN":"PLOVER COVE RESERVOIR COUNTRY TRAIL","TRAIL_NAME_TC":"船灣淡水湖郊遊徑","COUNTRY_PARK_EN":"PLOVER COVE COUNTRY PARK","COUNTRY_PARK_TC":"船灣郊野公園","UTM_GRID":"KK198904","UTM_ZONE":"50Q","trail_id_corrected_from":null,"position_may_be_inaccurate":false}},{"type":"Feature","geometry":{"type":"Point","coordinates":[114.281,22.49795]},"properties":{"FAC_ID":"C2611","TRAIL_ID":"cty_29","TRAIL_NAME_EN":"PLOVER COVE RESERVOIR COUNTRY TRAIL","TRAIL_NAME_TC":"船灣淡水湖郊遊徑","COUNTRY_PARK_EN":"PLOVER COVE COUNTRY PARK","COUNTRY_PARK_TC":"船灣郊野公園","UTM_GRID":"KK202904","UTM_ZONE":"50Q","trail_id_corrected_from":null,"position_may_be_inaccurate":false}},{"type":"Feature","geometry":{"type":"Point","coordinates":[114.28625,22.49654]},"properties":{"FAC_ID":"C2612","TRAIL_ID":"cty_29","TRAIL_NAME_EN":"PLOVER COVE RESERVOIR COUNTRY TRAIL","TRAIL_NAME_TC":"船灣淡水湖郊遊徑","COUNTRY_PARK_EN":"PLOVER COVE COUNTRY PARK","COUNTRY_PARK_TC":"船灣郊野公園","UTM_GRID":"KK207903","UTM_ZONE":"50Q","trail_id_corrected_from":null,"position_may_be_inaccurate":false}},{"type":"Feature","geometry":{"type":"Point","coordinates":[114.29026,22.49399]},"properties":{"FAC_ID":"C2613","TRAIL_ID":"cty_29","TRAIL_NAME_EN":"PLOVER COVE RESERVOIR COUNTRY TRAIL","TRAIL_NAME_TC":"船灣淡水湖郊遊徑","COUNTRY_PARK_EN":"PLOVER COVE COUNTRY PARK","COUNTRY_PARK_TC":"船灣郊野公園","UTM_GRID":"KK212900","UTM_ZONE":"50Q","trail_id_corrected_from":null,"position_may_be_inaccurate":false}},{"type":"Feature","geometry":{"type":"Point","coordinates":[114.2935,22.49134]},"properties":{"FAC_ID":"C2614","TRAIL_ID":"cty_29","TRAIL_NAME_EN":"PLOVER COVE RESERVOIR COUNTRY TRAIL","TRAIL_NAME_TC":"船灣淡水湖郊遊徑","COUNTRY_PARK_EN":"PLOVER COVE COUNTRY PARK","COUNTRY_PARK_TC":"船灣郊野公園","UTM_GRID":"KK215897","UTM_ZONE":"50Q","trail_id_corrected_from":null,"position_may_be_inaccurate":false}},{"type":"Feature","geometry":{"type":"Point","coordinates":[114.29404,22.48783]},"properties":{"FAC_ID":"C2615","TRAIL_ID":"cty_29","TRAIL_NAME_EN":"PLOVER COVE RESERVOIR COUNTRY TRAIL","TRAIL_NAME_TC":"船灣淡水湖郊遊徑","COUNTRY_PARK_EN":"PLOVER COVE COUNTRY PARK","COUNTRY_PARK_TC":"船灣郊野公園","UTM_GRID":"KK215893","UTM_ZONE":"50Q","trail_id_corrected_from":null,"position_may_be_inaccurate":false}},{"type":"Feature","geometry":{"type":"Point","coordinates":[114.29241,22.48389]},"properties":{"FAC_ID":"C2616","TRAIL_ID":"cty_29","TRAIL_NAME_EN":"PLOVER COVE RESERVOIR COUNTRY TRAIL","TRAIL_NAME_TC":"船灣淡水湖郊遊徑","COUNTRY_PARK_EN":"PLOVER COVE COUNTRY PARK","COUNTRY_PARK_TC":"船灣郊野公園","UTM_GRID":"KK214889","UTM_ZONE":"50Q","trail_id_corrected_from":null,"position_may_be_inaccurate":false}},{"type":"Feature","geometry":{"type":"Point","coordinates":[114.28938,22.4798]},"properties":{"FAC_ID":"C2617","TRAIL_ID":"cty_29","TRAIL_NAME_EN":"PLOVER COVE RESERVOIR COUNTRY TRAIL","TRAIL_NAME_TC":"船灣淡水湖郊遊徑","COUNTRY_PARK_EN":"PLOVER COVE COUNTRY PARK","COUNTRY_PARK_TC":"船灣郊野公園","UTM_GRID":"KK210884","UTM_ZONE":"50Q","trail_id_corrected_from":null,"position_may_be_inaccurate":false}},{"type":"Feature","geometry":{"type":"Point","coordinates":[114.28657,22.47701]},"properties":{"FAC_ID":"C2618","TRAIL_ID":"cty_29","TRAIL_NAME_EN":"PLOVER COVE RESERVOIR COUNTRY TRAIL","TRAIL_NAME_TC":"船灣淡水湖郊遊徑","COUNTRY_PARK_EN":"PLOVER COVE COUNTRY PARK","COUNTRY_PARK_TC":"船灣郊野公園","UTM_GRID":"KK207881","UTM_ZONE":"50Q","trail_id_corrected_from":null,"position_may_be_inaccurate":false}},{"type":"Feature","geometry":{"type":"Point","coordinates":[114.2828,22.47388]},"properties":{"FAC_ID":"C2619","TRAIL_ID":"cty_29","TRAIL_NAME_EN":"PLOVER COVE RESERVOIR COUNTRY TRAIL","TRAIL_NAME_TC":"船灣淡水湖郊遊徑","COUNTRY_PARK_EN":"PLOVER COVE COUNTRY PARK","COUNTRY_PARK_TC":"船灣郊野公園","UTM_GRID":"KK203878","UTM_ZONE":"50Q","trail_id_corrected_from":null,"position_may_be_inaccurate":false}},{"type":"Feature","geometry":{"type":"Point","coordinates":[114.27924,22.47293]},"properties":{"FAC_ID":"C2620","TRAIL_ID":"cty_29","TRAIL_NAME_EN":"PLOVER COVE RESERVOIR COUNTRY TRAIL","TRAIL_NAME_TC":"船灣淡水湖郊遊徑","COUNTRY_PARK_EN":"PLOVER COVE COUNTRY PARK","COUNTRY_PARK_TC":"船灣郊野公園","UTM_GRID":"KK200877","UTM_ZONE":"50Q","trail_id_corrected_from":null,"position_may_be_inaccurate":false}},{"type":"Feature","geometry":{"type":"Point","coordinates":[114.27495,22.47283]},"properties":{"FAC_ID":"C2621","TRAIL_ID":"cty_29","TRAIL_NAME_EN":"PLOVER COVE RESERVOIR COUNTRY TRAIL","TRAIL_NAME_TC":"船灣淡水湖郊遊徑","COUNTRY_PARK_EN":"PLOVER COVE COUNTRY PARK","COUNTRY_PARK_TC":"船灣郊野公園","UTM_GRID":"KK195877","UTM_ZONE":"50Q","trail_id_corrected_from":null,"position_may_be_inaccurate":false}},{"type":"Feature","geometry":{"type":"Point","coordinates":[114.27086,22.47288]},"properties":{"FAC_ID":"C2622","TRAIL_ID":"cty_29","TRAIL_NAME_EN":"PLOVER COVE RESERVOIR COUNTRY TRAIL","TRAIL_NAME_TC":"船灣淡水湖郊遊徑","COUNTRY_PARK_EN":"PLOVER COVE COUNTRY PARK","COUNTRY_PARK_TC":"船灣郊野公園","UTM_GRID":"KK191877","UTM_ZONE":"50Q","trail_id_corrected_from":null,"position_may_be_inaccurate":false}},{"type":"Feature","geometry":{"type":"Point","coordinates":[114.26743,22.47112]},"properties":{"FAC_ID":"C2623","TRAIL_ID":"cty_29","TRAIL_NAME_EN":"PLOVER COVE RESERVOIR COUNTRY TRAIL","TRAIL_NAME_TC":"船灣淡水湖郊遊徑","COUNTRY_PARK_EN":"PLOVER COVE COUNTRY PARK","COUNTRY_PARK_TC":"船灣郊野公園","UTM_GRID":"KK188875","UTM_ZONE":"50Q","trail_id_corrected_from":null,"position_may_be_inaccurate":false}},{"type":"Feature","geometry":{"type":"Point","coordinates":[114.26427,22.46874]},"properties":{"FAC_ID":"C2624","TRAIL_ID":"cty_29","TRAIL_NAME_EN":"PLOVER COVE RESERVOIR COUNTRY TRAIL","TRAIL_NAME_TC":"船灣淡水湖郊遊徑","COUNTRY_PARK_EN":"PLOVER COVE COUNTRY PARK","COUNTRY_PARK_TC":"船灣郊野公園","UTM_GRID":"KK184872","UTM_ZONE":"50Q","trail_id_corrected_from":null,"position_may_be_inaccurate":false}},{"type":"Feature","geometry":{"type":"Point","coordinates":[114.26544,22.46615]},"properties":{"FAC_ID":"C2625","TRAIL_ID":"cty_29","TRAIL_NAME_EN":"PLOVER COVE RESERVOIR COUNTRY TRAIL","TRAIL_NAME_TC":"船灣淡水湖郊遊徑","COUNTRY_PARK_EN":"PLOVER COVE COUNTRY PARK","COUNTRY_PARK_TC":"船灣郊野公園","UTM_GRID":"KK185869","UTM_ZONE":"50Q","trail_id_corrected_from":null,"position_may_be_inaccurate":false}},{"type":"Feature","geometry":{"type":"Point","coordinates":[114.26324,22.46313]},"properties":{"FAC_ID":"C2626","TRAIL_ID":"cty_29","TRAIL_NAME_EN":"PLOVER COVE RESERVOIR COUNTRY TRAIL","TRAIL_NAME_TC":"船灣淡水湖郊遊徑","COUNTRY_PARK_EN":"PLOVER COVE COUNTRY PARK","COUNTRY_PARK_TC":"船灣郊野公園","UTM_GRID":"KK183866","UTM_ZONE":"50Q","trail_id_corrected_from":null,"position_may_be_inaccurate":false}},{"type":"Feature","geometry":{"type":"Point","coordinates":[114.26075,22.4605]},"properties":{"FAC_ID":"C2627","TRAIL_ID":"cty_29","TRAIL_NAME_EN":"PLOVER COVE RESERVOIR COUNTRY TRAIL","TRAIL_NAME_TC":"船灣淡水湖郊遊徑","COUNTRY_PARK_EN":"PLOVER COVE COUNTRY PARK","COUNTRY_PARK_TC":"船灣郊野公園","UTM_GRID":"KK180863","UTM_ZONE":"50Q","trail_id_corrected_from":null,"position_may_be_inaccurate":false}},{"type":"Feature","geometry":{"type":"Point","coordinates":[114.25885,22.45634]},"properties":{"FAC_ID":"C2628","TRAIL_ID":"cty_29","TRAIL_NAME_EN":"PLOVER COVE RESERVOIR COUNTRY TRAIL","TRAIL_NAME_TC":"船灣淡水湖郊遊徑","COUNTRY_PARK_EN":"PLOVER COVE COUNTRY PARK","COUNTRY_PARK_TC":"船灣郊野公園","UTM_GRID":"KK178859","UTM_ZONE":"50Q","trail_id_corrected_from":null,"position_may_be_inaccurate":false}},{"type":"Feature","geometry":{"type":"Point","coordinates":[114.2551,22.45667]},"properties":{"FAC_ID":"C2629","TRAIL_ID":"cty_29","TRAIL_NAME_EN":"PLOVER COVE RESERVOIR COUNTRY TRAIL","TRAIL_NAME_TC":"船灣淡水湖郊遊徑","COUNTRY_PARK_EN":"PLOVER COVE COUNTRY PARK","COUNTRY_PARK_TC":"船灣郊野公園","UTM_GRID":"KK175859","UTM_ZONE":"50Q","trail_id_corrected_from":null,"position_may_be_inaccurate":false}},{"type":"Feature","geometry":{"type":"Point","coordinates":[114.25254,22.45819]},"properties":{"FAC_ID":"C2630","TRAIL_ID":"cty_29","TRAIL_NAME_EN":"PLOVER COVE RESERVOIR COUNTRY TRAIL","TRAIL_NAME_TC":"船灣淡水湖郊遊徑","COUNTRY_PARK_EN":"PLOVER COVE COUNTRY PARK","COUNTRY_PARK_TC":"船灣郊野公園","UTM_GRID":"KK172861","UTM_ZONE":"50Q","trail_id_corrected_from":null,"position_may_be_inaccurate":false}},{"type":"Feature","geometry":{"type":"Point","coordinates":[114.28107,22.31348]},"properties":{"FAC_ID":"C3101","TRAIL_ID":"cty_13","TRAIL_NAME_EN":"HIGH JUNK PEAK COUNTRY TRAIL","TRAIL_NAME_TC":"釣魚翁郊遊徑","COUNTRY_PARK_EN":"Outside Country Park and Special Area","COUNTRY_PARK_TC":"不在郊野公園及特別地區範圍","UTM_GRID":"KK198700","UTM_ZONE":"50Q","trail_id_corrected_from":null,"position_may_be_inaccurate":false}},{"type":"Feature","geometry":{"type":"Point","coordinates":[114.28156,22.30822]},"properties":{"FAC_ID":"C3102","TRAIL_ID":"cty_13","TRAIL_NAME_EN":"HIGH JUNK PEAK COUNTRY TRAIL","TRAIL_NAME_TC":"釣魚翁郊遊徑","COUNTRY_PARK_EN":"CLEAR WATER BAY COUNTRY PARK","COUNTRY_PARK_TC":"清水灣郊野公園","UTM_GRID":"KK199694","UTM_ZONE":"50Q","trail_id_corrected_from":null,"position_may_be_inaccurate":false}},{"type":"Feature","geometry":{"type":"Point","coordinates":[114.28151,22.30665]},"properties":{"FAC_ID":"C3103","TRAIL_ID":"cty_13","TRAIL_NAME_EN":"HIGH JUNK PEAK COUNTRY TRAIL","TRAIL_NAME_TC":"釣魚翁郊遊徑","COUNTRY_PARK_EN":"CLEAR WATER BAY COUNTRY PARK","COUNTRY_PARK_TC":"清水灣郊野公園","UTM_GRID":"KK199692","UTM_ZONE":"50Q","trail_id_corrected_from":null,"position_may_be_inaccurate":false}},{"type":"Feature","geometry":{"type":"Point","coordinates":[114.28108,22.30095]},"properties":{"FAC_ID":"C3104","TRAIL_ID":"cty_13","TRAIL_NAME_EN":"HIGH JUNK PEAK COUNTRY TRAIL","TRAIL_NAME_TC":"釣魚翁郊遊徑","COUNTRY_PARK_EN":"CLEAR WATER BAY COUNTRY PARK","COUNTRY_PARK_TC":"清水灣郊野公園","UTM_GRID":"KK198686","UTM_ZONE":"50Q","trail_id_corrected_from":null,"position_may_be_inaccurate":false}},{"type":"Feature","geometry":{"type":"Point","coordinates":[114.28346,22.29692]},"properties":{"FAC_ID":"C3105","TRAIL_ID":"cty_13","TRAIL_NAME_EN":"HIGH JUNK PEAK COUNTRY TRAIL","TRAIL_NAME_TC":"釣魚翁郊遊徑","COUNTRY_PARK_EN":"CLEAR WATER BAY COUNTRY PARK","COUNTRY_PARK_TC":"清水灣郊野公園","UTM_GRID":"KK201682","UTM_ZONE":"50Q","trail_id_corrected_from":null,"position_may_be_inaccurate":false}},{"type":"Feature","geometry":{"type":"Point","coordinates":[114.28475,22.29344]},"properties":{"FAC_ID":"C3106","TRAIL_ID":"cty_13","TRAIL_NAME_EN":"HIGH JUNK PEAK COUNTRY TRAIL","TRAIL_NAME_TC":"釣魚翁郊遊徑","COUNTRY_PARK_EN":"CLEAR WATER BAY COUNTRY PARK","COUNTRY_PARK_TC":"清水灣郊野公園","UTM_GRID":"KK202678","UTM_ZONE":"50Q","trail_id_corrected_from":null,"position_may_be_inaccurate":false}},{"type":"Feature","geometry":{"type":"Point","coordinates":[114.28247,22.28903]},"properties":{"FAC_ID":"C3107","TRAIL_ID":"cty_13","TRAIL_NAME_EN":"HIGH JUNK PEAK COUNTRY TRAIL","TRAIL_NAME_TC":"釣魚翁郊遊徑","COUNTRY_PARK_EN":"CLEAR WATER BAY COUNTRY PARK","COUNTRY_PARK_TC":"清水灣郊野公園","UTM_GRID":"KK199673","UTM_ZONE":"50Q","trail_id_corrected_from":null,"position_may_be_inaccurate":false}},{"type":"Feature","geometry":{"type":"Point","coordinates":[114.28373,22.28541]},"properties":{"FAC_ID":"C3108","TRAIL_ID":"cty_13","TRAIL_NAME_EN":"HIGH JUNK PEAK COUNTRY TRAIL","TRAIL_NAME_TC":"釣魚翁郊遊徑","COUNTRY_PARK_EN":"CLEAR WATER BAY COUNTRY PARK","COUNTRY_PARK_TC":"清水灣郊野公園","UTM_GRID":"KK201669","UTM_ZONE":"50Q","trail_id_corrected_from":null,"position_may_be_inaccurate":false}},{"type":"Feature","geometry":{"type":"Point","coordinates":[114.2856,22.2827]},"properties":{"FAC_ID":"C3109","TRAIL_ID":"cty_13","TRAIL_NAME_EN":"HIGH JUNK PEAK COUNTRY TRAIL","TRAIL_NAME_TC":"釣魚翁郊遊徑","COUNTRY_PARK_EN":"CLEAR WATER BAY COUNTRY PARK","COUNTRY_PARK_TC":"清水灣郊野公園","UTM_GRID":"KK203666","UTM_ZONE":"50Q","trail_id_corrected_from":null,"position_may_be_inaccurate":false}},{"type":"Feature","geometry":{"type":"Point","coordinates":[114.28484,22.27836]},"properties":{"FAC_ID":"C3110","TRAIL_ID":"cty_13","TRAIL_NAME_EN":"HIGH JUNK PEAK COUNTRY TRAIL","TRAIL_NAME_TC":"釣魚翁郊遊徑","COUNTRY_PARK_EN":"CLEAR WATER BAY COUNTRY PARK","COUNTRY_PARK_TC":"清水灣郊野公園","UTM_GRID":"KK202661","UTM_ZONE":"50Q","trail_id_corrected_from":null,"position_may_be_inaccurate":false}},{"type":"Feature","geometry":{"type":"Point","coordinates":[114.28851,22.27416]},"properties":{"FAC_ID":"C3111","TRAIL_ID":"cty_13","TRAIL_NAME_EN":"HIGH JUNK PEAK COUNTRY TRAIL","TRAIL_NAME_TC":"釣魚翁郊遊徑","COUNTRY_PARK_EN":"CLEAR WATER BAY COUNTRY PARK","COUNTRY_PARK_TC":"清水灣郊野公園","UTM_GRID":"KK205656","UTM_ZONE":"50Q","trail_id_corrected_from":null,"position_may_be_inaccurate":false}},{"type":"Feature","geometry":{"type":"Point","coordinates":[114.30227,22.297]},"properties":{"FAC_ID":"C3201","TRAIL_ID":"cty_8","TRAIL_NAME_EN":"LUNG HA WAN COUNTRY TRAIL","TRAIL_NAME_TC":"龍蝦灣郊遊徑","COUNTRY_PARK_EN":"CLEAR WATER BAY COUNTRY PARK","COUNTRY_PARK_TC":"清水灣郊野公園","UTM_GRID":"KK220681","UTM_ZONE":"50Q","trail_id_corrected_from":null,"position_may_be_inaccurate":false}},{"type":"Feature","geometry":{"type":"Point","coordinates":[114.3049,22.29889]},"properties":{"FAC_ID":"C3202","TRAIL_ID":"cty_8","TRAIL_NAME_EN":"LUNG HA WAN COUNTRY TRAIL","TRAIL_NAME_TC":"龍蝦灣郊遊徑","COUNTRY_PARK_EN":"CLEAR WATER BAY COUNTRY PARK","COUNTRY_PARK_TC":"清水灣郊野公園","UTM_GRID":"KK223683","UTM_ZONE":"50Q","trail_id_corrected_from":null,"position_may_be_inaccurate":false}},{"type":"Feature","geometry":{"type":"Point","coordinates":[114.30373,22.30317]},"properties":{"FAC_ID":"C3203","TRAIL_ID":"cty_8","TRAIL_NAME_EN":"LUNG HA WAN COUNTRY TRAIL","TRAIL_NAME_TC":"龍蝦灣郊遊徑","COUNTRY_PARK_EN":"CLEAR WATER BAY COUNTRY PARK","COUNTRY_PARK_TC":"清水灣郊野公園","UTM_GRID":"KK222688","UTM_ZONE":"50Q","trail_id_corrected_from":null,"position_may_be_inaccurate":false}},{"type":"Feature","geometry":{"type":"Point","coordinates":[114.30252,22.30596]},"properties":{"FAC_ID":"C3204","TRAIL_ID":"cty_8","TRAIL_NAME_EN":"LUNG HA WAN COUNTRY TRAIL","TRAIL_NAME_TC":"龍蝦灣郊遊徑","COUNTRY_PARK_EN":"CLEAR WATER BAY COUNTRY PARK","COUNTRY_PARK_TC":"清水灣郊野公園","UTM_GRID":"KK220691","UTM_ZONE":"50Q","trail_id_corrected_from":null,"position_may_be_inaccurate":false}},{"type":"Feature","geometry":{"type":"Point","coordinates":[114.23954,22.40456]},"properties":{"FAC_ID":"C3301","TRAIL_ID":"cty_14","TRAIL_NAME_EN":"MA ON SHAN COUNTRY TRAIL","TRAIL_NAME_TC":"馬鞍山郊遊徑","COUNTRY_PARK_EN":"Outside Country Park and Special Area","COUNTRY_PARK_TC":"不在郊野公園及特別地區範圍","UTM_GRID":"KK157802","UTM_ZONE":"50Q","trail_id_corrected_from":null,"position_may_be_inaccurate":false}},{"type":"Feature","geometry":{"type":"Point","coordinates":[114.24458,22.40319]},"properties":{"FAC_ID":"C3302","TRAIL_ID":"cty_14","TRAIL_NAME_EN":"MA ON SHAN COUNTRY TRAIL","TRAIL_NAME_TC":"馬鞍山郊遊徑","COUNTRY_PARK_EN":"Outside Country Park and Special Area","COUNTRY_PARK_TC":"不在郊野公園及特別地區範圍","UTM_GRID":"KK163800","UTM_ZONE":"50Q","trail_id_corrected_from":null,"position_may_be_inaccurate":false}},{"type":"Feature","geometry":{"type":"Point","coordinates":[114.24575,22.40114]},"properties":{"FAC_ID":"C3303","TRAIL_ID":"cty_14","TRAIL_NAME_EN":"MA ON SHAN COUNTRY TRAIL","TRAIL_NAME_TC":"馬鞍山郊遊徑","COUNTRY_PARK_EN":"Outside Country Park and Special Area","COUNTRY_PARK_TC":"不在郊野公園及特別地區範圍","UTM_GRID":"KK164798","UTM_ZONE":"50Q","trail_id_corrected_from":null,"position_may_be_inaccurate":false}},{"type":"Feature","geometry":{"type":"Point","coordinates":[114.2478,22.3991]},"properties":{"FAC_ID":"C3304","TRAIL_ID":"cty_14","TRAIL_NAME_EN":"MA ON SHAN COUNTRY TRAIL","TRAIL_NAME_TC":"馬鞍山郊遊徑","COUNTRY_PARK_EN":"MA ON SHAN COUNTRY PARK","COUNTRY_PARK_TC":"馬鞍山郊野公園","UTM_GRID":"KK166795","UTM_ZONE":"50Q","trail_id_corrected_from":null,"position_may_be_inaccurate":false}},{"type":"Feature","geometry":{"type":"Point","coordinates":[114.2507,22.39508]},"properties":{"FAC_ID":"C3305","TRAIL_ID":"cty_14","TRAIL_NAME_EN":"MA ON SHAN COUNTRY TRAIL","TRAIL_NAME_TC":"馬鞍山郊遊徑","COUNTRY_PARK_EN":"MA ON SHAN COUNTRY PARK","COUNTRY_PARK_TC":"馬鞍山郊野公園","UTM_GRID":"KK169791","UTM_ZONE":"50Q","trail_id_corrected_from":null,"position_may_be_inaccurate":false}},{"type":"Feature","geometry":{"type":"Point","coordinates":[114.25216,22.3911]},"properties":{"FAC_ID":"C3306","TRAIL_ID":"cty_14","TRAIL_NAME_EN":"MA ON SHAN COUNTRY TRAIL","TRAIL_NAME_TC":"馬鞍山郊遊徑","COUNTRY_PARK_EN":"MA ON SHAN COUNTRY PARK","COUNTRY_PARK_TC":"馬鞍山郊野公園","UTM_GRID":"KK170787","UTM_ZONE":"50Q","trail_id_corrected_from":null,"position_may_be_inaccurate":false}},{"type":"Feature","geometry":{"type":"Point","coordinates":[114.25421,22.38745]},"properties":{"FAC_ID":"C3307","TRAIL_ID":"cty_14","TRAIL_NAME_EN":"MA ON SHAN COUNTRY TRAIL","TRAIL_NAME_TC":"馬鞍山郊遊徑","COUNTRY_PARK_EN":"MA ON SHAN COUNTRY PARK","COUNTRY_PARK_TC":"馬鞍山郊野公園","UTM_GRID":"KK172782","UTM_ZONE":"50Q","trail_id_corrected_from":null,"position_may_be_inaccurate":false}},{"type":"Feature","geometry":{"type":"Point","coordinates":[114.25846,22.38542]},"properties":{"FAC_ID":"C3308","TRAIL_ID":"cty_14","TRAIL_NAME_EN":"MA ON SHAN COUNTRY TRAIL","TRAIL_NAME_TC":"馬鞍山郊遊徑","COUNTRY_PARK_EN":"Outside Country Park and Special Area","COUNTRY_PARK_TC":"不在郊野公園及特別地區範圍","UTM_GRID":"KK177780","UTM_ZONE":"50Q","trail_id_corrected_from":null,"position_may_be_inaccurate":false}},{"type":"Feature","geometry":{"type":"Point","coordinates":[114.12062,22.39317]},"properties":{"FAC_ID":"C3401","TRAIL_ID":"cty_25","TRAIL_NAME_EN":"LUNG MUN COUNTRY TRAIL","TRAIL_NAME_TC":"龍門郊遊徑","COUNTRY_PARK_EN":"TAI MO SHAN COUNTRY PARK","COUNTRY_PARK_TC":"大帽山郊野公園","UTM_GRID":"KK035791","UTM_ZONE":"50Q","trail_id_corrected_from":null,"position_may_be_inaccurate":false}},{"type":"Feature","geometry":{"type":"Point","coordinates":[114.12373,22.39456]},"properties":{"FAC_ID":"C3402","TRAIL_ID":"cty_25","TRAIL_NAME_EN":"LUNG MUN COUNTRY TRAIL","TRAIL_NAME_TC":"龍門郊遊徑","COUNTRY_PARK_EN":"TAI MO SHAN COUNTRY PARK","COUNTRY_PARK_TC":"大帽山郊野公園","UTM_GRID":"KK038793","UTM_ZONE":"50Q","trail_id_corrected_from":null,"position_may_be_inaccurate":false}},{"type":"Feature","geometry":{"type":"Point","coordinates":[114.12558,22.39141]},"properties":{"FAC_ID":"C3403","TRAIL_ID":"cty_25","TRAIL_NAME_EN":"LUNG MUN COUNTRY TRAIL","TRAIL_NAME_TC":"龍門郊遊徑","COUNTRY_PARK_EN":"TAI MO SHAN COUNTRY PARK","COUNTRY_PARK_TC":"大帽山郊野公園","UTM_GRID":"KK040789","UTM_ZONE":"50Q","trail_id_corrected_from":null,"position_may_be_inaccurate":false}},{"type":"Feature","geometry":{"type":"Point","coordinates":[114.1281,22.38913]},"properties":{"FAC_ID":"C3404","TRAIL_ID":"cty_25","TRAIL_NAME_EN":"LUNG MUN COUNTRY TRAIL","TRAIL_NAME_TC":"龍門郊遊徑","COUNTRY_PARK_EN":"SHING MUN COUNTRY PARK","COUNTRY_PARK_TC":"城門郊野公園","UTM_GRID":"KK042787","UTM_ZONE":"50Q","trail_id_corrected_from":null,"position_may_be_inaccurate":false}},{"type":"Feature","geometry":{"type":"Point","coordinates":[114.13123,22.38795]},"properties":{"FAC_ID":"C3405","TRAIL_ID":"cty_25","TRAIL_NAME_EN":"LUNG MUN COUNTRY TRAIL","TRAIL_NAME_TC":"龍門郊遊徑","COUNTRY_PARK_EN":"SHING MUN COUNTRY PARK","COUNTRY_PARK_TC":"城門郊野公園","UTM_GRID":"KK046785","UTM_ZONE":"50Q","trail_id_corrected_from":null,"position_may_be_inaccurate":false}},{"type":"Feature","geometry":{"type":"Point","coordinates":[114.1343,22.38932]},"properties":{"FAC_ID":"C3406","TRAIL_ID":"cty_25","TRAIL_NAME_EN":"LUNG MUN COUNTRY TRAIL","TRAIL_NAME_TC":"龍門郊遊徑","COUNTRY_PARK_EN":"SHING MUN COUNTRY PARK","COUNTRY_PARK_TC":"城門郊野公園","UTM_GRID":"KK049787","UTM_ZONE":"50Q","trail_id_corrected_from":null,"position_may_be_inaccurate":false}},{"type":"Feature","geometry":{"type":"Point","coordinates":[114.13656,22.39216]},"properties":{"FAC_ID":"C3407","TRAIL_ID":"cty_25","TRAIL_NAME_EN":"LUNG MUN COUNTRY TRAIL","TRAIL_NAME_TC":"龍門郊遊徑","COUNTRY_PARK_EN":"SHING MUN COUNTRY PARK","COUNTRY_PARK_TC":"城門郊野公園","UTM_GRID":"KK051790","UTM_ZONE":"50Q","trail_id_corrected_from":null,"position_may_be_inaccurate":false}},{"type":"Feature","geometry":{"type":"Point","coordinates":[114.14019,22.39114]},"properties":{"FAC_ID":"C3408","TRAIL_ID":"cty_25","TRAIL_NAME_EN":"LUNG MUN COUNTRY TRAIL","TRAIL_NAME_TC":"龍門郊遊徑","COUNTRY_PARK_EN":"SHING MUN COUNTRY PARK","COUNTRY_PARK_TC":"城門郊野公園","UTM_GRID":"KK055789","UTM_ZONE":"50Q","trail_id_corrected_from":null,"position_may_be_inaccurate":false}},{"type":"Feature","geometry":{"type":"Point","coordinates":[114.14222,22.38764]},"properties":{"FAC_ID":"C3409","TRAIL_ID":"cty_25","TRAIL_NAME_EN":"LUNG MUN COUNTRY TRAIL","TRAIL_NAME_TC":"龍門郊遊徑","COUNTRY_PARK_EN":"SHING MUN COUNTRY PARK","COUNTRY_PARK_TC":"城門郊野公園","UTM_GRID":"KK057785","UTM_ZONE":"50Q","trail_id_corrected_from":null,"position_may_be_inaccurate":false}},{"type":"Feature","geometry":{"type":"Point","coordinates":[114.14449,22.38676]},"properties":{"FAC_ID":"C3410","TRAIL_ID":"cty_25","TRAIL_NAME_EN":"LUNG MUN COUNTRY TRAIL","TRAIL_NAME_TC":"龍門郊遊徑","COUNTRY_PARK_EN":"SHING MUN COUNTRY PARK","COUNTRY_PARK_TC":"城門郊野公園","UTM_GRID":"KK059784","UTM_ZONE":"50Q","trail_id_corrected_from":null,"position_may_be_inaccurate":false}},{"type":"Feature","geometry":{"type":"Point","coordinates":[114.19498,22.25488]},"properties":{"FAC_ID":"C4101","TRAIL_ID":"cty_1","TRAIL_NAME_EN":"TAI TAM COUNTRY TRAIL","TRAIL_NAME_TC":"大潭郊遊徑","COUNTRY_PARK_EN":"TAI TAM COUNTRY PARK","COUNTRY_PARK_TC":"大潭郊野公園","UTM_GRID":"KK109637","UTM_ZONE":"50Q","trail_id_corrected_from":null,"position_may_be_inaccurate":false}},{"type":"Feature","geometry":{"type":"Point","coordinates":[114.19716,22.25236]},"properties":{"FAC_ID":"C4102","TRAIL_ID":"cty_1","TRAIL_NAME_EN":"TAI TAM COUNTRY TRAIL","TRAIL_NAME_TC":"大潭郊遊徑","COUNTRY_PARK_EN":"TAI TAM COUNTRY PARK","COUNTRY_PARK_TC":"大潭郊野公園","UTM_GRID":"KK111634","UTM_ZONE":"50Q","trail_id_corrected_from":null,"position_may_be_inaccurate":false}},{"type":"Feature","geometry":{"type":"Point","coordinates":[114.19968,22.25021]},"properties":{"FAC_ID":"C4103","TRAIL_ID":"cty_1","TRAIL_NAME_EN":"TAI TAM COUNTRY TRAIL","TRAIL_NAME_TC":"大潭郊遊徑","COUNTRY_PARK_EN":"TAI TAM COUNTRY PARK","COUNTRY_PARK_TC":"大潭郊野公園","UTM_GRID":"KK113631","UTM_ZONE":"50Q","trail_id_corrected_from":null,"position_may_be_inaccurate":false}},{"type":"Feature","geometry":{"type":"Point","coordinates":[114.19961,22.2537]},"properties":{"FAC_ID":"C4104","TRAIL_ID":"cty_1","TRAIL_NAME_EN":"TAI TAM COUNTRY TRAIL","TRAIL_NAME_TC":"大潭郊遊徑","COUNTRY_PARK_EN":"TAI TAM COUNTRY PARK","COUNTRY_PARK_TC":"大潭郊野公園","UTM_GRID":"KK113635","UTM_ZONE":"50Q","trail_id_corrected_from":null,"position_may_be_inaccurate":false}},{"type":"Feature","geometry":{"type":"Point","coordinates":[114.19786,22.25656]},"properties":{"FAC_ID":"C4105","TRAIL_ID":"cty_1","TRAIL_NAME_EN":"TAI TAM COUNTRY TRAIL","TRAIL_NAME_TC":"大潭郊遊徑","COUNTRY_PARK_EN":"Outside Country Park and Special Area","COUNTRY_PARK_TC":"不在郊野公園及特別地區範圍","UTM_GRID":"KK112639","UTM_ZONE":"50Q","trail_id_corrected_from":null,"position_may_be_inaccurate":false}},{"type":"Feature","geometry":{"type":"Point","coordinates":[114.24347,22.25412]},"properties":{"FAC_ID":"C4201","TRAIL_ID":"cty_6","TRAIL_NAME_EN":"POTTINGER PEAK COUNTRY TRAIL","TRAIL_NAME_TC":"砵甸乍山郊遊徑","COUNTRY_PARK_EN":"SHEK O COUNTRY PARK","COUNTRY_PARK_TC":"石澳郊野公園","UTM_GRID":"KK159635","UTM_ZONE":"50Q","trail_id_corrected_from":null,"position_may_be_inaccurate":false}},{"type":"Feature","geometry":{"type":"Point","coordinates":[114.24722,22.25335]},"properties":{"FAC_ID":"C4202","TRAIL_ID":"cty_6","TRAIL_NAME_EN":"POTTINGER PEAK COUNTRY TRAIL","TRAIL_NAME_TC":"砵甸乍山郊遊徑","COUNTRY_PARK_EN":"SHEK O COUNTRY PARK","COUNTRY_PARK_TC":"石澳郊野公園","UTM_GRID":"KK162634","UTM_ZONE":"50Q","trail_id_corrected_from":null,"position_may_be_inaccurate":false}},{"type":"Feature","geometry":{"type":"Point","coordinates":[114.25083,22.2543]},"properties":{"FAC_ID":"C4203","TRAIL_ID":"cty_6","TRAIL_NAME_EN":"POTTINGER PEAK COUNTRY TRAIL","TRAIL_NAME_TC":"砵甸乍山郊遊徑","COUNTRY_PARK_EN":"SHEK O COUNTRY PARK","COUNTRY_PARK_TC":"石澳郊野公園","UTM_GRID":"KK166635","UTM_ZONE":"50Q","trail_id_corrected_from":null,"position_may_be_inaccurate":false}},{"type":"Feature","geometry":{"type":"Point","coordinates":[114.21267,22.27205]},"properties":{"FAC_ID":"C4301","TRAIL_ID":"cty_21","TRAIL_NAME_EN":"HONG PAK COUNTRY TRAIL","TRAIL_NAME_TC":"康柏郊遊徑","COUNTRY_PARK_EN":"TAI TAM COUNTRY PARK (QUARRY BAY EXTENSION)","COUNTRY_PARK_TC":"大潭郊野公園(鰂魚涌擴建部分)","UTM_GRID":"KK127655","UTM_ZONE":"50Q","trail_id_corrected_from":null,"position_may_be_inaccurate":false}},{"type":"Feature","geometry":{"type":"Point","coordinates":[114.21378,22.26968]},"properties":{"FAC_ID":"C4302","TRAIL_ID":"cty_21","TRAIL_NAME_EN":"HONG PAK COUNTRY TRAIL","TRAIL_NAME_TC":"康柏郊遊徑","COUNTRY_PARK_EN":"TAI TAM COUNTRY PARK","COUNTRY_PARK_TC":"大潭郊野公園","UTM_GRID":"KK128653","UTM_ZONE":"50Q","trail_id_corrected_from":null,"position_may_be_inaccurate":false}},{"type":"Feature","geometry":{"type":"Point","coordinates":[114.21674,22.27106]},"properties":{"FAC_ID":"C4303","TRAIL_ID":"cty_21","TRAIL_NAME_EN":"HONG PAK COUNTRY TRAIL","TRAIL_NAME_TC":"康柏郊遊徑","COUNTRY_PARK_EN":"TAI TAM COUNTRY PARK (QUARRY BAY EXTENSION)","COUNTRY_PARK_TC":"大潭郊野公園(鰂魚涌擴建部分)","UTM_GRID":"KK131654","UTM_ZONE":"50Q","trail_id_corrected_from":null,"position_may_be_inaccurate":false}},{"type":"Feature","geometry":{"type":"Point","coordinates":[114.21777,22.27395]},"properties":{"FAC_ID":"C4304","TRAIL_ID":"cty_21","TRAIL_NAME_EN":"HONG PAK COUNTRY TRAIL","TRAIL_NAME_TC":"康柏郊遊徑","COUNTRY_PARK_EN":"TAI TAM COUNTRY PARK (QUARRY BAY EXTENSION)","COUNTRY_PARK_TC":"大潭郊野公園(鰂魚涌擴建部分)","UTM_GRID":"KK132657","UTM_ZONE":"50Q","trail_id_corrected_from":null,"position_may_be_inaccurate":false}},{"type":"Feature","geometry":{"type":"Point","coordinates":[114.21765,22.27692]},"properties":{"FAC_ID":"C4305","TRAIL_ID":"cty_21","TRAIL_NAME_EN":"HONG PAK COUNTRY TRAIL","TRAIL_NAME_TC":"康柏郊遊徑","COUNTRY_PARK_EN":"Outside Country Park and Special Area","COUNTRY_PARK_TC":"不在郊野公園及特別地區範圍","UTM_GRID":"KK132661","UTM_ZONE":"50Q","trail_id_corrected_from":null,"position_may_be_inaccurate":false}},{"type":"Feature","geometry":{"type":"Point","coordinates":[114.21542,22.27867]},"properties":{"FAC_ID":"C4306","TRAIL_ID":"cty_21","TRAIL_NAME_EN":"HONG PAK COUNTRY TRAIL","TRAIL_NAME_TC":"康柏郊遊徑","COUNTRY_PARK_EN":"TAI TAM COUNTRY PARK (QUARRY BAY EXTENSION)","COUNTRY_PARK_TC":"大潭郊野公園(鰂魚涌擴建部分)","UTM_GRID":"KK130663","UTM_ZONE":"50Q","trail_id_corrected_from":null,"position_may_be_inaccurate":false}},{"type":"Feature","geometry":{"type":"Point","coordinates":[114.33109,22.41615]},"properties":{"FAC_ID":"C5101","TRAIL_ID":"cty_11","TRAIL_NAME_EN":"PAK TAM COUNTRY TRAIL","TRAIL_NAME_TC":"北潭郊遊徑","COUNTRY_PARK_EN":"SAI KUNG EAST COUNTRY PARK","COUNTRY_PARK_TC":"西貢東郊野公園","UTM_GRID":"KK252813","UTM_ZONE":"50Q","trail_id_corrected_from":null,"position_may_be_inaccurate":false}},{"type":"Feature","geometry":{"type":"Point","coordinates":[114.33,22.41266]},"properties":{"FAC_ID":"C5102","TRAIL_ID":"cty_11","TRAIL_NAME_EN":"PAK TAM COUNTRY TRAIL","TRAIL_NAME_TC":"北潭郊遊徑","COUNTRY_PARK_EN":"SAI KUNG EAST COUNTRY PARK","COUNTRY_PARK_TC":"西貢東郊野公園","UTM_GRID":"KK251809","UTM_ZONE":"50Q","trail_id_corrected_from":null,"position_may_be_inaccurate":false}},{"type":"Feature","geometry":{"type":"Point","coordinates":[114.32782,22.40919]},"properties":{"FAC_ID":"C5103","TRAIL_ID":"cty_11","TRAIL_NAME_EN":"PAK TAM COUNTRY TRAIL","TRAIL_NAME_TC":"北潭郊遊徑","COUNTRY_PARK_EN":"SAI KUNG EAST COUNTRY PARK","COUNTRY_PARK_TC":"西貢東郊野公園","UTM_GRID":"KK249805","UTM_ZONE":"50Q","trail_id_corrected_from":null,"position_may_be_inaccurate":false}},{"type":"Feature","geometry":{"type":"Point","coordinates":[114.32298,22.4371]},"properties":{"FAC_ID":"C5201","TRAIL_ID":"cty_9","TRAIL_NAME_EN":"CHEUNG SHEUNG COUNTRY TRAIL","TRAIL_NAME_TC":"嶂上郊遊徑","COUNTRY_PARK_EN":"SAI KUNG WEST COUNTRY PARK","COUNTRY_PARK_TC":"西貢西郊野公園","UTM_GRID":"KK244836","UTM_ZONE":"50Q","trail_id_corrected_from":null,"position_may_be_inaccurate":false}},{"type":"Feature","geometry":{"type":"Point","coordinates":[114.31908,22.43658]},"properties":{"FAC_ID":"C5202","TRAIL_ID":"cty_9","TRAIL_NAME_EN":"CHEUNG SHEUNG COUNTRY TRAIL","TRAIL_NAME_TC":"嶂上郊遊徑","COUNTRY_PARK_EN":"SAI KUNG WEST COUNTRY PARK","COUNTRY_PARK_TC":"西貢西郊野公園","UTM_GRID":"KK240836","UTM_ZONE":"50Q","trail_id_corrected_from":null,"position_may_be_inaccurate":false}},{"type":"Feature","geometry":{"type":"Point","coordinates":[114.31622,22.43425]},"properties":{"FAC_ID":"C5203","TRAIL_ID":"cty_9","TRAIL_NAME_EN":"CHEUNG SHEUNG COUNTRY TRAIL","TRAIL_NAME_TC":"嶂上郊遊徑","COUNTRY_PARK_EN":"SAI KUNG WEST COUNTRY PARK","COUNTRY_PARK_TC":"西貢西郊野公園","UTM_GRID":"KK237833","UTM_ZONE":"50Q","trail_id_corrected_from":null,"position_may_be_inaccurate":false}},{"type":"Feature","geometry":{"type":"Point","coordinates":[114.31426,22.43088]},"properties":{"FAC_ID":"C5204","TRAIL_ID":"cty_9","TRAIL_NAME_EN":"CHEUNG SHEUNG COUNTRY TRAIL","TRAIL_NAME_TC":"嶂上郊遊徑","COUNTRY_PARK_EN":"SAI KUNG WEST COUNTRY PARK","COUNTRY_PARK_TC":"西貢西郊野公園","UTM_GRID":"KK235829","UTM_ZONE":"50Q","trail_id_corrected_from":null,"position_may_be_inaccurate":false}},{"type":"Feature","geometry":{"type":"Point","coordinates":[114.31111,22.4287]},"properties":{"FAC_ID":"C5205","TRAIL_ID":"cty_9","TRAIL_NAME_EN":"CHEUNG SHEUNG COUNTRY TRAIL","TRAIL_NAME_TC":"嶂上郊遊徑","COUNTRY_PARK_EN":"Excluded Area","COUNTRY_PARK_TC":"不包括地區","UTM_GRID":"KK232827","UTM_ZONE":"50Q","trail_id_corrected_from":null,"position_may_be_inaccurate":false}},{"type":"Feature","geometry":{"type":"Point","coordinates":[114.30635,22.42879]},"properties":{"FAC_ID":"C5206","TRAIL_ID":"cty_9","TRAIL_NAME_EN":"CHEUNG SHEUNG COUNTRY TRAIL","TRAIL_NAME_TC":"嶂上郊遊徑","COUNTRY_PARK_EN":"Excluded Area","COUNTRY_PARK_TC":"不包括地區","UTM_GRID":"KK227827","UTM_ZONE":"50Q","trail_id_corrected_from":null,"position_may_be_inaccurate":false}},{"type":"Feature","geometry":{"type":"Point","coordinates":[114.30251,22.4296]},"properties":{"FAC_ID":"C5207","TRAIL_ID":"cty_9","TRAIL_NAME_EN":"CHEUNG SHEUNG COUNTRY TRAIL","TRAIL_NAME_TC":"嶂上郊遊徑","COUNTRY_PARK_EN":"SAI KUNG WEST COUNTRY PARK","COUNTRY_PARK_TC":"西貢西郊野公園","UTM_GRID":"KK223828","UTM_ZONE":"50Q","trail_id_corrected_from":null,"position_may_be_inaccurate":false}},{"type":"Feature","geometry":{"type":"Point","coordinates":[114.29836,22.42874]},"properties":{"FAC_ID":"C5208","TRAIL_ID":"cty_9","TRAIL_NAME_EN":"CHEUNG SHEUNG COUNTRY TRAIL","TRAIL_NAME_TC":"嶂上郊遊徑","COUNTRY_PARK_EN":"SAI KUNG WEST COUNTRY PARK","COUNTRY_PARK_TC":"西貢西郊野公園","UTM_GRID":"KK219827","UTM_ZONE":"50Q","trail_id_corrected_from":null,"position_may_be_inaccurate":false}},{"type":"Feature","geometry":{"type":"Point","coordinates":[114.35853,22.39909]},"properties":{"FAC_ID":"C5301","TRAIL_ID":"cty_10","TRAIL_NAME_EN":"LUK WU COUNTRY TRAIL","TRAIL_NAME_TC":"鹿湖郊遊徑","COUNTRY_PARK_EN":"SAI KUNG EAST COUNTRY PARK","COUNTRY_PARK_TC":"西貢東郊野公園","UTM_GRID":"KK280793","UTM_ZONE":"50Q","trail_id_corrected_from":null,"position_may_be_inaccurate":false}},{"type":"Feature","geometry":{"type":"Point","coordinates":[114.35876,22.40229]},"properties":{"FAC_ID":"C5302","TRAIL_ID":"cty_10","TRAIL_NAME_EN":"LUK WU COUNTRY TRAIL","TRAIL_NAME_TC":"鹿湖郊遊徑","COUNTRY_PARK_EN":"SAI KUNG EAST COUNTRY PARK","COUNTRY_PARK_TC":"西貢東郊野公園","UTM_GRID":"KK280797","UTM_ZONE":"50Q","trail_id_corrected_from":null,"position_may_be_inaccurate":false}},{"type":"Feature","geometry":{"type":"Point","coordinates":[114.35612,22.40543]},"properties":{"FAC_ID":"C5303","TRAIL_ID":"cty_10","TRAIL_NAME_EN":"LUK WU COUNTRY TRAIL","TRAIL_NAME_TC":"鹿湖郊遊徑","COUNTRY_PARK_EN":"SAI KUNG EAST COUNTRY PARK","COUNTRY_PARK_TC":"西貢東郊野公園","UTM_GRID":"KK278800","UTM_ZONE":"50Q","trail_id_corrected_from":null,"position_may_be_inaccurate":false}},{"type":"Feature","geometry":{"type":"Point","coordinates":[114.35234,22.40593]},"properties":{"FAC_ID":"C5304","TRAIL_ID":"cty_10","TRAIL_NAME_EN":"LUK WU COUNTRY TRAIL","TRAIL_NAME_TC":"鹿湖郊遊徑","COUNTRY_PARK_EN":"SAI KUNG EAST COUNTRY PARK","COUNTRY_PARK_TC":"西貢東郊野公園","UTM_GRID":"KK274801","UTM_ZONE":"50Q","trail_id_corrected_from":null,"position_may_be_inaccurate":false}},{"type":"Feature","geometry":{"type":"Point","coordinates":[114.34865,22.40774]},"properties":{"FAC_ID":"C5305","TRAIL_ID":"cty_10","TRAIL_NAME_EN":"LUK WU COUNTRY TRAIL","TRAIL_NAME_TC":"鹿湖郊遊徑","COUNTRY_PARK_EN":"SAI KUNG EAST COUNTRY PARK","COUNTRY_PARK_TC":"西貢東郊野公園","UTM_GRID":"KK270803","UTM_ZONE":"50Q","trail_id_corrected_from":null,"position_may_be_inaccurate":false}},{"type":"Feature","geometry":{"type":"Point","coordinates":[114.34412,22.40869]},"properties":{"FAC_ID":"C5306","TRAIL_ID":"cty_10","TRAIL_NAME_EN":"LUK WU COUNTRY TRAIL","TRAIL_NAME_TC":"鹿湖郊遊徑","COUNTRY_PARK_EN":"SAI KUNG EAST COUNTRY PARK","COUNTRY_PARK_TC":"西貢東郊野公園","UTM_GRID":"KK265804","UTM_ZONE":"50Q","trail_id_corrected_from":null,"position_may_be_inaccurate":false}},{"type":"Feature","geometry":{"type":"Point","coordinates":[114.33929,22.40812]},"properties":{"FAC_ID":"C5307","TRAIL_ID":"cty_10","TRAIL_NAME_EN":"LUK WU COUNTRY TRAIL","TRAIL_NAME_TC":"鹿湖郊遊徑","COUNTRY_PARK_EN":"SAI KUNG EAST COUNTRY PARK","COUNTRY_PARK_TC":"西貢東郊野公園","UTM_GRID":"KK260804","UTM_ZONE":"50Q","trail_id_corrected_from":null,"position_may_be_inaccurate":false}},{"type":"Feature","geometry":{"type":"Point","coordinates":[114.33528,22.40884]},"properties":{"FAC_ID":"C5308","TRAIL_ID":"cty_10","TRAIL_NAME_EN":"LUK WU COUNTRY TRAIL","TRAIL_NAME_TC":"鹿湖郊遊徑","COUNTRY_PARK_EN":"SAI KUNG EAST COUNTRY PARK","COUNTRY_PARK_TC":"西貢東郊野公園","UTM_GRID":"KK256805","UTM_ZONE":"50Q","trail_id_corrected_from":null,"position_may_be_inaccurate":false}},{"type":"Feature","geometry":{"type":"Point","coordinates":[114.33148,22.40973]},"properties":{"FAC_ID":"C5309","TRAIL_ID":"cty_10","TRAIL_NAME_EN":"LUK WU COUNTRY TRAIL","TRAIL_NAME_TC":"鹿湖郊遊徑","COUNTRY_PARK_EN":"SAI KUNG EAST COUNTRY PARK","COUNTRY_PARK_TC":"西貢東郊野公園","UTM_GRID":"KK252806","UTM_ZONE":"50Q","trail_id_corrected_from":null,"position_may_be_inaccurate":false}},{"type":"Feature","geometry":{"type":"Point","coordinates":[114.32801,22.40791]},"properties":{"FAC_ID":"C5310","TRAIL_ID":"cty_10","TRAIL_NAME_EN":"LUK WU COUNTRY TRAIL","TRAIL_NAME_TC":"鹿湖郊遊徑","COUNTRY_PARK_EN":"SAI KUNG EAST COUNTRY PARK","COUNTRY_PARK_TC":"西貢東郊野公園","UTM_GRID":"KK249804","UTM_ZONE":"50Q","trail_id_corrected_from":null,"position_may_be_inaccurate":false}},{"type":"Feature","geometry":{"type":"Point","coordinates":[114.32894,22.43951]},"properties":{"FAC_ID":"C5401","TRAIL_ID":"cty_7","TRAIL_NAME_EN":"TAI TAN COUNTRY TRAIL","TRAIL_NAME_TC":"大灘郊遊徑","COUNTRY_PARK_EN":"SAI KUNG WEST COUNTRY PARK","COUNTRY_PARK_TC":"西貢西郊野公園","UTM_GRID":"KK250839","UTM_ZONE":"50Q","trail_id_corrected_from":null,"position_may_be_inaccurate":false}},{"type":"Feature","geometry":{"type":"Point","coordinates":[114.3322,22.43988]},"properties":{"FAC_ID":"C5402","TRAIL_ID":"cty_7","TRAIL_NAME_EN":"TAI TAN COUNTRY TRAIL","TRAIL_NAME_TC":"大灘郊遊徑","COUNTRY_PARK_EN":"Excluded Area","COUNTRY_PARK_TC":"不包括地區","UTM_GRID":"KK254839","UTM_ZONE":"50Q","trail_id_corrected_from":null,"position_may_be_inaccurate":false}},{"type":"Feature","geometry":{"type":"Point","coordinates":[114.33703,22.44112]},"properties":{"FAC_ID":"C5403","TRAIL_ID":"cty_7","TRAIL_NAME_EN":"TAI TAN COUNTRY TRAIL","TRAIL_NAME_TC":"大灘郊遊徑","COUNTRY_PARK_EN":"SAI KUNG WEST COUNTRY PARK","COUNTRY_PARK_TC":"西貢西郊野公園","UTM_GRID":"KK259840","UTM_ZONE":"50Q","trail_id_corrected_from":null,"position_may_be_inaccurate":false}},{"type":"Feature","geometry":{"type":"Point","coordinates":[114.3394,22.44186]},"properties":{"FAC_ID":"C5404","TRAIL_ID":"cty_7","TRAIL_NAME_EN":"TAI TAN COUNTRY TRAIL","TRAIL_NAME_TC":"大灘郊遊徑","COUNTRY_PARK_EN":"SAI KUNG WEST COUNTRY PARK","COUNTRY_PARK_TC":"西貢西郊野公園","UTM_GRID":"KK261841","UTM_ZONE":"50Q","trail_id_corrected_from":null,"position_may_be_inaccurate":false}},{"type":"Feature","geometry":{"type":"Point","coordinates":[114.34123,22.44524]},"properties":{"FAC_ID":"C5405","TRAIL_ID":"cty_7","TRAIL_NAME_EN":"TAI TAN COUNTRY TRAIL","TRAIL_NAME_TC":"大灘郊遊徑","COUNTRY_PARK_EN":"SAI KUNG WEST COUNTRY PARK","COUNTRY_PARK_TC":"西貢西郊野公園","UTM_GRID":"KK263845","UTM_ZONE":"50Q","trail_id_corrected_from":null,"position_may_be_inaccurate":false}},{"type":"Feature","geometry":{"type":"Point","coordinates":[114.33818,22.44802]},"properties":{"FAC_ID":"C5406","TRAIL_ID":"cty_7","TRAIL_NAME_EN":"TAI TAN COUNTRY TRAIL","TRAIL_NAME_TC":"大灘郊遊徑","COUNTRY_PARK_EN":"Outside Country Park and Special Area","COUNTRY_PARK_TC":"不在郊野公園及特別地區範圍","UTM_GRID":"KK260848","UTM_ZONE":"50Q","trail_id_corrected_from":null,"position_may_be_inaccurate":false}},{"type":"Feature","geometry":{"type":"Point","coordinates":[114.33708,22.4518]},"properties":{"FAC_ID":"C5407","TRAIL_ID":"cty_7","TRAIL_NAME_EN":"TAI TAN COUNTRY TRAIL","TRAIL_NAME_TC":"大灘郊遊徑","COUNTRY_PARK_EN":"SAI KUNG WEST COUNTRY PARK","COUNTRY_PARK_TC":"西貢西郊野公園","UTM_GRID":"KK259852","UTM_ZONE":"50Q","trail_id_corrected_from":null,"position_may_be_inaccurate":false}},{"type":"Feature","geometry":{"type":"Point","coordinates":[114.3346,22.45338]},"properties":{"FAC_ID":"C5408","TRAIL_ID":"cty_7","TRAIL_NAME_EN":"TAI TAN COUNTRY TRAIL","TRAIL_NAME_TC":"大灘郊遊徑","COUNTRY_PARK_EN":"SAI KUNG WEST COUNTRY PARK","COUNTRY_PARK_TC":"西貢西郊野公園","UTM_GRID":"KK256854","UTM_ZONE":"50Q","trail_id_corrected_from":null,"position_may_be_inaccurate":false}},{"type":"Feature","geometry":{"type":"Point","coordinates":[114.33525,22.45547]},"properties":{"FAC_ID":"C5409","TRAIL_ID":"cty_7","TRAIL_NAME_EN":"TAI TAN COUNTRY TRAIL","TRAIL_NAME_TC":"大灘郊遊徑","COUNTRY_PARK_EN":"SAI KUNG WEST COUNTRY PARK","COUNTRY_PARK_TC":"西貢西郊野公園","UTM_GRID":"KK257856","UTM_ZONE":"50Q","trail_id_corrected_from":null,"position_may_be_inaccurate":false}},{"type":"Feature","geometry":{"type":"Point","coordinates":[114.33743,22.45865]},"properties":{"FAC_ID":"C5410","TRAIL_ID":"cty_7","TRAIL_NAME_EN":"TAI TAN COUNTRY TRAIL","TRAIL_NAME_TC":"大灘郊遊徑","COUNTRY_PARK_EN":"SAI KUNG WEST COUNTRY PARK","COUNTRY_PARK_TC":"西貢西郊野公園","UTM_GRID":"KK259860","UTM_ZONE":"50Q","trail_id_corrected_from":null,"position_may_be_inaccurate":false}},{"type":"Feature","geometry":{"type":"Point","coordinates":[114.33738,22.46278]},"properties":{"FAC_ID":"C5411","TRAIL_ID":"cty_7","TRAIL_NAME_EN":"TAI TAN COUNTRY TRAIL","TRAIL_NAME_TC":"大灘郊遊徑","COUNTRY_PARK_EN":"SAI KUNG WEST COUNTRY PARK","COUNTRY_PARK_TC":"西貢西郊野公園","UTM_GRID":"KK259864","UTM_ZONE":"50Q","trail_id_corrected_from":null,"position_may_be_inaccurate":false}},{"type":"Feature","geometry":{"type":"Point","coordinates":[114.32291,22.3875]},"properties":{"FAC_ID":"C5501","TRAIL_ID":"cty_12","TRAIL_NAME_EN":"SHEUNG YIU COUNTRY TRAIL","TRAIL_NAME_TC":"上窰郊遊徑","COUNTRY_PARK_EN":"SAI KUNG EAST COUNTRY PARK","COUNTRY_PARK_TC":"西貢東郊野公園","UTM_GRID":"KK243781","UTM_ZONE":"50Q","trail_id_corrected_from":null,"position_may_be_inaccurate":false}},{"type":"Feature","geometry":{"type":"Point","coordinates":[114.32631,22.38605]},"properties":{"FAC_ID":"C5502","TRAIL_ID":"cty_12","TRAIL_NAME_EN":"SHEUNG YIU COUNTRY TRAIL","TRAIL_NAME_TC":"上窰郊遊徑","COUNTRY_PARK_EN":"SAI KUNG EAST COUNTRY PARK","COUNTRY_PARK_TC":"西貢東郊野公園","UTM_GRID":"KK247780","UTM_ZONE":"50Q","trail_id_corrected_from":null,"position_may_be_inaccurate":false}},{"type":"Feature","geometry":{"type":"Point","coordinates":[114.32662,22.38434]},"properties":{"FAC_ID":"C5503","TRAIL_ID":"cty_12","TRAIL_NAME_EN":"SHEUNG YIU COUNTRY TRAIL","TRAIL_NAME_TC":"上窰郊遊徑","COUNTRY_PARK_EN":"SAI KUNG EAST COUNTRY PARK","COUNTRY_PARK_TC":"西貢東郊野公園","UTM_GRID":"KK247778","UTM_ZONE":"50Q","trail_id_corrected_from":null,"position_may_be_inaccurate":false}},{"type":"Feature","geometry":{"type":"Point","coordinates":[114.32819,22.38132]},"properties":{"FAC_ID":"C5504","TRAIL_ID":"cty_12","TRAIL_NAME_EN":"SHEUNG YIU COUNTRY TRAIL","TRAIL_NAME_TC":"上窰郊遊徑","COUNTRY_PARK_EN":"SAI KUNG EAST COUNTRY PARK","COUNTRY_PARK_TC":"西貢東郊野公園","UTM_GRID":"KK248774","UTM_ZONE":"50Q","trail_id_corrected_from":null,"position_may_be_inaccurate":false}},{"type":"Feature","geometry":{"type":"Point","coordinates":[114.33111,22.38073]},"properties":{"FAC_ID":"C5505","TRAIL_ID":"cty_12","TRAIL_NAME_EN":"SHEUNG YIU COUNTRY TRAIL","TRAIL_NAME_TC":"上窰郊遊徑","COUNTRY_PARK_EN":"SAI KUNG EAST COUNTRY PARK","COUNTRY_PARK_TC":"西貢東郊野公園","UTM_GRID":"KK251774","UTM_ZONE":"50Q","trail_id_corrected_from":null,"position_may_be_inaccurate":false}},{"type":"Feature","geometry":{"type":"Point","coordinates":[114.33417,22.38102]},"properties":{"FAC_ID":"C5506","TRAIL_ID":"cty_12","TRAIL_NAME_EN":"SHEUNG YIU COUNTRY TRAIL","TRAIL_NAME_TC":"上窰郊遊徑","COUNTRY_PARK_EN":"SAI KUNG EAST COUNTRY PARK","COUNTRY_PARK_TC":"西貢東郊野公園","UTM_GRID":"KK255774","UTM_ZONE":"50Q","trail_id_corrected_from":null,"position_may_be_inaccurate":false}},{"type":"Feature","geometry":{"type":"Point","coordinates":[114.0936,22.37789]},"properties":{"FAC_ID":"C6101","TRAIL_ID":"cty_28","TRAIL_NAME_EN":"YUEN TSUEN ANCIENT TRAIL","TRAIL_NAME_TC":"元荃古道","COUNTRY_PARK_EN":"TAI LAM COUNTRY PARK","COUNTRY_PARK_TC":"大欖郊野公園","UTM_GRID":"KK007775","UTM_ZONE":"50Q","trail_id_corrected_from":null,"position_may_be_inaccurate":false}},{"type":"Feature","geometry":{"type":"Point","coordinates":[114.08951,22.37829]},"properties":{"FAC_ID":"C6102","TRAIL_ID":"cty_28","TRAIL_NAME_EN":"YUEN TSUEN ANCIENT TRAIL","TRAIL_NAME_TC":"元荃古道","COUNTRY_PARK_EN":"TAI LAM COUNTRY PARK","COUNTRY_PARK_TC":"大欖郊野公園","UTM_GRID":"KK002775","UTM_ZONE":"50Q","trail_id_corrected_from":null,"position_may_be_inaccurate":false}},{"type":"Feature","geometry":{"type":"Point","coordinates":[114.08572,22.38022]},"properties":{"FAC_ID":"C6103","TRAIL_ID":"cty_28","TRAIL_NAME_EN":"YUEN TSUEN ANCIENT TRAIL","TRAIL_NAME_TC":"元荃古道","COUNTRY_PARK_EN":"TAI LAM COUNTRY PARK","COUNTRY_PARK_TC":"大欖郊野公園","UTM_GRID":"JK999778","UTM_ZONE":"50Q","trail_id_corrected_from":null,"position_may_be_inaccurate":false}},{"type":"Feature","geometry":{"type":"Point","coordinates":[114.08436,22.38339]},"properties":{"FAC_ID":"C6104","TRAIL_ID":"cty_28","TRAIL_NAME_EN":"YUEN TSUEN ANCIENT TRAIL","TRAIL_NAME_TC":"元荃古道","COUNTRY_PARK_EN":"TAI LAM COUNTRY PARK","COUNTRY_PARK_TC":"大欖郊野公園","UTM_GRID":"JK997781","UTM_ZONE":"50Q","trail_id_corrected_from":null,"position_may_be_inaccurate":false}},{"type":"Feature","geometry":{"type":"Point","coordinates":[114.08137,22.38633]},"properties":{"FAC_ID":"C6105","TRAIL_ID":"cty_28","TRAIL_NAME_EN":"YUEN TSUEN ANCIENT TRAIL","TRAIL_NAME_TC":"元荃古道","COUNTRY_PARK_EN":"TAI LAM COUNTRY PARK","COUNTRY_PARK_TC":"大欖郊野公園","UTM_GRID":"JK994785","UTM_ZONE":"50Q","trail_id_corrected_from":null,"position_may_be_inaccurate":false}},{"type":"Feature","geometry":{"type":"Point","coordinates":[114.07747,22.38713]},"properties":{"FAC_ID":"C6106","TRAIL_ID":"cty_28","TRAIL_NAME_EN":"YUEN TSUEN ANCIENT TRAIL","TRAIL_NAME_TC":"元荃古道","COUNTRY_PARK_EN":"TAI LAM COUNTRY PARK","COUNTRY_PARK_TC":"大欖郊野公園","UTM_GRID":"JK990786","UTM_ZONE":"50Q","trail_id_corrected_from":null,"position_may_be_inaccurate":false}},{"type":"Feature","geometry":{"type":"Point","coordinates":[114.07401,22.38847]},"properties":{"FAC_ID":"C6107","TRAIL_ID":"cty_28","TRAIL_NAME_EN":"YUEN TSUEN ANCIENT TRAIL","TRAIL_NAME_TC":"元荃古道","COUNTRY_PARK_EN":"TAI LAM COUNTRY PARK","COUNTRY_PARK_TC":"大欖郊野公園","UTM_GRID":"JK987787","UTM_ZONE":"50Q","trail_id_corrected_from":null,"position_may_be_inaccurate":false}},{"type":"Feature","geometry":{"type":"Point","coordinates":[114.07084,22.38715]},"properties":{"FAC_ID":"C6108","TRAIL_ID":"cty_28","TRAIL_NAME_EN":"YUEN TSUEN ANCIENT TRAIL","TRAIL_NAME_TC":"元荃古道","COUNTRY_PARK_EN":"TAI LAM COUNTRY PARK","COUNTRY_PARK_TC":"大欖郊野公園","UTM_GRID":"JK983786","UTM_ZONE":"50Q","trail_id_corrected_from":null,"position_may_be_inaccurate":false}},{"type":"Feature","geometry":{"type":"Point","coordinates":[114.06803,22.38718]},"properties":{"FAC_ID":"C6109","TRAIL_ID":"cty_28","TRAIL_NAME_EN":"YUEN TSUEN ANCIENT TRAIL","TRAIL_NAME_TC":"元荃古道","COUNTRY_PARK_EN":"TAI LAM COUNTRY PARK","COUNTRY_PARK_TC":"大欖郊野公園","UTM_GRID":"JK980786","UTM_ZONE":"50Q","trail_id_corrected_from":null,"position_may_be_inaccurate":false}},{"type":"Feature","geometry":{"type":"Point","coordinates":[114.06579,22.39045]},"properties":{"FAC_ID":"C6110","TRAIL_ID":"cty_28","TRAIL_NAME_EN":"YUEN TSUEN ANCIENT TRAIL","TRAIL_NAME_TC":"元荃古道","COUNTRY_PARK_EN":"TAI LAM COUNTRY PARK","COUNTRY_PARK_TC":"大欖郊野公園","UTM_GRID":"JK978789","UTM_ZONE":"50Q","trail_id_corrected_from":null,"position_may_be_inaccurate":false}},{"type":"Feature","geometry":{"type":"Point","coordinates":[114.06189,22.38777]},"properties":{"FAC_ID":"C6111","TRAIL_ID":"cty_28","TRAIL_NAME_EN":"YUEN TSUEN ANCIENT TRAIL","TRAIL_NAME_TC":"元荃古道","COUNTRY_PARK_EN":"TAI LAM COUNTRY PARK","COUNTRY_PARK_TC":"大欖郊野公園","UTM_GRID":"JK974787","UTM_ZONE":"50Q","trail_id_corrected_from":null,"position_may_be_inaccurate":false}},{"type":"Feature","geometry":{"type":"Point","coordinates":[114.06062,22.38498]},"properties":{"FAC_ID":"C6112","TRAIL_ID":"cty_28","TRAIL_NAME_EN":"YUEN TSUEN ANCIENT TRAIL","TRAIL_NAME_TC":"元荃古道","COUNTRY_PARK_EN":"TAI LAM COUNTRY PARK","COUNTRY_PARK_TC":"大欖郊野公園","UTM_GRID":"JK973783","UTM_ZONE":"50Q","trail_id_corrected_from":null,"position_may_be_inaccurate":false}},{"type":"Feature","geometry":{"type":"Point","coordinates":[114.05717,22.38602]},"properties":{"FAC_ID":"C6113","TRAIL_ID":"cty_28","TRAIL_NAME_EN":"YUEN TSUEN ANCIENT TRAIL","TRAIL_NAME_TC":"元荃古道","COUNTRY_PARK_EN":"TAI LAM COUNTRY PARK","COUNTRY_PARK_TC":"大欖郊野公園","UTM_GRID":"JK969785","UTM_ZONE":"50Q","trail_id_corrected_from":null,"position_may_be_inaccurate":false}},{"type":"Feature","geometry":{"type":"Point","coordinates":[114.05512,22.38829]},"properties":{"FAC_ID":"C6114","TRAIL_ID":"cty_28","TRAIL_NAME_EN":"YUEN TSUEN ANCIENT TRAIL","TRAIL_NAME_TC":"元荃古道","COUNTRY_PARK_EN":"TAI LAM COUNTRY PARK","COUNTRY_PARK_TC":"大欖郊野公園","UTM_GRID":"JK967787","UTM_ZONE":"50Q","trail_id_corrected_from":null,"position_may_be_inaccurate":false}},{"type":"Feature","geometry":{"type":"Point","coordinates":[114.05172,22.39076]},"properties":{"FAC_ID":"C6115","TRAIL_ID":"cty_28","TRAIL_NAME_EN":"YUEN TSUEN ANCIENT TRAIL","TRAIL_NAME_TC":"元荃古道","COUNTRY_PARK_EN":"TAI LAM COUNTRY PARK","COUNTRY_PARK_TC":"大欖郊野公園","UTM_GRID":"JK964790","UTM_ZONE":"50Q","trail_id_corrected_from":null,"position_may_be_inaccurate":false}},{"type":"Feature","geometry":{"type":"Point","coordinates":[114.04957,22.39265]},"properties":{"FAC_ID":"C6116","TRAIL_ID":"cty_28","TRAIL_NAME_EN":"YUEN TSUEN ANCIENT TRAIL","TRAIL_NAME_TC":"元荃古道","COUNTRY_PARK_EN":"TAI LAM COUNTRY PARK","COUNTRY_PARK_TC":"大欖郊野公園","UTM_GRID":"JK962792","UTM_ZONE":"50Q","trail_id_corrected_from":null,"position_may_be_inaccurate":false}},{"type":"Feature","geometry":{"type":"Point","coordinates":[114.04869,22.39598]},"properties":{"FAC_ID":"C6117","TRAIL_ID":"cty_28","TRAIL_NAME_EN":"YUEN TSUEN ANCIENT TRAIL","TRAIL_NAME_TC":"元荃古道","COUNTRY_PARK_EN":"TAI LAM COUNTRY PARK","COUNTRY_PARK_TC":"大欖郊野公園","UTM_GRID":"JK961796","UTM_ZONE":"50Q","trail_id_corrected_from":null,"position_may_be_inaccurate":false}},{"type":"Feature","geometry":{"type":"Point","coordinates":[114.04571,22.3962]},"properties":{"FAC_ID":"C6118","TRAIL_ID":"cty_28","TRAIL_NAME_EN":"YUEN TSUEN ANCIENT TRAIL","TRAIL_NAME_TC":"元荃古道","COUNTRY_PARK_EN":"TAI LAM COUNTRY PARK","COUNTRY_PARK_TC":"大欖郊野公園","UTM_GRID":"JK958796","UTM_ZONE":"50Q","trail_id_corrected_from":null,"position_may_be_inaccurate":false}},{"type":"Feature","geometry":{"type":"Point","coordinates":[114.04362,22.39708]},"properties":{"FAC_ID":"C6119","TRAIL_ID":"cty_28","TRAIL_NAME_EN":"YUEN TSUEN ANCIENT TRAIL","TRAIL_NAME_TC":"元荃古道","COUNTRY_PARK_EN":"TAI LAM COUNTRY PARK","COUNTRY_PARK_TC":"大欖郊野公園","UTM_GRID":"JK955797","UTM_ZONE":"50Q","trail_id_corrected_from":null,"position_may_be_inaccurate":false}},{"type":"Feature","geometry":{"type":"Point","coordinates":[114.04432,22.4003]},"properties":{"FAC_ID":"C6120","TRAIL_ID":"cty_28","TRAIL_NAME_EN":"YUEN TSUEN ANCIENT TRAIL","TRAIL_NAME_TC":"元荃古道","COUNTRY_PARK_EN":"TAI LAM COUNTRY PARK","COUNTRY_PARK_TC":"大欖郊野公園","UTM_GRID":"JK956801","UTM_ZONE":"50Q","trail_id_corrected_from":null,"position_may_be_inaccurate":false}},{"type":"Feature","geometry":{"type":"Point","coordinates":[114.04218,22.40479]},"properties":{"FAC_ID":"C6121","TRAIL_ID":"cty_28","TRAIL_NAME_EN":"YUEN TSUEN ANCIENT TRAIL","TRAIL_NAME_TC":"元荃古道","COUNTRY_PARK_EN":"TAI LAM COUNTRY PARK","COUNTRY_PARK_TC":"大欖郊野公園","UTM_GRID":"JK954806","UTM_ZONE":"50Q","trail_id_corrected_from":null,"position_may_be_inaccurate":false}},{"type":"Feature","geometry":{"type":"Point","coordinates":[114.03988,22.40823]},"properties":{"FAC_ID":"C6122","TRAIL_ID":"cty_28","TRAIL_NAME_EN":"YUEN TSUEN ANCIENT TRAIL","TRAIL_NAME_TC":"元荃古道","COUNTRY_PARK_EN":"TAI LAM COUNTRY PARK","COUNTRY_PARK_TC":"大欖郊野公園","UTM_GRID":"JK952810","UTM_ZONE":"50Q","trail_id_corrected_from":null,"position_may_be_inaccurate":false}},{"type":"Feature","geometry":{"type":"Point","coordinates":[114.03695,22.41139]},"properties":{"FAC_ID":"C6123","TRAIL_ID":"cty_28","TRAIL_NAME_EN":"YUEN TSUEN ANCIENT TRAIL","TRAIL_NAME_TC":"元荃古道","COUNTRY_PARK_EN":"TAI LAM COUNTRY PARK","COUNTRY_PARK_TC":"大欖郊野公園","UTM_GRID":"JK949813","UTM_ZONE":"50Q","trail_id_corrected_from":null,"position_may_be_inaccurate":false}},{"type":"Feature","geometry":{"type":"Point","coordinates":[114.03398,22.40961]},"properties":{"FAC_ID":"C6124","TRAIL_ID":"cty_28","TRAIL_NAME_EN":"YUEN TSUEN ANCIENT TRAIL","TRAIL_NAME_TC":"元荃古道","COUNTRY_PARK_EN":"TAI LAM COUNTRY PARK","COUNTRY_PARK_TC":"大欖郊野公園","UTM_GRID":"JK946811","UTM_ZONE":"50Q","trail_id_corrected_from":null,"position_may_be_inaccurate":false}},{"type":"Feature","geometry":{"type":"Point","coordinates":[114.03169,22.40928]},"properties":{"FAC_ID":"C6125","TRAIL_ID":"cty_28","TRAIL_NAME_EN":"YUEN TSUEN ANCIENT TRAIL","TRAIL_NAME_TC":"元荃古道","COUNTRY_PARK_EN":"TAI LAM COUNTRY PARK","COUNTRY_PARK_TC":"大欖郊野公園","UTM_GRID":"JK943811","UTM_ZONE":"50Q","trail_id_corrected_from":null,"position_may_be_inaccurate":false}},{"type":"Feature","geometry":{"type":"Point","coordinates":[114.03069,22.41012]},"properties":{"FAC_ID":"C6126","TRAIL_ID":"cty_28","TRAIL_NAME_EN":"YUEN TSUEN ANCIENT TRAIL","TRAIL_NAME_TC":"元荃古道","COUNTRY_PARK_EN":"Outside Country Park and Special Area","COUNTRY_PARK_TC":"不在郊野公園及特別地區範圍","UTM_GRID":"JK942812","UTM_ZONE":"50Q","trail_id_corrected_from":null,"position_may_be_inaccurate":false}},{"type":"Feature","geometry":{"type":"Point","coordinates":[114.10431,22.41452]},"properties":{"FAC_ID":"C6201","TRAIL_ID":"cty_27","TRAIL_NAME_EN":"KAP LUNG ANCIENT TRAIL","TRAIL_NAME_TC":"甲龍古道","COUNTRY_PARK_EN":"TAI LAM COUNTRY PARK","COUNTRY_PARK_TC":"大欖郊野公園","UTM_GRID":"KK018815","UTM_ZONE":"50Q","trail_id_corrected_from":null,"position_may_be_inaccurate":false}},{"type":"Feature","geometry":{"type":"Point","coordinates":[114.10718,22.41701]},"properties":{"FAC_ID":"C6202","TRAIL_ID":"cty_27","TRAIL_NAME_EN":"KAP LUNG ANCIENT TRAIL","TRAIL_NAME_TC":"甲龍古道","COUNTRY_PARK_EN":"TAI LAM COUNTRY PARK","COUNTRY_PARK_TC":"大欖郊野公園","UTM_GRID":"KK021818","UTM_ZONE":"50Q","trail_id_corrected_from":null,"position_may_be_inaccurate":false}},{"type":"Feature","geometry":{"type":"Point","coordinates":[114.10745,22.42069]},"properties":{"FAC_ID":"C6203","TRAIL_ID":"cty_27","TRAIL_NAME_EN":"KAP LUNG ANCIENT TRAIL","TRAIL_NAME_TC":"甲龍古道","COUNTRY_PARK_EN":"TAI LAM COUNTRY PARK","COUNTRY_PARK_TC":"大欖郊野公園","UTM_GRID":"KK022822","UTM_ZONE":"50Q","trail_id_corrected_from":null,"position_may_be_inaccurate":false}},{"type":"Feature","geometry":{"type":"Point","coordinates":[114.10668,22.42456]},"properties":{"FAC_ID":"C6204","TRAIL_ID":"cty_27","TRAIL_NAME_EN":"KAP LUNG ANCIENT TRAIL","TRAIL_NAME_TC":"甲龍古道","COUNTRY_PARK_EN":"Outside Country Park and Special Area","COUNTRY_PARK_TC":"不在郊野公園及特別地區範圍","UTM_GRID":"KK021826","UTM_ZONE":"50Q","trail_id_corrected_from":null,"position_may_be_inaccurate":false}},{"type":"Feature","geometry":{"type":"Point","coordinates":[114.0511,22.37014]},"properties":{"FAC_ID":"C6301","TRAIL_ID":"cty_4","TRAIL_NAME_EN":"YUEN TUN COUNTRY TRAIL","TRAIL_NAME_TC":"圓墩郊遊徑","COUNTRY_PARK_EN":"TAI LAM COUNTRY PARK","COUNTRY_PARK_TC":"大欖郊野公園","UTM_GRID":"JK963767","UTM_ZONE":"50Q","trail_id_corrected_from":null,"position_may_be_inaccurate":false}},{"type":"Feature","geometry":{"type":"Point","coordinates":[114.04971,22.37153]},"properties":{"FAC_ID":"C6302","TRAIL_ID":"cty_4","TRAIL_NAME_EN":"YUEN TUN COUNTRY TRAIL","TRAIL_NAME_TC":"圓墩郊遊徑","COUNTRY_PARK_EN":"TAI LAM COUNTRY PARK","COUNTRY_PARK_TC":"大欖郊野公園","UTM_GRID":"JK961769","UTM_ZONE":"50Q","trail_id_corrected_from":null,"position_may_be_inaccurate":false}},{"type":"Feature","geometry":{"type":"Point","coordinates":[114.04944,22.37575]},"properties":{"FAC_ID":"C6303","TRAIL_ID":"cty_4","TRAIL_NAME_EN":"YUEN TUN COUNTRY TRAIL","TRAIL_NAME_TC":"圓墩郊遊徑","COUNTRY_PARK_EN":"TAI LAM COUNTRY PARK","COUNTRY_PARK_TC":"大欖郊野公園","UTM_GRID":"JK961773","UTM_ZONE":"50Q","trail_id_corrected_from":null,"position_may_be_inaccurate":false}},{"type":"Feature","geometry":{"type":"Point","coordinates":[114.04592,22.37313]},"properties":{"FAC_ID":"C6304","TRAIL_ID":"cty_4","TRAIL_NAME_EN":"YUEN TUN COUNTRY TRAIL","TRAIL_NAME_TC":"圓墩郊遊徑","COUNTRY_PARK_EN":"TAI LAM COUNTRY PARK","COUNTRY_PARK_TC":"大欖郊野公園","UTM_GRID":"JK957771","UTM_ZONE":"50Q","trail_id_corrected_from":null,"position_may_be_inaccurate":false}},{"type":"Feature","geometry":{"type":"Point","coordinates":[114.04301,22.37446]},"properties":{"FAC_ID":"C6305","TRAIL_ID":"cty_4","TRAIL_NAME_EN":"YUEN TUN COUNTRY TRAIL","TRAIL_NAME_TC":"圓墩郊遊徑","COUNTRY_PARK_EN":"TAI LAM COUNTRY PARK","COUNTRY_PARK_TC":"大欖郊野公園","UTM_GRID":"JK954772","UTM_ZONE":"50Q","trail_id_corrected_from":null,"position_may_be_inaccurate":false}},{"type":"Feature","geometry":{"type":"Point","coordinates":[114.04033,22.37505]},"properties":{"FAC_ID":"C6306","TRAIL_ID":"cty_4","TRAIL_NAME_EN":"YUEN TUN COUNTRY TRAIL","TRAIL_NAME_TC":"圓墩郊遊徑","COUNTRY_PARK_EN":"TAI LAM COUNTRY PARK","COUNTRY_PARK_TC":"大欖郊野公園","UTM_GRID":"JK952773","UTM_ZONE":"50Q","trail_id_corrected_from":null,"position_may_be_inaccurate":false}},{"type":"Feature","geometry":{"type":"Point","coordinates":[114.03783,22.37628]},"properties":{"FAC_ID":"C6307","TRAIL_ID":"cty_4","TRAIL_NAME_EN":"YUEN TUN COUNTRY TRAIL","TRAIL_NAME_TC":"圓墩郊遊徑","COUNTRY_PARK_EN":"TAI LAM COUNTRY PARK","COUNTRY_PARK_TC":"大欖郊野公園","UTM_GRID":"JK949774","UTM_ZONE":"50Q","trail_id_corrected_from":null,"position_may_be_inaccurate":false}},{"type":"Feature","geometry":{"type":"Point","coordinates":[114.03822,22.37883]},"properties":{"FAC_ID":"C6308","TRAIL_ID":"cty_4","TRAIL_NAME_EN":"YUEN TUN COUNTRY TRAIL","TRAIL_NAME_TC":"圓墩郊遊徑","COUNTRY_PARK_EN":"TAI LAM COUNTRY PARK","COUNTRY_PARK_TC":"大欖郊野公園","UTM_GRID":"JK950777","UTM_ZONE":"50Q","trail_id_corrected_from":null,"position_may_be_inaccurate":false}},{"type":"Feature","geometry":{"type":"Point","coordinates":[114.04008,22.3818]},"properties":{"FAC_ID":"C6309","TRAIL_ID":"cty_4","TRAIL_NAME_EN":"YUEN TUN COUNTRY TRAIL","TRAIL_NAME_TC":"圓墩郊遊徑","COUNTRY_PARK_EN":"TAI LAM COUNTRY PARK","COUNTRY_PARK_TC":"大欖郊野公園","UTM_GRID":"JK952780","UTM_ZONE":"50Q","trail_id_corrected_from":null,"position_may_be_inaccurate":false}},{"type":"Feature","geometry":{"type":"Point","coordinates":[114.0428,22.38171]},"properties":{"FAC_ID":"C6310","TRAIL_ID":"cty_4","TRAIL_NAME_EN":"YUEN TUN COUNTRY TRAIL","TRAIL_NAME_TC":"圓墩郊遊徑","COUNTRY_PARK_EN":"TAI LAM COUNTRY PARK","COUNTRY_PARK_TC":"大欖郊野公園","UTM_GRID":"JK954780","UTM_ZONE":"50Q","trail_id_corrected_from":null,"position_may_be_inaccurate":false}},{"type":"Feature","geometry":{"type":"Point","coordinates":[114.04519,22.38086]},"properties":{"FAC_ID":"C6311","TRAIL_ID":"cty_4","TRAIL_NAME_EN":"YUEN TUN COUNTRY TRAIL","TRAIL_NAME_TC":"圓墩郊遊徑","COUNTRY_PARK_EN":"TAI LAM COUNTRY PARK","COUNTRY_PARK_TC":"大欖郊野公園","UTM_GRID":"JK957779","UTM_ZONE":"50Q","trail_id_corrected_from":null,"position_may_be_inaccurate":false}},{"type":"Feature","geometry":{"type":"Point","coordinates":[114.04734,22.38091]},"properties":{"FAC_ID":"C6312","TRAIL_ID":"cty_4","TRAIL_NAME_EN":"YUEN TUN COUNTRY TRAIL","TRAIL_NAME_TC":"圓墩郊遊徑","COUNTRY_PARK_EN":"TAI LAM COUNTRY PARK","COUNTRY_PARK_TC":"大欖郊野公園","UTM_GRID":"JK959779","UTM_ZONE":"50Q","trail_id_corrected_from":null,"position_may_be_inaccurate":false}},{"type":"Feature","geometry":{"type":"Point","coordinates":[114.04801,22.38324]},"properties":{"FAC_ID":"C6313","TRAIL_ID":"cty_4","TRAIL_NAME_EN":"YUEN TUN COUNTRY TRAIL","TRAIL_NAME_TC":"圓墩郊遊徑","COUNTRY_PARK_EN":"TAI LAM COUNTRY PARK","COUNTRY_PARK_TC":"大欖郊野公園","UTM_GRID":"JK960782","UTM_ZONE":"50Q","trail_id_corrected_from":null,"position_may_be_inaccurate":false}},{"type":"Feature","geometry":{"type":"Point","coordinates":[114.04803,22.38656]},"properties":{"FAC_ID":"C6314","TRAIL_ID":"cty_4","TRAIL_NAME_EN":"YUEN TUN COUNTRY TRAIL","TRAIL_NAME_TC":"圓墩郊遊徑","COUNTRY_PARK_EN":"TAI LAM COUNTRY PARK","COUNTRY_PARK_TC":"大欖郊野公園","UTM_GRID":"JK960785","UTM_ZONE":"50Q","trail_id_corrected_from":null,"position_may_be_inaccurate":false}},{"type":"Feature","geometry":{"type":"Point","coordinates":[114.04995,22.38552]},"properties":{"FAC_ID":"C6315","TRAIL_ID":"cty_4","TRAIL_NAME_EN":"YUEN TUN COUNTRY TRAIL","TRAIL_NAME_TC":"圓墩郊遊徑","COUNTRY_PARK_EN":"TAI LAM COUNTRY PARK","COUNTRY_PARK_TC":"大欖郊野公園","UTM_GRID":"JK962784","UTM_ZONE":"50Q","trail_id_corrected_from":null,"position_may_be_inaccurate":false}},{"type":"Feature","geometry":{"type":"Point","coordinates":[114.0496,22.38902]},"properties":{"FAC_ID":"C6316","TRAIL_ID":"cty_4","TRAIL_NAME_EN":"YUEN TUN COUNTRY TRAIL","TRAIL_NAME_TC":"圓墩郊遊徑","COUNTRY_PARK_EN":"TAI LAM COUNTRY PARK","COUNTRY_PARK_TC":"大欖郊野公園","UTM_GRID":"JK961788","UTM_ZONE":"50Q","trail_id_corrected_from":null,"position_may_be_inaccurate":false}},{"type":"Feature","geometry":{"type":"Point","coordinates":[114.05055,22.38977]},"properties":{"FAC_ID":"C6317","TRAIL_ID":"cty_4","TRAIL_NAME_EN":"YUEN TUN COUNTRY TRAIL","TRAIL_NAME_TC":"圓墩郊遊徑","COUNTRY_PARK_EN":"TAI LAM COUNTRY PARK","COUNTRY_PARK_TC":"大欖郊野公園","UTM_GRID":"JK962789","UTM_ZONE":"50Q","trail_id_corrected_from":null,"position_may_be_inaccurate":false}},{"type":"Feature","geometry":{"type":"Point","coordinates":[114.04784,22.39202]},"properties":{"FAC_ID":"C6318","TRAIL_ID":"cty_4","TRAIL_NAME_EN":"YUEN TUN COUNTRY TRAIL","TRAIL_NAME_TC":"圓墩郊遊徑","COUNTRY_PARK_EN":"TAI LAM COUNTRY PARK","COUNTRY_PARK_TC":"大欖郊野公園","UTM_GRID":"JK960792","UTM_ZONE":"50Q","trail_id_corrected_from":null,"position_may_be_inaccurate":false}},{"type":"Feature","geometry":{"type":"Point","coordinates":[114.0468,22.39514]},"properties":{"FAC_ID":"C6319","TRAIL_ID":"cty_4","TRAIL_NAME_EN":"YUEN TUN COUNTRY TRAIL","TRAIL_NAME_TC":"圓墩郊遊徑","COUNTRY_PARK_EN":"TAI LAM COUNTRY PARK","COUNTRY_PARK_TC":"大欖郊野公園","UTM_GRID":"JK959795","UTM_ZONE":"50Q","trail_id_corrected_from":null,"position_may_be_inaccurate":false}},{"type":"Feature","geometry":{"type":"Point","coordinates":[114.04798,22.3984]},"properties":{"FAC_ID":"C6320","TRAIL_ID":"cty_4","TRAIL_NAME_EN":"YUEN TUN COUNTRY TRAIL","TRAIL_NAME_TC":"圓墩郊遊徑","COUNTRY_PARK_EN":"TAI LAM COUNTRY PARK","COUNTRY_PARK_TC":"大欖郊野公園","UTM_GRID":"JK960799","UTM_ZONE":"50Q","trail_id_corrected_from":null,"position_may_be_inaccurate":false}},{"type":"Feature","geometry":{"type":"Point","coordinates":[114.06072,22.42117]},"properties":{"FAC_ID":"C6401","TRAIL_ID":"cty_26","TRAIL_NAME_EN":"TAI LAM CHUNG COUNTRY TRAIL","TRAIL_NAME_TC":"大欖涌郊遊徑","COUNTRY_PARK_EN":"Outside Country Park and Special Area","COUNTRY_PARK_TC":"不在郊野公園及特別地區範圍","UTM_GRID":"JK974824","UTM_ZONE":"50Q","trail_id_corrected_from":null,"position_may_be_inaccurate":false}},{"type":"Feature","geometry":{"type":"Point","coordinates":[114.05942,22.42203]},"properties":{"FAC_ID":"C6402","TRAIL_ID":"cty_26","TRAIL_NAME_EN":"TAI LAM CHUNG COUNTRY TRAIL","TRAIL_NAME_TC":"大欖涌郊遊徑","COUNTRY_PARK_EN":"TAI LAM COUNTRY PARK","COUNTRY_PARK_TC":"大欖郊野公園","UTM_GRID":"JK972825","UTM_ZONE":"50Q","trail_id_corrected_from":null,"position_may_be_inaccurate":false}},{"type":"Feature","geometry":{"type":"Point","coordinates":[114.06224,22.4263]},"properties":{"FAC_ID":"C6403","TRAIL_ID":"cty_26","TRAIL_NAME_EN":"TAI LAM CHUNG COUNTRY TRAIL","TRAIL_NAME_TC":"大欖涌郊遊徑","COUNTRY_PARK_EN":"Outside Country Park and Special Area","COUNTRY_PARK_TC":"不在郊野公園及特別地區範圍","UTM_GRID":"JK975829","UTM_ZONE":"50Q","trail_id_corrected_from":null,"position_may_be_inaccurate":false}},{"type":"Feature","geometry":{"type":"Point","coordinates":[114.05755,22.42482]},"properties":{"FAC_ID":"C6404","TRAIL_ID":"cty_26","TRAIL_NAME_EN":"TAI LAM CHUNG COUNTRY TRAIL","TRAIL_NAME_TC":"大欖涌郊遊徑","COUNTRY_PARK_EN":"TAI LAM COUNTRY PARK","COUNTRY_PARK_TC":"大欖郊野公園","UTM_GRID":"JK970828","UTM_ZONE":"50Q","trail_id_corrected_from":null,"position_may_be_inaccurate":false}},{"type":"Feature","geometry":{"type":"Point","coordinates":[114.05534,22.4229]},"properties":{"FAC_ID":"C6405","TRAIL_ID":"cty_26","TRAIL_NAME_EN":"TAI LAM CHUNG COUNTRY TRAIL","TRAIL_NAME_TC":"大欖涌郊遊徑","COUNTRY_PARK_EN":"TAI LAM COUNTRY PARK","COUNTRY_PARK_TC":"大欖郊野公園","UTM_GRID":"JK968826","UTM_ZONE":"50Q","trail_id_corrected_from":null,"position_may_be_inaccurate":false}},{"type":"Feature","geometry":{"type":"Point","coordinates":[114.05511,22.41809]},"properties":{"FAC_ID":"C6406","TRAIL_ID":"cty_26","TRAIL_NAME_EN":"TAI LAM CHUNG COUNTRY TRAIL","TRAIL_NAME_TC":"大欖涌郊遊徑","COUNTRY_PARK_EN":"TAI LAM COUNTRY PARK","COUNTRY_PARK_TC":"大欖郊野公園","UTM_GRID":"JK968820","UTM_ZONE":"50Q","trail_id_corrected_from":null,"position_may_be_inaccurate":false}},{"type":"Feature","geometry":{"type":"Point","coordinates":[114.05417,22.41428]},"properties":{"FAC_ID":"C6407","TRAIL_ID":"cty_26","TRAIL_NAME_EN":"TAI LAM CHUNG COUNTRY TRAIL","TRAIL_NAME_TC":"大欖涌郊遊徑","COUNTRY_PARK_EN":"TAI LAM COUNTRY PARK","COUNTRY_PARK_TC":"大欖郊野公園","UTM_GRID":"JK967816","UTM_ZONE":"50Q","trail_id_corrected_from":null,"position_may_be_inaccurate":false}},{"type":"Feature","geometry":{"type":"Point","coordinates":[114.05113,22.41055]},"properties":{"FAC_ID":"C6408","TRAIL_ID":"cty_26","TRAIL_NAME_EN":"TAI LAM CHUNG COUNTRY TRAIL","TRAIL_NAME_TC":"大欖涌郊遊徑","COUNTRY_PARK_EN":"TAI LAM COUNTRY PARK","COUNTRY_PARK_TC":"大欖郊野公園","UTM_GRID":"JK964812","UTM_ZONE":"50Q","trail_id_corrected_from":null,"position_may_be_inaccurate":false}},{"type":"Feature","geometry":{"type":"Point","coordinates":[114.04733,22.40938]},"properties":{"FAC_ID":"C6409","TRAIL_ID":"cty_26","TRAIL_NAME_EN":"TAI LAM CHUNG COUNTRY TRAIL","TRAIL_NAME_TC":"大欖涌郊遊徑","COUNTRY_PARK_EN":"TAI LAM COUNTRY PARK","COUNTRY_PARK_TC":"大欖郊野公園","UTM_GRID":"JK960811","UTM_ZONE":"50Q","trail_id_corrected_from":null,"position_may_be_inaccurate":false}},{"type":"Feature","geometry":{"type":"Point","coordinates":[114.04751,22.40626]},"properties":{"FAC_ID":"C6410","TRAIL_ID":"cty_26","TRAIL_NAME_EN":"TAI LAM CHUNG COUNTRY TRAIL","TRAIL_NAME_TC":"大欖涌郊遊徑","COUNTRY_PARK_EN":"TAI LAM COUNTRY PARK","COUNTRY_PARK_TC":"大欖郊野公園","UTM_GRID":"JK960807","UTM_ZONE":"50Q","trail_id_corrected_from":null,"position_may_be_inaccurate":false}},{"type":"Feature","geometry":{"type":"Point","coordinates":[114.04658,22.40081]},"properties":{"FAC_ID":"C6411","TRAIL_ID":"cty_26","TRAIL_NAME_EN":"TAI LAM CHUNG COUNTRY TRAIL","TRAIL_NAME_TC":"大欖涌郊遊徑","COUNTRY_PARK_EN":"TAI LAM COUNTRY PARK","COUNTRY_PARK_TC":"大欖郊野公園","UTM_GRID":"JK959801","UTM_ZONE":"50Q","trail_id_corrected_from":null,"position_may_be_inaccurate":false}},{"type":"Feature","geometry":{"type":"Point","coordinates":[114.04773,22.39825]},"properties":{"FAC_ID":"C6412","TRAIL_ID":"cty_26","TRAIL_NAME_EN":"TAI LAM CHUNG COUNTRY TRAIL","TRAIL_NAME_TC":"大欖涌郊遊徑","COUNTRY_PARK_EN":"TAI LAM COUNTRY PARK","COUNTRY_PARK_TC":"大欖郊野公園","UTM_GRID":"JK960798","UTM_ZONE":"50Q","trail_id_corrected_from":null,"position_may_be_inaccurate":false}},{"type":"Feature","geometry":{"type":"Point","coordinates":[113.98769,22.28273]},"properties":{"FAC_ID":"C7101","TRAIL_ID":"cty_30","TRAIL_NAME_EN":"LO FU TAU COUNTRY TRAIL","TRAIL_NAME_TC":"老虎頭郊遊徑","COUNTRY_PARK_EN":"LANTAU NORTH (EXTENSION) COUNTRY PARK","COUNTRY_PARK_TC":"北大嶼郊野公園(擴建部分)","UTM_GRID":"HE078671","UTM_ZONE":"49Q","trail_id_corrected_from":null,"position_may_be_inaccurate":false}},{"type":"Feature","geometry":{"type":"Point","coordinates":[113.9916,22.28399]},"properties":{"FAC_ID":"C7102","TRAIL_ID":"cty_30","TRAIL_NAME_EN":"LO FU TAU COUNTRY TRAIL","TRAIL_NAME_TC":"老虎頭郊遊徑","COUNTRY_PARK_EN":"LANTAU NORTH (EXTENSION) COUNTRY PARK","COUNTRY_PARK_TC":"北大嶼郊野公園(擴建部分)","UTM_GRID":"HE082673","UTM_ZONE":"49Q","trail_id_corrected_from":null,"position_may_be_inaccurate":false}},{"type":"Feature","geometry":{"type":"Point","coordinates":[113.99464,22.28663]},"properties":{"FAC_ID":"C7103","TRAIL_ID":"cty_30","TRAIL_NAME_EN":"LO FU TAU COUNTRY TRAIL","TRAIL_NAME_TC":"老虎頭郊遊徑","COUNTRY_PARK_EN":"LANTAU NORTH (EXTENSION) COUNTRY PARK","COUNTRY_PARK_TC":"北大嶼郊野公園(擴建部分)","UTM_GRID":"HE085676","UTM_ZONE":"49Q","trail_id_corrected_from":null,"position_may_be_inaccurate":false}},{"type":"Feature","geometry":{"type":"Point","coordinates":[113.99429,22.29021]},"properties":{"FAC_ID":"C7104","TRAIL_ID":"cty_30","TRAIL_NAME_EN":"LO FU TAU COUNTRY TRAIL","TRAIL_NAME_TC":"老虎頭郊遊徑","COUNTRY_PARK_EN":"LANTAU NORTH (EXTENSION) COUNTRY PARK","COUNTRY_PARK_TC":"北大嶼郊野公園(擴建部分)","UTM_GRID":"HE085680","UTM_ZONE":"49Q","trail_id_corrected_from":null,"position_may_be_inaccurate":false}},{"type":"Feature","geometry":{"type":"Point","coordinates":[113.99584,22.2932]},"properties":{"FAC_ID":"C7105","TRAIL_ID":"cty_30","TRAIL_NAME_EN":"LO FU TAU COUNTRY TRAIL","TRAIL_NAME_TC":"老虎頭郊遊徑","COUNTRY_PARK_EN":"LANTAU NORTH (EXTENSION) COUNTRY PARK","COUNTRY_PARK_TC":"北大嶼郊野公園(擴建部分)","UTM_GRID":"HE086683","UTM_ZONE":"49Q","trail_id_corrected_from":null,"position_may_be_inaccurate":false}},{"type":"Feature","geometry":{"type":"Point","coordinates":[113.99607,22.29661]},"properties":{"FAC_ID":"C7106","TRAIL_ID":"cty_30","TRAIL_NAME_EN":"LO FU TAU COUNTRY TRAIL","TRAIL_NAME_TC":"老虎頭郊遊徑","COUNTRY_PARK_EN":"LANTAU NORTH (EXTENSION) COUNTRY PARK","COUNTRY_PARK_TC":"北大嶼郊野公園(擴建部分)","UTM_GRID":"HE087687","UTM_ZONE":"49Q","trail_id_corrected_from":null,"position_may_be_inaccurate":false}},{"type":"Feature","geometry":{"type":"Point","coordinates":[113.99873,22.29903]},"properties":{"FAC_ID":"C7107","TRAIL_ID":"cty_30","TRAIL_NAME_EN":"LO FU TAU COUNTRY TRAIL","TRAIL_NAME_TC":"老虎頭郊遊徑","COUNTRY_PARK_EN":"LANTAU NORTH (EXTENSION) COUNTRY PARK","COUNTRY_PARK_TC":"北大嶼郊野公園(擴建部分)","UTM_GRID":"HE089689","UTM_ZONE":"49Q","trail_id_corrected_from":null,"position_may_be_inaccurate":false}},{"type":"Feature","geometry":{"type":"Point","coordinates":[114.00011,22.2996]},"properties":{"FAC_ID":"C7108","TRAIL_ID":"cty_30","TRAIL_NAME_EN":"LO FU TAU COUNTRY TRAIL","TRAIL_NAME_TC":"老虎頭郊遊徑","COUNTRY_PARK_EN":"LANTAU NORTH (EXTENSION) COUNTRY PARK","COUNTRY_PARK_TC":"北大嶼郊野公園(擴建部分)","UTM_GRID":"JK909690","UTM_ZONE":"50Q","trail_id_corrected_from":null,"position_may_be_inaccurate":false}},{"type":"Feature","geometry":{"type":"Point","coordinates":[113.84835,22.22729]},"properties":{"FAC_ID":"L063","TRAIL_ID":"lt_7","TRAIL_NAME_EN":"LANTAU TRAIL SECTION 7","TRAIL_NAME_TC":"鳳凰徑第七段","COUNTRY_PARK_EN":"Outside Country Park and Special Area","COUNTRY_PARK_TC":"不在郊野公園及特別地區範圍","UTM_GRID":"GE936607","UTM_ZONE":"49Q","trail_id_corrected_from":"It_7","position_may_be_inaccurate":false}},{"type":"Feature","geometry":{"type":"Point","coordinates":[113.84717,22.22339]},"properties":{"FAC_ID":"L064","TRAIL_ID":"lt_7","TRAIL_NAME_EN":"LANTAU TRAIL SECTION 7","TRAIL_NAME_TC":"鳳凰徑第七段","COUNTRY_PARK_EN":"LANTAU SOUTH COUNTRY PARK","COUNTRY_PARK_TC":"南大嶼郊野公園","UTM_GRID":"GE935603","UTM_ZONE":"49Q","trail_id_corrected_from":"It_7","position_may_be_inaccurate":false}},{"type":"Feature","geometry":{"type":"Point","coordinates":[114.07012,22.39774]},"properties":{"FAC_ID":"BW 1A 01","TRAIL_ID":"mb_17a","TRAIL_NAME_EN":"TIN FU TSAI NORTH MOUNTAIN BIKE TRAIL","TRAIL_NAME_TC":"田夫仔北越野單車徑","COUNTRY_PARK_EN":"TAI LAM COUNTRY PARK","COUNTRY_PARK_TC":"大欖郊野公園","UTM_GRID":"JK983797","UTM_ZONE":"50Q","trail_id_corrected_from":null,"position_may_be_inaccurate":false}},{"type":"Feature","geometry":{"type":"Point","coordinates":[114.07064,22.39845]},"properties":{"FAC_ID":"BW 1A 03","TRAIL_ID":"mb_17a","TRAIL_NAME_EN":"TIN FU TSAI NORTH MOUNTAIN BIKE TRAIL","TRAIL_NAME_TC":"田夫仔北越野單車徑","COUNTRY_PARK_EN":"TAI LAM COUNTRY PARK","COUNTRY_PARK_TC":"大欖郊野公園","UTM_GRID":"JK983798","UTM_ZONE":"50Q","trail_id_corrected_from":null,"position_may_be_inaccurate":false}},{"type":"Feature","geometry":{"type":"Point","coordinates":[114.06853,22.39948]},"properties":{"FAC_ID":"BW 1B 01","TRAIL_ID":"mb_17b","TRAIL_NAME_EN":"TIN FU TSAI NORTH MOUNTAIN BIKE TRAIL","TRAIL_NAME_TC":"田夫仔北越野單車徑","COUNTRY_PARK_EN":"TAI LAM COUNTRY PARK","COUNTRY_PARK_TC":"大欖郊野公園","UTM_GRID":"JK981799","UTM_ZONE":"50Q","trail_id_corrected_from":null,"position_may_be_inaccurate":false}},{"type":"Feature","geometry":{"type":"Point","coordinates":[114.0659,22.40127]},"properties":{"FAC_ID":"BW 1B 02","TRAIL_ID":"mb_17b","TRAIL_NAME_EN":"TIN FU TSAI NORTH MOUNTAIN BIKE TRAIL","TRAIL_NAME_TC":"田夫仔北越野單車徑","COUNTRY_PARK_EN":"TAI LAM COUNTRY PARK","COUNTRY_PARK_TC":"大欖郊野公園","UTM_GRID":"JK979801","UTM_ZONE":"50Q","trail_id_corrected_from":null,"position_may_be_inaccurate":false}},{"type":"Feature","geometry":{"type":"Point","coordinates":[114.06221,22.40148]},"properties":{"FAC_ID":"BW 1B 03","TRAIL_ID":"mb_17b","TRAIL_NAME_EN":"TIN FU TSAI NORTH MOUNTAIN BIKE TRAIL","TRAIL_NAME_TC":"田夫仔北越野單車徑","COUNTRY_PARK_EN":"TAI LAM COUNTRY PARK","COUNTRY_PARK_TC":"大欖郊野公園","UTM_GRID":"JK975802","UTM_ZONE":"50Q","trail_id_corrected_from":null,"position_may_be_inaccurate":false}},{"type":"Feature","geometry":{"type":"Point","coordinates":[114.05991,22.40093]},"properties":{"FAC_ID":"BW 1B 04","TRAIL_ID":"mb_17b","TRAIL_NAME_EN":"TIN FU TSAI NORTH MOUNTAIN BIKE TRAIL","TRAIL_NAME_TC":"田夫仔北越野單車徑","COUNTRY_PARK_EN":"TAI LAM COUNTRY PARK","COUNTRY_PARK_TC":"大欖郊野公園","UTM_GRID":"JK972801","UTM_ZONE":"50Q","trail_id_corrected_from":null,"position_may_be_inaccurate":false}},{"type":"Feature","geometry":{"type":"Point","coordinates":[114.05852,22.40043]},"properties":{"FAC_ID":"BW 1B 05","TRAIL_ID":"mb_17b","TRAIL_NAME_EN":"TIN FU TSAI NORTH MOUNTAIN BIKE TRAIL","TRAIL_NAME_TC":"田夫仔北越野單車徑","COUNTRY_PARK_EN":"TAI LAM COUNTRY PARK","COUNTRY_PARK_TC":"大欖郊野公園","UTM_GRID":"JK971801","UTM_ZONE":"50Q","trail_id_corrected_from":null,"position_may_be_inaccurate":false}},{"type":"Feature","geometry":{"type":"Point","coordinates":[114.05571,22.40014]},"properties":{"FAC_ID":"BW 1B 06","TRAIL_ID":"mb_17b","TRAIL_NAME_EN":"TIN FU TSAI NORTH MOUNTAIN BIKE TRAIL","TRAIL_NAME_TC":"田夫仔北越野單車徑","COUNTRY_PARK_EN":"TAI LAM COUNTRY PARK","COUNTRY_PARK_TC":"大欖郊野公園","UTM_GRID":"JK968800","UTM_ZONE":"50Q","trail_id_corrected_from":null,"position_may_be_inaccurate":false}},{"type":"Feature","geometry":{"type":"Point","coordinates":[114.05367,22.39838]},"properties":{"FAC_ID":"BW 1B 07","TRAIL_ID":"mb_17b","TRAIL_NAME_EN":"TIN FU TSAI NORTH MOUNTAIN BIKE TRAIL","TRAIL_NAME_TC":"田夫仔北越野單車徑","COUNTRY_PARK_EN":"TAI LAM COUNTRY PARK","COUNTRY_PARK_TC":"大欖郊野公園","UTM_GRID":"JK966798","UTM_ZONE":"50Q","trail_id_corrected_from":null,"position_may_be_inaccurate":false}},{"type":"Feature","geometry":{"type":"Point","coordinates":[114.03669,22.39204]},"properties":{"FAC_ID":"BW 3 03","TRAIL_ID":"mb_8","TRAIL_NAME_EN":"TAI LAM CHUNG RESERVOIR MOUNTAIN BIKE TRAIL","TRAIL_NAME_TC":"大欖涌水塘越野單車徑","COUNTRY_PARK_EN":"TAI LAM COUNTRY PARK","COUNTRY_PARK_TC":"大欖郊野公園","UTM_GRID":"JK948792","UTM_ZONE":"50Q","trail_id_corrected_from":null,"position_may_be_inaccurate":false}},{"type":"Feature","geometry":{"type":"Point","coordinates":[114.03495,22.38973]},"properties":{"FAC_ID":"BW 3 04","TRAIL_ID":"mb_8","TRAIL_NAME_EN":"TAI LAM CHUNG RESERVOIR MOUNTAIN BIKE TRAIL","TRAIL_NAME_TC":"大欖涌水塘越野單車徑","COUNTRY_PARK_EN":"TAI LAM COUNTRY PARK","COUNTRY_PARK_TC":"大欖郊野公園","UTM_GRID":"JK946789","UTM_ZONE":"50Q","trail_id_corrected_from":null,"position_may_be_inaccurate":false}},{"type":"Feature","geometry":{"type":"Point","coordinates":[114.03254,22.38803]},"properties":{"FAC_ID":"BW 3 05","TRAIL_ID":"mb_8","TRAIL_NAME_EN":"TAI LAM CHUNG RESERVOIR MOUNTAIN BIKE TRAIL","TRAIL_NAME_TC":"大欖涌水塘越野單車徑","COUNTRY_PARK_EN":"TAI LAM COUNTRY PARK","COUNTRY_PARK_TC":"大欖郊野公園","UTM_GRID":"JK944787","UTM_ZONE":"50Q","trail_id_corrected_from":null,"position_may_be_inaccurate":false}},{"type":"Feature","geometry":{"type":"Point","coordinates":[114.0296,22.38765]},"properties":{"FAC_ID":"BW 3 06","TRAIL_ID":"mb_8","TRAIL_NAME_EN":"TAI LAM CHUNG RESERVOIR MOUNTAIN BIKE TRAIL","TRAIL_NAME_TC":"大欖涌水塘越野單車徑","COUNTRY_PARK_EN":"TAI LAM COUNTRY PARK","COUNTRY_PARK_TC":"大欖郊野公園","UTM_GRID":"JK941787","UTM_ZONE":"50Q","trail_id_corrected_from":null,"position_may_be_inaccurate":false}},{"type":"Feature","geometry":{"type":"Point","coordinates":[114.02891,22.38814]},"properties":{"FAC_ID":"BW 3 07","TRAIL_ID":"mb_8","TRAIL_NAME_EN":"TAI LAM CHUNG RESERVOIR MOUNTAIN BIKE TRAIL","TRAIL_NAME_TC":"大欖涌水塘越野單車徑","COUNTRY_PARK_EN":"TAI LAM COUNTRY PARK","COUNTRY_PARK_TC":"大欖郊野公園","UTM_GRID":"JK940788","UTM_ZONE":"50Q","trail_id_corrected_from":null,"position_may_be_inaccurate":false}},{"type":"Feature","geometry":{"type":"Point","coordinates":[114.02648,22.38643]},"properties":{"FAC_ID":"BW 3 08","TRAIL_ID":"mb_8","TRAIL_NAME_EN":"TAI LAM CHUNG RESERVOIR MOUNTAIN BIKE TRAIL","TRAIL_NAME_TC":"大欖涌水塘越野單車徑","COUNTRY_PARK_EN":"TAI LAM COUNTRY PARK","COUNTRY_PARK_TC":"大欖郊野公園","UTM_GRID":"JK938786","UTM_ZONE":"50Q","trail_id_corrected_from":null,"position_may_be_inaccurate":false}},{"type":"Feature","geometry":{"type":"Point","coordinates":[114.0241,22.38627]},"properties":{"FAC_ID":"BW 3 09","TRAIL_ID":"mb_8","TRAIL_NAME_EN":"TAI LAM CHUNG RESERVOIR MOUNTAIN BIKE TRAIL","TRAIL_NAME_TC":"大欖涌水塘越野單車徑","COUNTRY_PARK_EN":"TAI LAM COUNTRY PARK","COUNTRY_PARK_TC":"大欖郊野公園","UTM_GRID":"JK935786","UTM_ZONE":"50Q","trail_id_corrected_from":null,"position_may_be_inaccurate":false}},{"type":"Feature","geometry":{"type":"Point","coordinates":[114.02177,22.38615]},"properties":{"FAC_ID":"BW 3 10","TRAIL_ID":"mb_8","TRAIL_NAME_EN":"TAI LAM CHUNG RESERVOIR MOUNTAIN BIKE TRAIL","TRAIL_NAME_TC":"大欖涌水塘越野單車徑","COUNTRY_PARK_EN":"TAI LAM COUNTRY PARK","COUNTRY_PARK_TC":"大欖郊野公園","UTM_GRID":"JK933786","UTM_ZONE":"50Q","trail_id_corrected_from":null,"position_may_be_inaccurate":false}},{"type":"Feature","geometry":{"type":"Point","coordinates":[114.01766,22.37977]},"properties":{"FAC_ID":"BW 3 12","TRAIL_ID":"mb_8","TRAIL_NAME_EN":"TAI LAM CHUNG RESERVOIR MOUNTAIN BIKE TRAIL","TRAIL_NAME_TC":"大欖涌水塘越野單車徑","COUNTRY_PARK_EN":"TAI LAM COUNTRY PARK","COUNTRY_PARK_TC":"大欖郊野公園","UTM_GRID":"JK928779","UTM_ZONE":"50Q","trail_id_corrected_from":null,"position_may_be_inaccurate":false}},{"type":"Feature","geometry":{"type":"Point","coordinates":[114.01653,22.37468]},"properties":{"FAC_ID":"BW 3 14","TRAIL_ID":"mb_8","TRAIL_NAME_EN":"TAI LAM CHUNG RESERVOIR MOUNTAIN BIKE TRAIL","TRAIL_NAME_TC":"大欖涌水塘越野單車徑","COUNTRY_PARK_EN":"Outside Country Park and Special Area","COUNTRY_PARK_TC":"不在郊野公園及特別地區範圍","UTM_GRID":"JK927773","UTM_ZONE":"50Q","trail_id_corrected_from":null,"position_may_be_inaccurate":false}},{"type":"Feature","geometry":{"type":"Point","coordinates":[114.10242,22.40895]},"properties":{"FAC_ID":"BW 2A 01","TRAIL_ID":"mb_2a","TRAIL_NAME_EN":"HO PUI MOUNTAIN BIKE TRAIL","TRAIL_NAME_TC":"河背越野單車徑","COUNTRY_PARK_EN":"TAI LAM COUNTRY PARK","COUNTRY_PARK_TC":"大欖郊野公園","UTM_GRID":"KK016809","UTM_ZONE":"50Q","trail_id_corrected_from":null,"position_may_be_inaccurate":false}},{"type":"Feature","geometry":{"type":"Point","coordinates":[114.10421,22.40971]},"properties":{"FAC_ID":"BW 2A 02","TRAIL_ID":"mb_2a","TRAIL_NAME_EN":"HO PUI MOUNTAIN BIKE TRAIL","TRAIL_NAME_TC":"河背越野單車徑","COUNTRY_PARK_EN":"TAI LAM COUNTRY PARK","COUNTRY_PARK_TC":"大欖郊野公園","UTM_GRID":"KK018810","UTM_ZONE":"50Q","trail_id_corrected_from":null,"position_may_be_inaccurate":false}},{"type":"Feature","geometry":{"type":"Point","coordinates":[114.10234,22.41012]},"properties":{"FAC_ID":"BW 2A 04","TRAIL_ID":"mb_2a","TRAIL_NAME_EN":"HO PUI MOUNTAIN BIKE TRAIL","TRAIL_NAME_TC":"河背越野單車徑","COUNTRY_PARK_EN":"TAI LAM COUNTRY PARK","COUNTRY_PARK_TC":"大欖郊野公園","UTM_GRID":"KK016811","UTM_ZONE":"50Q","trail_id_corrected_from":null,"position_may_be_inaccurate":false}},{"type":"Feature","geometry":{"type":"Point","coordinates":[114.09851,22.40982]},"properties":{"FAC_ID":"BW 2A 05","TRAIL_ID":"mb_2a","TRAIL_NAME_EN":"HO PUI MOUNTAIN BIKE TRAIL","TRAIL_NAME_TC":"河背越野單車徑","COUNTRY_PARK_EN":"TAI LAM COUNTRY PARK","COUNTRY_PARK_TC":"大欖郊野公園","UTM_GRID":"KK012810","UTM_ZONE":"50Q","trail_id_corrected_from":null,"position_may_be_inaccurate":false}},{"type":"Feature","geometry":{"type":"Point","coordinates":[114.09768,22.40647]},"properties":{"FAC_ID":"BW 2A 07","TRAIL_ID":"mb_2a","TRAIL_NAME_EN":"HO PUI MOUNTAIN BIKE TRAIL","TRAIL_NAME_TC":"河背越野單車徑","COUNTRY_PARK_EN":"TAI LAM COUNTRY PARK","COUNTRY_PARK_TC":"大欖郊野公園","UTM_GRID":"KK011807","UTM_ZONE":"50Q","trail_id_corrected_from":null,"position_may_be_inaccurate":false}},{"type":"Feature","geometry":{"type":"Point","coordinates":[114.09309,22.40601]},"properties":{"FAC_ID":"BW 2A 10","TRAIL_ID":"mb_2a","TRAIL_NAME_EN":"HO PUI MOUNTAIN BIKE TRAIL","TRAIL_NAME_TC":"河背越野單車徑","COUNTRY_PARK_EN":"TAI LAM COUNTRY PARK","COUNTRY_PARK_TC":"大欖郊野公園","UTM_GRID":"KK007806","UTM_ZONE":"50Q","trail_id_corrected_from":null,"position_may_be_inaccurate":false}},{"type":"Feature","geometry":{"type":"Point","coordinates":[114.08778,22.40958]},"properties":{"FAC_ID":"BW 2A 12","TRAIL_ID":"mb_2a","TRAIL_NAME_EN":"HO PUI MOUNTAIN BIKE TRAIL","TRAIL_NAME_TC":"河背越野單車徑","COUNTRY_PARK_EN":"TAI LAM COUNTRY PARK","COUNTRY_PARK_TC":"大欖郊野公園","UTM_GRID":"KK001810","UTM_ZONE":"50Q","trail_id_corrected_from":null,"position_may_be_inaccurate":false}},{"type":"Feature","geometry":{"type":"Point","coordinates":[114.08106,22.40991]},"properties":{"FAC_ID":"BW 2A 14","TRAIL_ID":"mb_2b","TRAIL_NAME_EN":"HO PUI MOUNTAIN BIKE TRAIL","TRAIL_NAME_TC":"河背越野單車徑","COUNTRY_PARK_EN":"TAI LAM COUNTRY PARK","COUNTRY_PARK_TC":"大欖郊野公園","UTM_GRID":"JK994811","UTM_ZONE":"50Q","trail_id_corrected_from":null,"position_may_be_inaccurate":false}},{"type":"Feature","geometry":{"type":"Point","coordinates":[114.07664,22.40851]},"properties":{"FAC_ID":"BW 2A 15","TRAIL_ID":"mb_2b","TRAIL_NAME_EN":"HO PUI MOUNTAIN BIKE TRAIL","TRAIL_NAME_TC":"河背越野單車徑","COUNTRY_PARK_EN":"TAI LAM COUNTRY PARK","COUNTRY_PARK_TC":"大欖郊野公園","UTM_GRID":"JK990809","UTM_ZONE":"50Q","trail_id_corrected_from":null,"position_may_be_inaccurate":false}},{"type":"Feature","geometry":{"type":"Point","coordinates":[114.01805,22.37755]},"properties":{"FAC_ID":"BW 3 13A","TRAIL_ID":"mb_8a","TRAIL_NAME_EN":"TAI LAM CHUNG RESERVOIR MOUNTAIN BIKE TRAIL","TRAIL_NAME_TC":"大欖涌水塘越野單車徑","COUNTRY_PARK_EN":"TAI LAM COUNTRY PARK","COUNTRY_PARK_TC":"大欖郊野公園","UTM_GRID":"JK929776","UTM_ZONE":"50Q","trail_id_corrected_from":null,"position_may_be_inaccurate":false}},{"type":"Feature","geometry":{"type":"Point","coordinates":[113.98872,22.40665]},"properties":{"FAC_ID":"C6501","TRAIL_ID":"cty_32","TRAIL_NAME_EN":"FU TEI COUNTRY TRAIL","TRAIL_NAME_TC":"虎地郊遊徑","COUNTRY_PARK_EN":"TAI LAM COUNTRY PARK","COUNTRY_PARK_TC":"大欖郊野公園","UTM_GRID":"HE077809","UTM_ZONE":"49Q","trail_id_corrected_from":null,"position_may_be_inaccurate":false}},{"type":"Feature","geometry":{"type":"Point","coordinates":[113.98926,22.40257]},"properties":{"FAC_ID":"C6502","TRAIL_ID":"cty_32","TRAIL_NAME_EN":"FU TEI COUNTRY TRAIL","TRAIL_NAME_TC":"虎地郊遊徑","COUNTRY_PARK_EN":"Outside Country Park and Special Area","COUNTRY_PARK_TC":"不在郊野公園及特別地區範圍","UTM_GRID":"HE077804","UTM_ZONE":"49Q","trail_id_corrected_from":null,"position_may_be_inaccurate":false}},{"type":"Feature","geometry":{"type":"Point","coordinates":[113.98806,22.39904]},"properties":{"FAC_ID":"C6503","TRAIL_ID":"cty_32","TRAIL_NAME_EN":"FU TEI COUNTRY TRAIL","TRAIL_NAME_TC":"虎地郊遊徑","COUNTRY_PARK_EN":"TAI LAM COUNTRY PARK","COUNTRY_PARK_TC":"大欖郊野公園","UTM_GRID":"HE076800","UTM_ZONE":"49Q","trail_id_corrected_from":null,"position_may_be_inaccurate":false}},{"type":"Feature","geometry":{"type":"Point","coordinates":[113.98952,22.3968]},"properties":{"FAC_ID":"C6504","TRAIL_ID":"cty_32","TRAIL_NAME_EN":"FU TEI COUNTRY TRAIL","TRAIL_NAME_TC":"虎地郊遊徑","COUNTRY_PARK_EN":"TAI LAM COUNTRY PARK","COUNTRY_PARK_TC":"大欖郊野公園","UTM_GRID":"HE078798","UTM_ZONE":"49Q","trail_id_corrected_from":null,"position_may_be_inaccurate":false}},{"type":"Feature","geometry":{"type":"Point","coordinates":[113.99134,22.39475]},"properties":{"FAC_ID":"C6505","TRAIL_ID":"cty_32","TRAIL_NAME_EN":"FU TEI COUNTRY TRAIL","TRAIL_NAME_TC":"虎地郊遊徑","COUNTRY_PARK_EN":"TAI LAM COUNTRY PARK","COUNTRY_PARK_TC":"大欖郊野公園","UTM_GRID":"HE080795","UTM_ZONE":"49Q","trail_id_corrected_from":null,"position_may_be_inaccurate":false}},{"type":"Feature","geometry":{"type":"Point","coordinates":[113.99104,22.39876]},"properties":{"FAC_ID":"C6506","TRAIL_ID":"cty_32","TRAIL_NAME_EN":"FU TEI COUNTRY TRAIL","TRAIL_NAME_TC":"虎地郊遊徑","COUNTRY_PARK_EN":"TAI LAM COUNTRY PARK","COUNTRY_PARK_TC":"大欖郊野公園","UTM_GRID":"HE079800","UTM_ZONE":"49Q","trail_id_corrected_from":null,"position_may_be_inaccurate":false}},{"type":"Feature","geometry":{"type":"Point","coordinates":[113.99065,22.40321]},"properties":{"FAC_ID":"C6507","TRAIL_ID":"cty_32","TRAIL_NAME_EN":"FU TEI COUNTRY TRAIL","TRAIL_NAME_TC":"虎地郊遊徑","COUNTRY_PARK_EN":"TAI LAM COUNTRY PARK","COUNTRY_PARK_TC":"大欖郊野公園","UTM_GRID":"HE079805","UTM_ZONE":"49Q","trail_id_corrected_from":null,"position_may_be_inaccurate":false}},{"type":"Feature","geometry":{"type":"Point","coordinates":[113.99009,22.40721]},"properties":{"FAC_ID":"C6508","TRAIL_ID":"cty_32","TRAIL_NAME_EN":"FU TEI COUNTRY TRAIL","TRAIL_NAME_TC":"虎地郊遊徑","COUNTRY_PARK_EN":"TAI LAM COUNTRY PARK","COUNTRY_PARK_TC":"大欖郊野公園","UTM_GRID":"HE078809","UTM_ZONE":"49Q","trail_id_corrected_from":null,"position_may_be_inaccurate":false}},{"type":"Feature","geometry":{"type":"Point","coordinates":[113.98972,22.41147]},"properties":{"FAC_ID":"C6509","TRAIL_ID":"cty_32","TRAIL_NAME_EN":"FU TEI COUNTRY TRAIL","TRAIL_NAME_TC":"虎地郊遊徑","COUNTRY_PARK_EN":"TAI LAM COUNTRY PARK","COUNTRY_PARK_TC":"大欖郊野公園","UTM_GRID":"HE078814","UTM_ZONE":"49Q","trail_id_corrected_from":null,"position_may_be_inaccurate":false}},{"type":"Feature","geometry":{"type":"Point","coordinates":[114.08611,22.40632]},"properties":{"FAC_ID":"BW 2B 01","TRAIL_ID":"mb_2b","TRAIL_NAME_EN":"HO PUI MOUNTAIN BIKE TRAIL","TRAIL_NAME_TC":"河背越野單車徑","COUNTRY_PARK_EN":"TAI LAM COUNTRY PARK","COUNTRY_PARK_TC":"大欖郊野公園","UTM_GRID":"JK999807","UTM_ZONE":"50Q","trail_id_corrected_from":null,"position_may_be_inaccurate":false}},{"type":"Feature","geometry":{"type":"Point","coordinates":[114.08429,22.40392]},"properties":{"FAC_ID":"BW 2B 02","TRAIL_ID":"mb_2b","TRAIL_NAME_EN":"HO PUI MOUNTAIN BIKE TRAIL","TRAIL_NAME_TC":"河背越野單車徑","COUNTRY_PARK_EN":"TAI LAM COUNTRY PARK","COUNTRY_PARK_TC":"大欖郊野公園","UTM_GRID":"JK998804","UTM_ZONE":"50Q","trail_id_corrected_from":null,"position_may_be_inaccurate":false}},{"type":"Feature","geometry":{"type":"Point","coordinates":[114.07477,22.39871]},"properties":{"FAC_ID":"BW 2B 06","TRAIL_ID":"mb_2b","TRAIL_NAME_EN":"HO PUI MOUNTAIN BIKE TRAIL","TRAIL_NAME_TC":"河背越野單車徑","COUNTRY_PARK_EN":"TAI LAM COUNTRY PARK","COUNTRY_PARK_TC":"大欖郊野公園","UTM_GRID":"JK988798","UTM_ZONE":"50Q","trail_id_corrected_from":null,"position_may_be_inaccurate":false}},{"type":"Feature","geometry":{"type":"Point","coordinates":[114.07312,22.40091]},"properties":{"FAC_ID":"BW 2B 07","TRAIL_ID":"mb_2b","TRAIL_NAME_EN":"HO PUI MOUNTAIN BIKE TRAIL","TRAIL_NAME_TC":"河背越野單車徑","COUNTRY_PARK_EN":"TAI LAM COUNTRY PARK","COUNTRY_PARK_TC":"大欖郊野公園","UTM_GRID":"JK986801","UTM_ZONE":"50Q","trail_id_corrected_from":null,"position_may_be_inaccurate":false}},{"type":"Feature","geometry":{"type":"Point","coordinates":[114.07152,22.40308]},"properties":{"FAC_ID":"BW 2B 08","TRAIL_ID":"mb_2b","TRAIL_NAME_EN":"HO PUI MOUNTAIN BIKE TRAIL","TRAIL_NAME_TC":"河背越野單車徑","COUNTRY_PARK_EN":"TAI LAM COUNTRY PARK","COUNTRY_PARK_TC":"大欖郊野公園","UTM_GRID":"JK984803","UTM_ZONE":"50Q","trail_id_corrected_from":null,"position_may_be_inaccurate":false}},{"type":"Feature","geometry":{"type":"Point","coordinates":[114.06871,22.40512]},"properties":{"FAC_ID":"BW 2B 09","TRAIL_ID":"mb_2b","TRAIL_NAME_EN":"HO PUI MOUNTAIN BIKE TRAIL","TRAIL_NAME_TC":"河背越野單車徑","COUNTRY_PARK_EN":"TAI LAM COUNTRY PARK","COUNTRY_PARK_TC":"大欖郊野公園","UTM_GRID":"JK982806","UTM_ZONE":"50Q","trail_id_corrected_from":null,"position_may_be_inaccurate":false}},{"type":"Feature","geometry":{"type":"Point","coordinates":[114.07071,22.40657]},"properties":{"FAC_ID":"BW 2B 10","TRAIL_ID":"mb_2b","TRAIL_NAME_EN":"HO PUI MOUNTAIN BIKE TRAIL","TRAIL_NAME_TC":"河背越野單車徑","COUNTRY_PARK_EN":"TAI LAM COUNTRY PARK","COUNTRY_PARK_TC":"大欖郊野公園","UTM_GRID":"JK984807","UTM_ZONE":"50Q","trail_id_corrected_from":null,"position_may_be_inaccurate":false}},{"type":"Feature","geometry":{"type":"Point","coordinates":[114.02269,22.3864]},"properties":{"FAC_ID":"BW 3 09A","TRAIL_ID":"mb_8","TRAIL_NAME_EN":"TAI LAM CHUNG RESERVOIR MOUNTAIN BIKE TRAIL","TRAIL_NAME_TC":"大欖涌水塘越野單車徑","COUNTRY_PARK_EN":"TAI LAM COUNTRY PARK","COUNTRY_PARK_TC":"大欖郊野公園","UTM_GRID":"JK934786","UTM_ZONE":"50Q","trail_id_corrected_from":null,"position_may_be_inaccurate":false}},{"type":"Feature","geometry":{"type":"Point","coordinates":[114.06499,22.40563]},"properties":{"FAC_ID":"BW 2C 01","TRAIL_ID":"mb_2c","TRAIL_NAME_EN":"HO PUI MOUNTAIN BIKE TRAIL","TRAIL_NAME_TC":"河背越野單車徑","COUNTRY_PARK_EN":"TAI LAM COUNTRY PARK","COUNTRY_PARK_TC":"大欖郊野公園","UTM_GRID":"JK978806","UTM_ZONE":"50Q","trail_id_corrected_from":null,"position_may_be_inaccurate":false}},{"type":"Feature","geometry":{"type":"Point","coordinates":[114.06159,22.40607]},"properties":{"FAC_ID":"BW 2C 02","TRAIL_ID":"mb_2c","TRAIL_NAME_EN":"HO PUI MOUNTAIN BIKE TRAIL","TRAIL_NAME_TC":"河背越野單車徑","COUNTRY_PARK_EN":"TAI LAM COUNTRY PARK","COUNTRY_PARK_TC":"大欖郊野公園","UTM_GRID":"JK974807","UTM_ZONE":"50Q","trail_id_corrected_from":null,"position_may_be_inaccurate":false}},{"type":"Feature","geometry":{"type":"Point","coordinates":[114.06242,22.40401]},"properties":{"FAC_ID":"BW 2C 04","TRAIL_ID":"mb_2c","TRAIL_NAME_EN":"HO PUI MOUNTAIN BIKE TRAIL","TRAIL_NAME_TC":"河背越野單車徑","COUNTRY_PARK_EN":"TAI LAM COUNTRY PARK","COUNTRY_PARK_TC":"大欖郊野公園","UTM_GRID":"JK975805","UTM_ZONE":"50Q","trail_id_corrected_from":null,"position_may_be_inaccurate":false}},{"type":"Feature","geometry":{"type":"Point","coordinates":[114.05903,22.40244]},"properties":{"FAC_ID":"BW 2C 05","TRAIL_ID":"mb_2c","TRAIL_NAME_EN":"HO PUI MOUNTAIN BIKE TRAIL","TRAIL_NAME_TC":"河背越野單車徑","COUNTRY_PARK_EN":"TAI LAM COUNTRY PARK","COUNTRY_PARK_TC":"大欖郊野公園","UTM_GRID":"JK971803","UTM_ZONE":"50Q","trail_id_corrected_from":null,"position_may_be_inaccurate":false}},{"type":"Feature","geometry":{"type":"Point","coordinates":[114.07526,22.40901]},"properties":{"FAC_ID":"BW 2A 16","TRAIL_ID":"mb_2d","TRAIL_NAME_EN":"HO PUI MOUNTAIN BIKE TRAIL","TRAIL_NAME_TC":"河背越野單車徑","COUNTRY_PARK_EN":"TAI LAM COUNTRY PARK","COUNTRY_PARK_TC":"大欖郊野公園","UTM_GRID":"JK988810","UTM_ZONE":"50Q","trail_id_corrected_from":null,"position_may_be_inaccurate":false}},{"type":"Feature","geometry":{"type":"Point","coordinates":[114.07246,22.41089]},"properties":{"FAC_ID":"BW 2A 17","TRAIL_ID":"mb_2d","TRAIL_NAME_EN":"HO PUI MOUNTAIN BIKE TRAIL","TRAIL_NAME_TC":"河背越野單車徑","COUNTRY_PARK_EN":"TAI LAM COUNTRY PARK","COUNTRY_PARK_TC":"大欖郊野公園","UTM_GRID":"JK986812","UTM_ZONE":"50Q","trail_id_corrected_from":null,"position_may_be_inaccurate":false}},{"type":"Feature","geometry":{"type":"Point","coordinates":[114.24531,22.50373]},"properties":{"FAC_ID":"C2701","TRAIL_ID":"cty_33","TRAIL_NAME_EN":"DOUBLE HAVEN COUNTRY TRAIL","TRAIL_NAME_TC":"印洲塘郊遊徑","COUNTRY_PARK_EN":"Excluded Area","COUNTRY_PARK_TC":"不包括地區","UTM_GRID":"KK165911","UTM_ZONE":"50Q","trail_id_corrected_from":null,"position_may_be_inaccurate":false}},{"type":"Feature","geometry":{"type":"Point","coordinates":[114.25335,22.5046]},"properties":{"FAC_ID":"C2703","TRAIL_ID":"cty_33","TRAIL_NAME_EN":"DOUBLE HAVEN COUNTRY TRAIL","TRAIL_NAME_TC":"印洲塘郊遊徑","COUNTRY_PARK_EN":"Excluded Area","COUNTRY_PARK_TC":"不包括地區","UTM_GRID":"KK174912","UTM_ZONE":"50Q","trail_id_corrected_from":null,"position_may_be_inaccurate":false}},{"type":"Feature","geometry":{"type":"Point","coordinates":[114.25736,22.50337]},"properties":{"FAC_ID":"C2704","TRAIL_ID":"cty_33","TRAIL_NAME_EN":"DOUBLE HAVEN COUNTRY TRAIL","TRAIL_NAME_TC":"印洲塘郊遊徑","COUNTRY_PARK_EN":"PLOVER COVE COUNTRY PARK","COUNTRY_PARK_TC":"船灣郊野公園","UTM_GRID":"KK178911","UTM_ZONE":"50Q","trail_id_corrected_from":null,"position_may_be_inaccurate":false}},{"type":"Feature","geometry":{"type":"Point","coordinates":[114.26147,22.50267]},"properties":{"FAC_ID":"C2705","TRAIL_ID":"cty_33","TRAIL_NAME_EN":"DOUBLE HAVEN COUNTRY TRAIL","TRAIL_NAME_TC":"印洲塘郊遊徑","COUNTRY_PARK_EN":"PLOVER COVE COUNTRY PARK","COUNTRY_PARK_TC":"船灣郊野公園","UTM_GRID":"KK182910","UTM_ZONE":"50Q","trail_id_corrected_from":null,"position_may_be_inaccurate":false}},{"type":"Feature","geometry":{"type":"Point","coordinates":[114.26535,22.5032]},"properties":{"FAC_ID":"C2706","TRAIL_ID":"cty_33","TRAIL_NAME_EN":"DOUBLE HAVEN COUNTRY TRAIL","TRAIL_NAME_TC":"印洲塘郊遊徑","COUNTRY_PARK_EN":"PLOVER COVE COUNTRY PARK","COUNTRY_PARK_TC":"船灣郊野公園","UTM_GRID":"KK186910","UTM_ZONE":"50Q","trail_id_corrected_from":null,"position_may_be_inaccurate":false}},{"type":"Feature","geometry":{"type":"Point","coordinates":[114.26883,22.50454]},"properties":{"FAC_ID":"C2707","TRAIL_ID":"cty_33","TRAIL_NAME_EN":"DOUBLE HAVEN COUNTRY TRAIL","TRAIL_NAME_TC":"印洲塘郊遊徑","COUNTRY_PARK_EN":"PLOVER COVE COUNTRY PARK","COUNTRY_PARK_TC":"船灣郊野公園","UTM_GRID":"KK190912","UTM_ZONE":"50Q","trail_id_corrected_from":null,"position_may_be_inaccurate":false}},{"type":"Feature","geometry":{"type":"Point","coordinates":[114.27105,22.50736]},"properties":{"FAC_ID":"C2708","TRAIL_ID":"cty_33","TRAIL_NAME_EN":"DOUBLE HAVEN COUNTRY TRAIL","TRAIL_NAME_TC":"印洲塘郊遊徑","COUNTRY_PARK_EN":"PLOVER COVE COUNTRY PARK","COUNTRY_PARK_TC":"船灣郊野公園","UTM_GRID":"KK192915","UTM_ZONE":"50Q","trail_id_corrected_from":null,"position_may_be_inaccurate":false}},{"type":"Feature","geometry":{"type":"Point","coordinates":[114.27197,22.51137]},"properties":{"FAC_ID":"C2709","TRAIL_ID":"cty_33","TRAIL_NAME_EN":"DOUBLE HAVEN COUNTRY TRAIL","TRAIL_NAME_TC":"印洲塘郊遊徑","COUNTRY_PARK_EN":"PLOVER COVE COUNTRY PARK","COUNTRY_PARK_TC":"船灣郊野公園","UTM_GRID":"KK193919","UTM_ZONE":"50Q","trail_id_corrected_from":null,"position_may_be_inaccurate":false}},{"type":"Feature","geometry":{"type":"Point","coordinates":[114.27205,22.51393]},"properties":{"FAC_ID":"C2710","TRAIL_ID":"cty_33","TRAIL_NAME_EN":"DOUBLE HAVEN COUNTRY TRAIL","TRAIL_NAME_TC":"印洲塘郊遊徑","COUNTRY_PARK_EN":"Excluded Area","COUNTRY_PARK_TC":"不包括地區","UTM_GRID":"KK193922","UTM_ZONE":"50Q","trail_id_corrected_from":null,"position_may_be_inaccurate":false}},{"type":"Feature","geometry":{"type":"Point","coordinates":[114.27058,22.51738]},"properties":{"FAC_ID":"C2711","TRAIL_ID":"cty_33","TRAIL_NAME_EN":"DOUBLE HAVEN COUNTRY TRAIL","TRAIL_NAME_TC":"印洲塘郊遊徑","COUNTRY_PARK_EN":"Excluded Area","COUNTRY_PARK_TC":"不包括地區","UTM_GRID":"KK192926","UTM_ZONE":"50Q","trail_id_corrected_from":null,"position_may_be_inaccurate":false}},{"type":"Feature","geometry":{"type":"Point","coordinates":[114.26763,22.51902]},"properties":{"FAC_ID":"C2712","TRAIL_ID":"cty_33","TRAIL_NAME_EN":"DOUBLE HAVEN COUNTRY TRAIL","TRAIL_NAME_TC":"印洲塘郊遊徑","COUNTRY_PARK_EN":"Excluded Area","COUNTRY_PARK_TC":"不包括地區","UTM_GRID":"KK189928","UTM_ZONE":"50Q","trail_id_corrected_from":null,"position_may_be_inaccurate":false}},{"type":"Feature","geometry":{"type":"Point","coordinates":[114.26483,22.52171]},"properties":{"FAC_ID":"C2713","TRAIL_ID":"cty_33","TRAIL_NAME_EN":"DOUBLE HAVEN COUNTRY TRAIL","TRAIL_NAME_TC":"印洲塘郊遊徑","COUNTRY_PARK_EN":"Excluded Area","COUNTRY_PARK_TC":"不包括地區","UTM_GRID":"KK186931","UTM_ZONE":"50Q","trail_id_corrected_from":null,"position_may_be_inaccurate":false}},{"type":"Feature","geometry":{"type":"Point","coordinates":[114.26374,22.52553]},"properties":{"FAC_ID":"C2714","TRAIL_ID":"cty_33","TRAIL_NAME_EN":"DOUBLE HAVEN COUNTRY TRAIL","TRAIL_NAME_TC":"印洲塘郊遊徑","COUNTRY_PARK_EN":"PLOVER COVE COUNTRY PARK","COUNTRY_PARK_TC":"船灣郊野公園","UTM_GRID":"KK185935","UTM_ZONE":"50Q","trail_id_corrected_from":null,"position_may_be_inaccurate":false}},{"type":"Feature","geometry":{"type":"Point","coordinates":[114.26144,22.52647]},"properties":{"FAC_ID":"C2715","TRAIL_ID":"cty_33","TRAIL_NAME_EN":"DOUBLE HAVEN COUNTRY TRAIL","TRAIL_NAME_TC":"印洲塘郊遊徑","COUNTRY_PARK_EN":"Excluded Area","COUNTRY_PARK_TC":"不包括地區","UTM_GRID":"KK183936","UTM_ZONE":"50Q","trail_id_corrected_from":null,"position_may_be_inaccurate":false}},{"type":"Feature","geometry":{"type":"Point","coordinates":[114.2627,22.52968]},"properties":{"FAC_ID":"C2716","TRAIL_ID":"cty_33","TRAIL_NAME_EN":"DOUBLE HAVEN COUNTRY TRAIL","TRAIL_NAME_TC":"印洲塘郊遊徑","COUNTRY_PARK_EN":"PLOVER COVE COUNTRY PARK","COUNTRY_PARK_TC":"船灣郊野公園","UTM_GRID":"KK184940","UTM_ZONE":"50Q","trail_id_corrected_from":null,"position_may_be_inaccurate":false}},{"type":"Feature","geometry":{"type":"Point","coordinates":[114.27192,22.52072]},"properties":{"FAC_ID":"C2717","TRAIL_ID":"cty_33","TRAIL_NAME_EN":"DOUBLE HAVEN COUNTRY TRAIL","TRAIL_NAME_TC":"印洲塘郊遊徑","COUNTRY_PARK_EN":"PLOVER COVE COUNTRY PARK","COUNTRY_PARK_TC":"船灣郊野公園","UTM_GRID":"KK193930","UTM_ZONE":"50Q","trail_id_corrected_from":null,"position_may_be_inaccurate":false}},{"type":"Feature","geometry":{"type":"Point","coordinates":[114.27453,22.52234]},"properties":{"FAC_ID":"C2718","TRAIL_ID":"cty_33","TRAIL_NAME_EN":"DOUBLE HAVEN COUNTRY TRAIL","TRAIL_NAME_TC":"印洲塘郊遊徑","COUNTRY_PARK_EN":"PLOVER COVE COUNTRY PARK","COUNTRY_PARK_TC":"船灣郊野公園","UTM_GRID":"KK196932","UTM_ZONE":"50Q","trail_id_corrected_from":null,"position_may_be_inaccurate":false}},{"type":"Feature","geometry":{"type":"Point","coordinates":[114.27737,22.52203]},"properties":{"FAC_ID":"C2719","TRAIL_ID":"cty_33","TRAIL_NAME_EN":"DOUBLE HAVEN COUNTRY TRAIL","TRAIL_NAME_TC":"印洲塘郊遊徑","COUNTRY_PARK_EN":"PLOVER COVE COUNTRY PARK","COUNTRY_PARK_TC":"船灣郊野公園","UTM_GRID":"KK199931","UTM_ZONE":"50Q","trail_id_corrected_from":null,"position_may_be_inaccurate":false}},{"type":"Feature","geometry":{"type":"Point","coordinates":[114.28089,22.52178]},"properties":{"FAC_ID":"C2720","TRAIL_ID":"cty_33","TRAIL_NAME_EN":"DOUBLE HAVEN COUNTRY TRAIL","TRAIL_NAME_TC":"印洲塘郊遊徑","COUNTRY_PARK_EN":"PLOVER COVE COUNTRY PARK","COUNTRY_PARK_TC":"船灣郊野公園","UTM_GRID":"KK202931","UTM_ZONE":"50Q","trail_id_corrected_from":null,"position_may_be_inaccurate":false}},{"type":"Feature","geometry":{"type":"Point","coordinates":[114.28461,22.52364]},"properties":{"FAC_ID":"C2721","TRAIL_ID":"cty_33","TRAIL_NAME_EN":"DOUBLE HAVEN COUNTRY TRAIL","TRAIL_NAME_TC":"印洲塘郊遊徑","COUNTRY_PARK_EN":"PLOVER COVE COUNTRY PARK","COUNTRY_PARK_TC":"船灣郊野公園","UTM_GRID":"KK206933","UTM_ZONE":"50Q","trail_id_corrected_from":null,"position_may_be_inaccurate":false}},{"type":"Feature","geometry":{"type":"Point","coordinates":[113.86129,22.21054]},"properties":{"FAC_ID":"LX334","TRAIL_ID":"mb_11","TRAIL_NAME_EN":"PUI O TO KAU LING CHUNG MOUNTAIN BIKE TRAIL","TRAIL_NAME_TC":"貝澳至狗嶺涌越野單車徑","COUNTRY_PARK_EN":"LANTAU SOUTH COUNTRY PARK","COUNTRY_PARK_TC":"南大嶼郊野公園","UTM_GRID":"GE949589","UTM_ZONE":"49Q","trail_id_corrected_from":null,"position_may_be_inaccurate":false}},{"type":"Feature","geometry":{"type":"Point","coordinates":[113.8635,22.2104]},"properties":{"FAC_ID":"LX333","TRAIL_ID":"mb_11","TRAIL_NAME_EN":"PUI O TO KAU LING CHUNG MOUNTAIN BIKE TRAIL","TRAIL_NAME_TC":"貝澳至狗嶺涌越野單車徑","COUNTRY_PARK_EN":"LANTAU SOUTH COUNTRY PARK","COUNTRY_PARK_TC":"南大嶼郊野公園","UTM_GRID":"GE952589","UTM_ZONE":"49Q","trail_id_corrected_from":null,"position_may_be_inaccurate":false}},{"type":"Feature","geometry":{"type":"Point","coordinates":[113.86685,22.20751]},"properties":{"FAC_ID":"LX332","TRAIL_ID":"mb_11","TRAIL_NAME_EN":"PUI O TO KAU LING CHUNG MOUNTAIN BIKE TRAIL","TRAIL_NAME_TC":"貝澳至狗嶺涌越野單車徑","COUNTRY_PARK_EN":"LANTAU SOUTH COUNTRY PARK","COUNTRY_PARK_TC":"南大嶼郊野公園","UTM_GRID":"GE955585","UTM_ZONE":"49Q","trail_id_corrected_from":null,"position_may_be_inaccurate":false}},{"type":"Feature","geometry":{"type":"Point","coordinates":[113.86975,22.21022]},"properties":{"FAC_ID":"LX331","TRAIL_ID":"mb_11","TRAIL_NAME_EN":"PUI O TO KAU LING CHUNG MOUNTAIN BIKE TRAIL","TRAIL_NAME_TC":"貝澳至狗嶺涌越野單車徑","COUNTRY_PARK_EN":"LANTAU SOUTH COUNTRY PARK","COUNTRY_PARK_TC":"南大嶼郊野公園","UTM_GRID":"GE958588","UTM_ZONE":"49Q","trail_id_corrected_from":null,"position_may_be_inaccurate":false}},{"type":"Feature","geometry":{"type":"Point","coordinates":[113.87251,22.21226]},"properties":{"FAC_ID":"LX330","TRAIL_ID":"mb_11","TRAIL_NAME_EN":"PUI O TO KAU LING CHUNG MOUNTAIN BIKE TRAIL","TRAIL_NAME_TC":"貝澳至狗嶺涌越野單車徑","COUNTRY_PARK_EN":"LANTAU SOUTH COUNTRY PARK","COUNTRY_PARK_TC":"南大嶼郊野公園","UTM_GRID":"GE961591","UTM_ZONE":"49Q","trail_id_corrected_from":null,"position_may_be_inaccurate":false}},{"type":"Feature","geometry":{"type":"Point","coordinates":[113.87404,22.21493]},"properties":{"FAC_ID":"LX329","TRAIL_ID":"mb_11","TRAIL_NAME_EN":"PUI O TO KAU LING CHUNG MOUNTAIN BIKE TRAIL","TRAIL_NAME_TC":"貝澳至狗嶺涌越野單車徑","COUNTRY_PARK_EN":"LANTAU SOUTH COUNTRY PARK","COUNTRY_PARK_TC":"南大嶼郊野公園","UTM_GRID":"GE963594","UTM_ZONE":"49Q","trail_id_corrected_from":null,"position_may_be_inaccurate":false}},{"type":"Feature","geometry":{"type":"Point","coordinates":[113.87783,22.21669]},"properties":{"FAC_ID":"LX328","TRAIL_ID":"mb_11","TRAIL_NAME_EN":"PUI O TO KAU LING CHUNG MOUNTAIN BIKE TRAIL","TRAIL_NAME_TC":"貝澳至狗嶺涌越野單車徑","COUNTRY_PARK_EN":"LANTAU SOUTH COUNTRY PARK","COUNTRY_PARK_TC":"南大嶼郊野公園","UTM_GRID":"GE966596","UTM_ZONE":"49Q","trail_id_corrected_from":null,"position_may_be_inaccurate":false}},{"type":"Feature","geometry":{"type":"Point","coordinates":[113.88096,22.21951]},"properties":{"FAC_ID":"LX327","TRAIL_ID":"mb_11","TRAIL_NAME_EN":"PUI O TO KAU LING CHUNG MOUNTAIN BIKE TRAIL","TRAIL_NAME_TC":"貝澳至狗嶺涌越野單車徑","COUNTRY_PARK_EN":"LANTAU SOUTH COUNTRY PARK","COUNTRY_PARK_TC":"南大嶼郊野公園","UTM_GRID":"GE970599","UTM_ZONE":"49Q","trail_id_corrected_from":null,"position_may_be_inaccurate":false}},{"type":"Feature","geometry":{"type":"Point","coordinates":[113.88008,22.22268]},"properties":{"FAC_ID":"LX326","TRAIL_ID":"mb_11","TRAIL_NAME_EN":"PUI O TO KAU LING CHUNG MOUNTAIN BIKE TRAIL","TRAIL_NAME_TC":"貝澳至狗嶺涌越野單車徑","COUNTRY_PARK_EN":"LANTAU SOUTH COUNTRY PARK","COUNTRY_PARK_TC":"南大嶼郊野公園","UTM_GRID":"GE969602","UTM_ZONE":"49Q","trail_id_corrected_from":null,"position_may_be_inaccurate":false}},{"type":"Feature","geometry":{"type":"Point","coordinates":[113.88269,22.22395]},"properties":{"FAC_ID":"LX325","TRAIL_ID":"mb_11","TRAIL_NAME_EN":"PUI O TO KAU LING CHUNG MOUNTAIN BIKE TRAIL","TRAIL_NAME_TC":"貝澳至狗嶺涌越野單車徑","COUNTRY_PARK_EN":"LANTAU SOUTH COUNTRY PARK","COUNTRY_PARK_TC":"南大嶼郊野公園","UTM_GRID":"GE971604","UTM_ZONE":"49Q","trail_id_corrected_from":null,"position_may_be_inaccurate":false}},{"type":"Feature","geometry":{"type":"Point","coordinates":[113.88808,22.2254]},"properties":{"FAC_ID":"LX324","TRAIL_ID":"mb_11","TRAIL_NAME_EN":"PUI O TO KAU LING CHUNG MOUNTAIN BIKE TRAIL","TRAIL_NAME_TC":"貝澳至狗嶺涌越野單車徑","COUNTRY_PARK_EN":"LANTAU SOUTH COUNTRY PARK","COUNTRY_PARK_TC":"南大嶼郊野公園","UTM_GRID":"GE977606","UTM_ZONE":"49Q","trail_id_corrected_from":null,"position_may_be_inaccurate":false}},{"type":"Feature","geometry":{"type":"Point","coordinates":[113.89099,22.22585]},"properties":{"FAC_ID":"LX323","TRAIL_ID":"mb_11","TRAIL_NAME_EN":"PUI O TO KAU LING CHUNG MOUNTAIN BIKE TRAIL","TRAIL_NAME_TC":"貝澳至狗嶺涌越野單車徑","COUNTRY_PARK_EN":"LANTAU SOUTH COUNTRY PARK","COUNTRY_PARK_TC":"南大嶼郊野公園","UTM_GRID":"GE980606","UTM_ZONE":"49Q","trail_id_corrected_from":null,"position_may_be_inaccurate":false}},{"type":"Feature","geometry":{"type":"Point","coordinates":[113.89278,22.22813]},"properties":{"FAC_ID":"LX322","TRAIL_ID":"mb_11","TRAIL_NAME_EN":"PUI O TO KAU LING CHUNG MOUNTAIN BIKE TRAIL","TRAIL_NAME_TC":"貝澳至狗嶺涌越野單車徑","COUNTRY_PARK_EN":"LANTAU SOUTH COUNTRY PARK","COUNTRY_PARK_TC":"南大嶼郊野公園","UTM_GRID":"GE982609","UTM_ZONE":"49Q","trail_id_corrected_from":null,"position_may_be_inaccurate":false}},{"type":"Feature","geometry":{"type":"Point","coordinates":[113.89711,22.22646]},"properties":{"FAC_ID":"LX321","TRAIL_ID":"mb_11","TRAIL_NAME_EN":"PUI O TO KAU LING CHUNG MOUNTAIN BIKE TRAIL","TRAIL_NAME_TC":"貝澳至狗嶺涌越野單車徑","COUNTRY_PARK_EN":"Outside Country Park and Special Area","COUNTRY_PARK_TC":"不在郊野公園及特別地區範圍","UTM_GRID":"GE986607","UTM_ZONE":"49Q","trail_id_corrected_from":null,"position_may_be_inaccurate":false}},{"type":"Feature","geometry":{"type":"Point","coordinates":[113.90192,22.22582]},"properties":{"FAC_ID":"LX320","TRAIL_ID":"mb_11","TRAIL_NAME_EN":"PUI O TO KAU LING CHUNG MOUNTAIN BIKE TRAIL","TRAIL_NAME_TC":"貝澳至狗嶺涌越野單車徑","COUNTRY_PARK_EN":"LANTAU SOUTH COUNTRY PARK","COUNTRY_PARK_TC":"南大嶼郊野公園","UTM_GRID":"GE991606","UTM_ZONE":"49Q","trail_id_corrected_from":null,"position_may_be_inaccurate":false}},{"type":"Feature","geometry":{"type":"Point","coordinates":[113.90605,22.22632]},"properties":{"FAC_ID":"LX319","TRAIL_ID":"mb_11","TRAIL_NAME_EN":"PUI O TO KAU LING CHUNG MOUNTAIN BIKE TRAIL","TRAIL_NAME_TC":"貝澳至狗嶺涌越野單車徑","COUNTRY_PARK_EN":"LANTAU SOUTH COUNTRY PARK","COUNTRY_PARK_TC":"南大嶼郊野公園","UTM_GRID":"GE995607","UTM_ZONE":"49Q","trail_id_corrected_from":null,"position_may_be_inaccurate":false}},{"type":"Feature","geometry":{"type":"Point","coordinates":[113.91052,22.22787]},"properties":{"FAC_ID":"LX318","TRAIL_ID":"mb_11","TRAIL_NAME_EN":"PUI O TO KAU LING CHUNG MOUNTAIN BIKE TRAIL","TRAIL_NAME_TC":"貝澳至狗嶺涌越野單車徑","COUNTRY_PARK_EN":"LANTAU SOUTH COUNTRY PARK","COUNTRY_PARK_TC":"南大嶼郊野公園","UTM_GRID":"HE000609","UTM_ZONE":"49Q","trail_id_corrected_from":null,"position_may_be_inaccurate":false}},{"type":"Feature","geometry":{"type":"Point","coordinates":[113.91448,22.22709]},"properties":{"FAC_ID":"LX317","TRAIL_ID":"mb_11","TRAIL_NAME_EN":"PUI O TO KAU LING CHUNG MOUNTAIN BIKE TRAIL","TRAIL_NAME_TC":"貝澳至狗嶺涌越野單車徑","COUNTRY_PARK_EN":"LANTAU SOUTH COUNTRY PARK","COUNTRY_PARK_TC":"南大嶼郊野公園","UTM_GRID":"HE004608","UTM_ZONE":"49Q","trail_id_corrected_from":null,"position_may_be_inaccurate":false}},{"type":"Feature","geometry":{"type":"Point","coordinates":[113.91769,22.22764]},"properties":{"FAC_ID":"LX316","TRAIL_ID":"mb_11","TRAIL_NAME_EN":"PUI O TO KAU LING CHUNG MOUNTAIN BIKE TRAIL","TRAIL_NAME_TC":"貝澳至狗嶺涌越野單車徑","COUNTRY_PARK_EN":"LANTAU SOUTH COUNTRY PARK","COUNTRY_PARK_TC":"南大嶼郊野公園","UTM_GRID":"HE007609","UTM_ZONE":"49Q","trail_id_corrected_from":null,"position_may_be_inaccurate":false}},{"type":"Feature","geometry":{"type":"Point","coordinates":[113.92144,22.2282]},"properties":{"FAC_ID":"LX315","TRAIL_ID":"mb_11","TRAIL_NAME_EN":"PUI O TO KAU LING CHUNG MOUNTAIN BIKE TRAIL","TRAIL_NAME_TC":"貝澳至狗嶺涌越野單車徑","COUNTRY_PARK_EN":"LANTAU SOUTH COUNTRY PARK","COUNTRY_PARK_TC":"南大嶼郊野公園","UTM_GRID":"HE011609","UTM_ZONE":"49Q","trail_id_corrected_from":null,"position_may_be_inaccurate":false}},{"type":"Feature","geometry":{"type":"Point","coordinates":[113.92514,22.22921]},"properties":{"FAC_ID":"LX314","TRAIL_ID":"mb_11","TRAIL_NAME_EN":"PUI O TO KAU LING CHUNG MOUNTAIN BIKE TRAIL","TRAIL_NAME_TC":"貝澳至狗嶺涌越野單車徑","COUNTRY_PARK_EN":"LANTAU SOUTH COUNTRY PARK","COUNTRY_PARK_TC":"南大嶼郊野公園","UTM_GRID":"HE015611","UTM_ZONE":"49Q","trail_id_corrected_from":null,"position_may_be_inaccurate":false}},{"type":"Feature","geometry":{"type":"Point","coordinates":[113.92628,22.23297]},"properties":{"FAC_ID":"LX313","TRAIL_ID":"mb_11","TRAIL_NAME_EN":"PUI O TO KAU LING CHUNG MOUNTAIN BIKE TRAIL","TRAIL_NAME_TC":"貝澳至狗嶺涌越野單車徑","COUNTRY_PARK_EN":"Outside Country Park and Special Area","COUNTRY_PARK_TC":"不在郊野公園及特別地區範圍","UTM_GRID":"HE016615","UTM_ZONE":"49Q","trail_id_corrected_from":null,"position_may_be_inaccurate":false}},{"type":"Feature","geometry":{"type":"Point","coordinates":[113.92943,22.23475]},"properties":{"FAC_ID":"LX312","TRAIL_ID":"mb_11","TRAIL_NAME_EN":"PUI O TO KAU LING CHUNG MOUNTAIN BIKE TRAIL","TRAIL_NAME_TC":"貝澳至狗嶺涌越野單車徑","COUNTRY_PARK_EN":"Outside Country Park and Special Area","COUNTRY_PARK_TC":"不在郊野公園及特別地區範圍","UTM_GRID":"HE019617","UTM_ZONE":"49Q","trail_id_corrected_from":null,"position_may_be_inaccurate":false}},{"type":"Feature","geometry":{"type":"Point","coordinates":[113.93189,22.23207]},"properties":{"FAC_ID":"LX311","TRAIL_ID":"mb_11","TRAIL_NAME_EN":"PUI O TO KAU LING CHUNG MOUNTAIN BIKE TRAIL","TRAIL_NAME_TC":"貝澳至狗嶺涌越野單車徑","COUNTRY_PARK_EN":"LANTAU SOUTH COUNTRY PARK","COUNTRY_PARK_TC":"南大嶼郊野公園","UTM_GRID":"HE022614","UTM_ZONE":"49Q","trail_id_corrected_from":null,"position_may_be_inaccurate":false}},{"type":"Feature","geometry":{"type":"Point","coordinates":[113.93628,22.23144]},"properties":{"FAC_ID":"LX310","TRAIL_ID":"mb_11","TRAIL_NAME_EN":"PUI O TO KAU LING CHUNG MOUNTAIN BIKE TRAIL","TRAIL_NAME_TC":"貝澳至狗嶺涌越野單車徑","COUNTRY_PARK_EN":"LANTAU SOUTH COUNTRY PARK","COUNTRY_PARK_TC":"南大嶼郊野公園","UTM_GRID":"HE026613","UTM_ZONE":"49Q","trail_id_corrected_from":null,"position_may_be_inaccurate":false}},{"type":"Feature","geometry":{"type":"Point","coordinates":[113.93966,22.23273]},"properties":{"FAC_ID":"LX309","TRAIL_ID":"mb_11","TRAIL_NAME_EN":"PUI O TO KAU LING CHUNG MOUNTAIN BIKE TRAIL","TRAIL_NAME_TC":"貝澳至狗嶺涌越野單車徑","COUNTRY_PARK_EN":"LANTAU SOUTH COUNTRY PARK","COUNTRY_PARK_TC":"南大嶼郊野公園","UTM_GRID":"HE030615","UTM_ZONE":"49Q","trail_id_corrected_from":null,"position_may_be_inaccurate":false}},{"type":"Feature","geometry":{"type":"Point","coordinates":[113.9435,22.23445]},"properties":{"FAC_ID":"LX308","TRAIL_ID":"mb_11","TRAIL_NAME_EN":"PUI O TO KAU LING CHUNG MOUNTAIN BIKE TRAIL","TRAIL_NAME_TC":"貝澳至狗嶺涌越野單車徑","COUNTRY_PARK_EN":"LANTAU SOUTH COUNTRY PARK","COUNTRY_PARK_TC":"南大嶼郊野公園","UTM_GRID":"HE034617","UTM_ZONE":"49Q","trail_id_corrected_from":null,"position_may_be_inaccurate":false}},{"type":"Feature","geometry":{"type":"Point","coordinates":[113.94527,22.23851]},"properties":{"FAC_ID":"LX307","TRAIL_ID":"mb_11","TRAIL_NAME_EN":"PUI O TO KAU LING CHUNG MOUNTAIN BIKE TRAIL","TRAIL_NAME_TC":"貝澳至狗嶺涌越野單車徑","COUNTRY_PARK_EN":"LANTAU SOUTH COUNTRY PARK","COUNTRY_PARK_TC":"南大嶼郊野公園","UTM_GRID":"HE035621","UTM_ZONE":"49Q","trail_id_corrected_from":null,"position_may_be_inaccurate":false}},{"type":"Feature","geometry":{"type":"Point","coordinates":[113.94852,22.23916]},"properties":{"FAC_ID":"LX306","TRAIL_ID":"mb_11","TRAIL_NAME_EN":"PUI O TO KAU LING CHUNG MOUNTAIN BIKE TRAIL","TRAIL_NAME_TC":"貝澳至狗嶺涌越野單車徑","COUNTRY_PARK_EN":"LANTAU SOUTH COUNTRY PARK","COUNTRY_PARK_TC":"南大嶼郊野公園","UTM_GRID":"HE039622","UTM_ZONE":"49Q","trail_id_corrected_from":null,"position_may_be_inaccurate":false}},{"type":"Feature","geometry":{"type":"Point","coordinates":[113.95266,22.23837]},"properties":{"FAC_ID":"LX305","TRAIL_ID":"mb_11","TRAIL_NAME_EN":"PUI O TO KAU LING CHUNG MOUNTAIN BIKE TRAIL","TRAIL_NAME_TC":"貝澳至狗嶺涌越野單車徑","COUNTRY_PARK_EN":"LANTAU SOUTH COUNTRY PARK","COUNTRY_PARK_TC":"南大嶼郊野公園","UTM_GRID":"HE043621","UTM_ZONE":"49Q","trail_id_corrected_from":null,"position_may_be_inaccurate":false}},{"type":"Feature","geometry":{"type":"Point","coordinates":[113.95662,22.23969]},"properties":{"FAC_ID":"LX304","TRAIL_ID":"mb_11","TRAIL_NAME_EN":"PUI O TO KAU LING CHUNG MOUNTAIN BIKE TRAIL","TRAIL_NAME_TC":"貝澳至狗嶺涌越野單車徑","COUNTRY_PARK_EN":"Outside Country Park and Special Area","COUNTRY_PARK_TC":"不在郊野公園及特別地區範圍","UTM_GRID":"HE047623","UTM_ZONE":"49Q","trail_id_corrected_from":null,"position_may_be_inaccurate":false}},{"type":"Feature","geometry":{"type":"Point","coordinates":[113.96027,22.24092]},"properties":{"FAC_ID":"LX303","TRAIL_ID":"mb_11","TRAIL_NAME_EN":"PUI O TO KAU LING CHUNG MOUNTAIN BIKE TRAIL","TRAIL_NAME_TC":"貝澳至狗嶺涌越野單車徑","COUNTRY_PARK_EN":"LANTAU SOUTH COUNTRY PARK","COUNTRY_PARK_TC":"南大嶼郊野公園","UTM_GRID":"HE051624","UTM_ZONE":"49Q","trail_id_corrected_from":null,"position_may_be_inaccurate":false}},{"type":"Feature","geometry":{"type":"Point","coordinates":[113.96362,22.24312]},"properties":{"FAC_ID":"LX302","TRAIL_ID":"mb_11","TRAIL_NAME_EN":"PUI O TO KAU LING CHUNG MOUNTAIN BIKE TRAIL","TRAIL_NAME_TC":"貝澳至狗嶺涌越野單車徑","COUNTRY_PARK_EN":"LANTAU SOUTH COUNTRY PARK","COUNTRY_PARK_TC":"南大嶼郊野公園","UTM_GRID":"HE054627","UTM_ZONE":"49Q","trail_id_corrected_from":null,"position_may_be_inaccurate":false}},{"type":"Feature","geometry":{"type":"Point","coordinates":[113.96671,22.24429]},"properties":{"FAC_ID":"LX301","TRAIL_ID":"mb_11","TRAIL_NAME_EN":"PUI O TO KAU LING CHUNG MOUNTAIN BIKE TRAIL","TRAIL_NAME_TC":"貝澳至狗嶺涌越野單車徑","COUNTRY_PARK_EN":"LANTAU SOUTH COUNTRY PARK","COUNTRY_PARK_TC":"南大嶼郊野公園","UTM_GRID":"HE057628","UTM_ZONE":"49Q","trail_id_corrected_from":null,"position_may_be_inaccurate":false}},{"type":"Feature","geometry":{"type":"Point","coordinates":[114.29152,22.36517]},"properties":{"FAC_ID":"C5601","TRAIL_ID":"cty_34","TRAIL_NAME_EN":"SHARP ISLAND COUNTRY TRAIL","TRAIL_NAME_TC":"橋咀郊遊徑","COUNTRY_PARK_EN":"KIU TSUI COUNTRY PARK","COUNTRY_PARK_TC":"橋咀郊野公園","UTM_GRID":"KK210757","UTM_ZONE":"50Q","trail_id_corrected_from":null,"position_may_be_inaccurate":false}},{"type":"Feature","geometry":{"type":"Point","coordinates":[114.29347,22.36194]},"properties":{"FAC_ID":"C5602","TRAIL_ID":"cty_34","TRAIL_NAME_EN":"SHARP ISLAND COUNTRY TRAIL","TRAIL_NAME_TC":"橋咀郊遊徑","COUNTRY_PARK_EN":"KIU TSUI COUNTRY PARK","COUNTRY_PARK_TC":"橋咀郊野公園","UTM_GRID":"KK212753","UTM_ZONE":"50Q","trail_id_corrected_from":null,"position_may_be_inaccurate":false}},{"type":"Feature","geometry":{"type":"Point","coordinates":[114.29545,22.35866]},"properties":{"FAC_ID":"C5603","TRAIL_ID":"cty_34","TRAIL_NAME_EN":"SHARP ISLAND COUNTRY TRAIL","TRAIL_NAME_TC":"橋咀郊遊徑","COUNTRY_PARK_EN":"Outside Country Park and Special Area","COUNTRY_PARK_TC":"不在郊野公園及特別地區範圍","UTM_GRID":"KK214750","UTM_ZONE":"50Q","trail_id_corrected_from":null,"position_may_be_inaccurate":false}},{"type":"Feature","geometry":{"type":"Point","coordinates":[114.07485,22.39788]},"properties":{"FAC_ID":"BW 2D 01","TRAIL_ID":"mb_2b","TRAIL_NAME_EN":"HO PUI MOUNTAIN BIKE TRAIL","TRAIL_NAME_TC":"河背越野單車徑","COUNTRY_PARK_EN":"TAI LAM COUNTRY PARK","COUNTRY_PARK_TC":"大欖郊野公園","UTM_GRID":"JK988797","UTM_ZONE":"50Q","trail_id_corrected_from":null,"position_may_be_inaccurate":false}},{"type":"Feature","geometry":{"type":"Point","coordinates":[114.07433,22.39745]},"properties":{"FAC_ID":"BW 2D 02","TRAIL_ID":"mb_2b","TRAIL_NAME_EN":"HO PUI MOUNTAIN BIKE TRAIL","TRAIL_NAME_TC":"河背越野單車徑","COUNTRY_PARK_EN":"TAI LAM COUNTRY PARK","COUNTRY_PARK_TC":"大欖郊野公園","UTM_GRID":"JK987797","UTM_ZONE":"50Q","trail_id_corrected_from":null,"position_may_be_inaccurate":false}},{"type":"Feature","geometry":{"type":"Point","coordinates":[114.07377,22.39723]},"properties":{"FAC_ID":"BW 2D 03","TRAIL_ID":"mb_2b","TRAIL_NAME_EN":"HO PUI MOUNTAIN BIKE TRAIL","TRAIL_NAME_TC":"河背越野單車徑","COUNTRY_PARK_EN":"TAI LAM COUNTRY PARK","COUNTRY_PARK_TC":"大欖郊野公園","UTM_GRID":"JK987797","UTM_ZONE":"50Q","trail_id_corrected_from":null,"position_may_be_inaccurate":false}},{"type":"Feature","geometry":{"type":"Point","coordinates":[114.00556,22.26023]},"properties":{"FAC_ID":"LX001","TRAIL_ID":"mb_18","TRAIL_NAME_EN":"MUI WO MOUNTAIN BIKE PRACTICE GROUND","TRAIL_NAME_TC":"梅窩越野單車練習場","COUNTRY_PARK_EN":"LANTAU SOUTH COUNTRY PARK","COUNTRY_PARK_TC":"南大嶼郊野公園","UTM_GRID":"JK913646","UTM_ZONE":"50Q","trail_id_corrected_from":null,"position_may_be_inaccurate":false}},{"type":"Feature","geometry":{"type":"Point","coordinates":[114.00655,22.25863]},"properties":{"FAC_ID":"LX002","TRAIL_ID":"mb_18","TRAIL_NAME_EN":"MUI WO MOUNTAIN BIKE PRACTICE GROUND","TRAIL_NAME_TC":"梅窩越野單車練習場","COUNTRY_PARK_EN":"LANTAU SOUTH COUNTRY PARK","COUNTRY_PARK_TC":"南大嶼郊野公園","UTM_GRID":"JK914645","UTM_ZONE":"50Q","trail_id_corrected_from":null,"position_may_be_inaccurate":false}},{"type":"Feature","geometry":{"type":"Point","coordinates":[114.00603,22.25688]},"properties":{"FAC_ID":"LX003","TRAIL_ID":"mb_18","TRAIL_NAME_EN":"MUI WO MOUNTAIN BIKE PRACTICE GROUND","TRAIL_NAME_TC":"梅窩越野單車練習場","COUNTRY_PARK_EN":"LANTAU SOUTH COUNTRY PARK","COUNTRY_PARK_TC":"南大嶼郊野公園","UTM_GRID":"JK914643","UTM_ZONE":"50Q","trail_id_corrected_from":null,"position_may_be_inaccurate":false}},{"type":"Feature","geometry":{"type":"Point","coordinates":[114.00532,22.25672]},"properties":{"FAC_ID":"LX004","TRAIL_ID":"mb_18","TRAIL_NAME_EN":"MUI WO MOUNTAIN BIKE PRACTICE GROUND","TRAIL_NAME_TC":"梅窩越野單車練習場","COUNTRY_PARK_EN":"LANTAU SOUTH COUNTRY PARK","COUNTRY_PARK_TC":"南大嶼郊野公園","UTM_GRID":"JK913642","UTM_ZONE":"50Q","trail_id_corrected_from":null,"position_may_be_inaccurate":false}},{"type":"Feature","geometry":{"type":"Point","coordinates":[114.00373,22.25872]},"properties":{"FAC_ID":"LX005","TRAIL_ID":"mb_18","TRAIL_NAME_EN":"MUI WO MOUNTAIN BIKE PRACTICE GROUND","TRAIL_NAME_TC":"梅窩越野單車練習場","COUNTRY_PARK_EN":"LANTAU SOUTH COUNTRY PARK","COUNTRY_PARK_TC":"南大嶼郊野公園","UTM_GRID":"JK911645","UTM_ZONE":"50Q","trail_id_corrected_from":null,"position_may_be_inaccurate":false}},{"type":"Feature","geometry":{"type":"Point","coordinates":[114.00329,22.25951]},"properties":{"FAC_ID":"LX006","TRAIL_ID":"mb_18","TRAIL_NAME_EN":"MUI WO MOUNTAIN BIKE PRACTICE GROUND","TRAIL_NAME_TC":"梅窩越野單車練習場","COUNTRY_PARK_EN":"LANTAU SOUTH COUNTRY PARK","COUNTRY_PARK_TC":"南大嶼郊野公園","UTM_GRID":"JK911646","UTM_ZONE":"50Q","trail_id_corrected_from":null,"position_may_be_inaccurate":false}},{"type":"Feature","geometry":{"type":"Point","coordinates":[114.00381,22.25968]},"properties":{"FAC_ID":"LX007","TRAIL_ID":"mb_18","TRAIL_NAME_EN":"MUI WO MOUNTAIN BIKE PRACTICE GROUND","TRAIL_NAME_TC":"梅窩越野單車練習場","COUNTRY_PARK_EN":"LANTAU SOUTH COUNTRY PARK","COUNTRY_PARK_TC":"南大嶼郊野公園","UTM_GRID":"JK911646","UTM_ZONE":"50Q","trail_id_corrected_from":null,"position_may_be_inaccurate":false}},{"type":"Feature","geometry":{"type":"Point","coordinates":[114.00618,22.25842]},"properties":{"FAC_ID":"LX008","TRAIL_ID":"mb_18","TRAIL_NAME_EN":"MUI WO MOUNTAIN BIKE PRACTICE GROUND","TRAIL_NAME_TC":"梅窩越野單車練習場","COUNTRY_PARK_EN":"LANTAU SOUTH COUNTRY PARK","COUNTRY_PARK_TC":"南大嶼郊野公園","UTM_GRID":"JK914644","UTM_ZONE":"50Q","trail_id_corrected_from":null,"position_may_be_inaccurate":false}},{"type":"Feature","geometry":{"type":"Point","coordinates":[114.00179,22.25771]},"properties":{"FAC_ID":"LX009","TRAIL_ID":"mb_18","TRAIL_NAME_EN":"MUI WO MOUNTAIN BIKE PRACTICE GROUND","TRAIL_NAME_TC":"梅窩越野單車練習場","COUNTRY_PARK_EN":"LANTAU SOUTH COUNTRY PARK","COUNTRY_PARK_TC":"南大嶼郊野公園","UTM_GRID":"JK909644","UTM_ZONE":"50Q","trail_id_corrected_from":null,"position_may_be_inaccurate":false}},{"type":"Feature","geometry":{"type":"Point","coordinates":[114.00409,22.25558]},"properties":{"FAC_ID":"LX010","TRAIL_ID":"mb_18","TRAIL_NAME_EN":"MUI WO MOUNTAIN BIKE PRACTICE GROUND","TRAIL_NAME_TC":"梅窩越野單車練習場","COUNTRY_PARK_EN":"LANTAU SOUTH COUNTRY PARK","COUNTRY_PARK_TC":"南大嶼郊野公園","UTM_GRID":"JK912641","UTM_ZONE":"50Q","trail_id_corrected_from":null,"position_may_be_inaccurate":false}},{"type":"Feature","geometry":{"type":"Point","coordinates":[114.00109,22.25609]},"properties":{"FAC_ID":"LX011","TRAIL_ID":"mb_18","TRAIL_NAME_EN":"MUI WO MOUNTAIN BIKE PRACTICE GROUND","TRAIL_NAME_TC":"梅窩越野單車練習場","COUNTRY_PARK_EN":"LANTAU SOUTH COUNTRY PARK","COUNTRY_PARK_TC":"南大嶼郊野公園","UTM_GRID":"JK909642","UTM_ZONE":"50Q","trail_id_corrected_from":null,"position_may_be_inaccurate":false}},{"type":"Feature","geometry":{"type":"Point","coordinates":[114.00093,22.25815]},"properties":{"FAC_ID":"LX012","TRAIL_ID":"mb_18","TRAIL_NAME_EN":"MUI WO MOUNTAIN BIKE PRACTICE GROUND","TRAIL_NAME_TC":"梅窩越野單車練習場","COUNTRY_PARK_EN":"LANTAU SOUTH COUNTRY PARK","COUNTRY_PARK_TC":"南大嶼郊野公園","UTM_GRID":"JK908644","UTM_ZONE":"50Q","trail_id_corrected_from":null,"position_may_be_inaccurate":false}},{"type":"Feature","geometry":{"type":"Point","coordinates":[113.99927,22.25637]},"properties":{"FAC_ID":"LX013","TRAIL_ID":"mb_18","TRAIL_NAME_EN":"MUI WO MOUNTAIN BIKE PRACTICE GROUND","TRAIL_NAME_TC":"梅窩越野單車練習場","COUNTRY_PARK_EN":"LANTAU SOUTH COUNTRY PARK","COUNTRY_PARK_TC":"南大嶼郊野公園","UTM_GRID":"HE091642","UTM_ZONE":"49Q","trail_id_corrected_from":null,"position_may_be_inaccurate":false}},{"type":"Feature","geometry":{"type":"Point","coordinates":[113.99853,22.25661]},"properties":{"FAC_ID":"LX014","TRAIL_ID":"mb_18","TRAIL_NAME_EN":"MUI WO MOUNTAIN BIKE PRACTICE GROUND","TRAIL_NAME_TC":"梅窩越野單車練習場","COUNTRY_PARK_EN":"Outside Country Park and Special Area","COUNTRY_PARK_TC":"不在郊野公園及特別地區範圍","UTM_GRID":"HE090642","UTM_ZONE":"49Q","trail_id_corrected_from":null,"position_may_be_inaccurate":false}},{"type":"Feature","geometry":{"type":"Point","coordinates":[114.00053,22.25893]},"properties":{"FAC_ID":"LX015","TRAIL_ID":"mb_18","TRAIL_NAME_EN":"MUI WO MOUNTAIN BIKE PRACTICE GROUND","TRAIL_NAME_TC":"梅窩越野單車練習場","COUNTRY_PARK_EN":"Outside Country Park and Special Area","COUNTRY_PARK_TC":"不在郊野公園及特別地區範圍","UTM_GRID":"JK908645","UTM_ZONE":"50Q","trail_id_corrected_from":null,"position_may_be_inaccurate":false}},{"type":"Feature","geometry":{"type":"Point","coordinates":[114.00276,22.25852]},"properties":{"FAC_ID":"LX016","TRAIL_ID":"mb_18","TRAIL_NAME_EN":"MUI WO MOUNTAIN BIKE PRACTICE GROUND","TRAIL_NAME_TC":"梅窩越野單車練習場","COUNTRY_PARK_EN":"LANTAU SOUTH COUNTRY PARK","COUNTRY_PARK_TC":"南大嶼郊野公園","UTM_GRID":"JK910645","UTM_ZONE":"50Q","trail_id_corrected_from":null,"position_may_be_inaccurate":false}},{"type":"Feature","geometry":{"type":"Point","coordinates":[114.21128,22.55273]},"properties":{"FAC_ID":"C8101","TRAIL_ID":"cty_35","TRAIL_NAME_EN":"ROBIN'S NEST COUNTRY TRAIL","TRAIL_NAME_TC":"紅花嶺郊遊徑","COUNTRY_PARK_EN":"ROBIN'S NEST COUNTRY PARK","COUNTRY_PARK_TC":"紅花嶺郊野公園","UTM_GRID":"KK131966","UTM_ZONE":"50Q","trail_id_corrected_from":null,"position_may_be_inaccurate":false}},{"type":"Feature","geometry":{"type":"Point","coordinates":[114.20773,22.5508]},"properties":{"FAC_ID":"C8102","TRAIL_ID":"cty_35","TRAIL_NAME_EN":"ROBIN'S NEST COUNTRY TRAIL","TRAIL_NAME_TC":"紅花嶺郊遊徑","COUNTRY_PARK_EN":"ROBIN'S NEST COUNTRY PARK","COUNTRY_PARK_TC":"紅花嶺郊野公園","UTM_GRID":"KK128964","UTM_ZONE":"50Q","trail_id_corrected_from":null,"position_may_be_inaccurate":false}},{"type":"Feature","geometry":{"type":"Point","coordinates":[114.20425,22.54869]},"properties":{"FAC_ID":"C8103","TRAIL_ID":"cty_35","TRAIL_NAME_EN":"ROBIN'S NEST COUNTRY TRAIL","TRAIL_NAME_TC":"紅花嶺郊遊徑","COUNTRY_PARK_EN":"ROBIN'S NEST COUNTRY PARK","COUNTRY_PARK_TC":"紅花嶺郊野公園","UTM_GRID":"KK124962","UTM_ZONE":"50Q","trail_id_corrected_from":null,"position_may_be_inaccurate":false}},{"type":"Feature","geometry":{"type":"Point","coordinates":[114.20182,22.54509]},"properties":{"FAC_ID":"C8104","TRAIL_ID":"cty_35","TRAIL_NAME_EN":"ROBIN'S NEST COUNTRY TRAIL","TRAIL_NAME_TC":"紅花嶺郊遊徑","COUNTRY_PARK_EN":"ROBIN'S NEST COUNTRY PARK","COUNTRY_PARK_TC":"紅花嶺郊野公園","UTM_GRID":"KK122958","UTM_ZONE":"50Q","trail_id_corrected_from":null,"position_may_be_inaccurate":false}},{"type":"Feature","geometry":{"type":"Point","coordinates":[114.19806,22.54335]},"properties":{"FAC_ID":"C8105","TRAIL_ID":"cty_35","TRAIL_NAME_EN":"ROBIN'S NEST COUNTRY TRAIL","TRAIL_NAME_TC":"紅花嶺郊遊徑","COUNTRY_PARK_EN":"ROBIN'S NEST COUNTRY PARK","COUNTRY_PARK_TC":"紅花嶺郊野公園","UTM_GRID":"KK118956","UTM_ZONE":"50Q","trail_id_corrected_from":null,"position_may_be_inaccurate":false}},{"type":"Feature","geometry":{"type":"Point","coordinates":[114.19436,22.54256]},"properties":{"FAC_ID":"C8106","TRAIL_ID":"cty_35","TRAIL_NAME_EN":"ROBIN'S NEST COUNTRY TRAIL","TRAIL_NAME_TC":"紅花嶺郊遊徑","COUNTRY_PARK_EN":"ROBIN'S NEST COUNTRY PARK","COUNTRY_PARK_TC":"紅花嶺郊野公園","UTM_GRID":"KK114955","UTM_ZONE":"50Q","trail_id_corrected_from":null,"position_may_be_inaccurate":false}},{"type":"Feature","geometry":{"type":"Point","coordinates":[114.19226,22.53934]},"properties":{"FAC_ID":"C8107","TRAIL_ID":"cty_36","TRAIL_NAME_EN":"LIN MA HANG COUNTRY TRAIL","TRAIL_NAME_TC":"蓮麻坑郊遊徑","COUNTRY_PARK_EN":"ROBIN'S NEST COUNTRY PARK","COUNTRY_PARK_TC":"紅花嶺郊野公園","UTM_GRID":"KK112952","UTM_ZONE":"50Q","trail_id_corrected_from":null,"position_may_be_inaccurate":false}},{"type":"Feature","geometry":{"type":"Point","coordinates":[114.18554,22.55278]},"properties":{"FAC_ID":"C8201","TRAIL_ID":"cty_36","TRAIL_NAME_EN":"LIN MA HANG COUNTRY TRAIL","TRAIL_NAME_TC":"蓮麻坑郊遊徑","COUNTRY_PARK_EN":"Outside Country Park and Special Area","COUNTRY_PARK_TC":"不在郊野公園及特別地區範圍","UTM_GRID":"KK105967","UTM_ZONE":"50Q","trail_id_corrected_from":null,"position_may_be_inaccurate":false}},{"type":"Feature","geometry":{"type":"Point","coordinates":[114.18859,22.55014]},"properties":{"FAC_ID":"C8202","TRAIL_ID":"cty_36","TRAIL_NAME_EN":"LIN MA HANG COUNTRY TRAIL","TRAIL_NAME_TC":"蓮麻坑郊遊徑","COUNTRY_PARK_EN":"ROBIN'S NEST COUNTRY PARK","COUNTRY_PARK_TC":"紅花嶺郊野公園","UTM_GRID":"KK108964","UTM_ZONE":"50Q","trail_id_corrected_from":null,"position_may_be_inaccurate":false}},{"type":"Feature","geometry":{"type":"Point","coordinates":[114.19021,22.54675]},"properties":{"FAC_ID":"C8203","TRAIL_ID":"cty_36","TRAIL_NAME_EN":"LIN MA HANG COUNTRY TRAIL","TRAIL_NAME_TC":"蓮麻坑郊遊徑","COUNTRY_PARK_EN":"ROBIN'S NEST COUNTRY PARK","COUNTRY_PARK_TC":"紅花嶺郊野公園","UTM_GRID":"KK110960","UTM_ZONE":"50Q","trail_id_corrected_from":null,"position_may_be_inaccurate":false}},{"type":"Feature","geometry":{"type":"Point","coordinates":[114.19067,22.5427]},"properties":{"FAC_ID":"C8204","TRAIL_ID":"cty_36","TRAIL_NAME_EN":"LIN MA HANG COUNTRY TRAIL","TRAIL_NAME_TC":"蓮麻坑郊遊徑","COUNTRY_PARK_EN":"ROBIN'S NEST COUNTRY PARK","COUNTRY_PARK_TC":"紅花嶺郊野公園","UTM_GRID":"KK110956","UTM_ZONE":"50Q","trail_id_corrected_from":null,"position_may_be_inaccurate":false}},{"type":"Feature","geometry":{"type":"Point","coordinates":[114.1923,22.53935]},"properties":{"FAC_ID":"C8205","TRAIL_ID":"cty_36","TRAIL_NAME_EN":"LIN MA HANG COUNTRY TRAIL","TRAIL_NAME_TC":"蓮麻坑郊遊徑","COUNTRY_PARK_EN":"ROBIN'S NEST COUNTRY PARK","COUNTRY_PARK_TC":"紅花嶺郊野公園","UTM_GRID":"KK112952","UTM_ZONE":"50Q","trail_id_corrected_from":null,"position_may_be_inaccurate":false}},{"type":"Feature","geometry":{"type":"Point","coordinates":[114.06837,22.39783]},"properties":{"FAC_ID":"BW 1A 02","TRAIL_ID":"mb_17a","TRAIL_NAME_EN":"TIN FU TSAI NORTH MOUNTAIN BIKE TRAIL","TRAIL_NAME_TC":"田夫仔北越野單車徑","COUNTRY_PARK_EN":"TAI LAM COUNTRY PARK","COUNTRY_PARK_TC":"大欖郊野公園","UTM_GRID":"JK981798","UTM_ZONE":"50Q","trail_id_corrected_from":null,"position_may_be_inaccurate":false}},{"type":"Feature","geometry":{"type":"Point","coordinates":[114.07308,22.39677]},"properties":{"FAC_ID":"BW 1A 04","TRAIL_ID":"mb_17a","TRAIL_NAME_EN":"TIN FU TSAI NORTH MOUNTAIN BIKE TRAIL","TRAIL_NAME_TC":"田夫仔北越野單車徑","COUNTRY_PARK_EN":"TAI LAM COUNTRY PARK","COUNTRY_PARK_TC":"大欖郊野公園","UTM_GRID":"JK986796","UTM_ZONE":"50Q","trail_id_corrected_from":null,"position_may_be_inaccurate":false}},{"type":"Feature","geometry":{"type":"Point","coordinates":[114.1036,22.4099]},"properties":{"FAC_ID":"BW 2A 03","TRAIL_ID":"mb_2a","TRAIL_NAME_EN":"HO PUI MOUNTAIN BIKE TRAIL","TRAIL_NAME_TC":"河背越野單車徑","COUNTRY_PARK_EN":"TAI LAM COUNTRY PARK","COUNTRY_PARK_TC":"大欖郊野公園","UTM_GRID":"KK018810","UTM_ZONE":"50Q","trail_id_corrected_from":null,"position_may_be_inaccurate":false}},{"type":"Feature","geometry":{"type":"Point","coordinates":[114.09862,22.40926]},"properties":{"FAC_ID":"BW 2A 06","TRAIL_ID":"mb_2a","TRAIL_NAME_EN":"HO PUI MOUNTAIN BIKE TRAIL","TRAIL_NAME_TC":"河背越野單車徑","COUNTRY_PARK_EN":"TAI LAM COUNTRY PARK","COUNTRY_PARK_TC":"大欖郊野公園","UTM_GRID":"KK012810","UTM_ZONE":"50Q","trail_id_corrected_from":null,"position_may_be_inaccurate":false}},{"type":"Feature","geometry":{"type":"Point","coordinates":[114.09468,22.40435]},"properties":{"FAC_ID":"BW 2A 08","TRAIL_ID":"mb_2a","TRAIL_NAME_EN":"HO PUI MOUNTAIN BIKE TRAIL","TRAIL_NAME_TC":"河背越野單車徑","COUNTRY_PARK_EN":"TAI LAM COUNTRY PARK","COUNTRY_PARK_TC":"大欖郊野公園","UTM_GRID":"KK008804","UTM_ZONE":"50Q","trail_id_corrected_from":null,"position_may_be_inaccurate":false}},{"type":"Feature","geometry":{"type":"Point","coordinates":[114.09307,22.40407]},"properties":{"FAC_ID":"BW 2A 09","TRAIL_ID":"mb_2a","TRAIL_NAME_EN":"HO PUI MOUNTAIN BIKE TRAIL","TRAIL_NAME_TC":"河背越野單車徑","COUNTRY_PARK_EN":"TAI LAM COUNTRY PARK","COUNTRY_PARK_TC":"大欖郊野公園","UTM_GRID":"KK007804","UTM_ZONE":"50Q","trail_id_corrected_from":null,"position_may_be_inaccurate":false}},{"type":"Feature","geometry":{"type":"Point","coordinates":[114.0888,22.40651]},"properties":{"FAC_ID":"BW 2A 11","TRAIL_ID":"mb_2a","TRAIL_NAME_EN":"HO PUI MOUNTAIN BIKE TRAIL","TRAIL_NAME_TC":"河背越野單車徑","COUNTRY_PARK_EN":"TAI LAM COUNTRY PARK","COUNTRY_PARK_TC":"大欖郊野公園","UTM_GRID":"KK002807","UTM_ZONE":"50Q","trail_id_corrected_from":null,"position_may_be_inaccurate":false}},{"type":"Feature","geometry":{"type":"Point","coordinates":[114.08444,22.41081]},"properties":{"FAC_ID":"BW 2A 13","TRAIL_ID":"mb_2a","TRAIL_NAME_EN":"HO PUI MOUNTAIN BIKE TRAIL","TRAIL_NAME_TC":"河背越野單車徑","COUNTRY_PARK_EN":"TAI LAM COUNTRY PARK","COUNTRY_PARK_TC":"大欖郊野公園","UTM_GRID":"JK998812","UTM_ZONE":"50Q","trail_id_corrected_from":null,"position_may_be_inaccurate":false}},{"type":"Feature","geometry":{"type":"Point","coordinates":[114.08098,22.4032]},"properties":{"FAC_ID":"BW 2B 03","TRAIL_ID":"mb_2b","TRAIL_NAME_EN":"HO PUI MOUNTAIN BIKE TRAIL","TRAIL_NAME_TC":"河背越野單車徑","COUNTRY_PARK_EN":"TAI LAM COUNTRY PARK","COUNTRY_PARK_TC":"大欖郊野公園","UTM_GRID":"JK994803","UTM_ZONE":"50Q","trail_id_corrected_from":null,"position_may_be_inaccurate":false}},{"type":"Feature","geometry":{"type":"Point","coordinates":[114.07865,22.40086]},"properties":{"FAC_ID":"BW 2B 04","TRAIL_ID":"mb_2b","TRAIL_NAME_EN":"HO PUI MOUNTAIN BIKE TRAIL","TRAIL_NAME_TC":"河背越野單車徑","COUNTRY_PARK_EN":"TAI LAM COUNTRY PARK","COUNTRY_PARK_TC":"大欖郊野公園","UTM_GRID":"JK992801","UTM_ZONE":"50Q","trail_id_corrected_from":null,"position_may_be_inaccurate":false}},{"type":"Feature","geometry":{"type":"Point","coordinates":[114.07821,22.39895]},"properties":{"FAC_ID":"BW 2B 05","TRAIL_ID":"mb_2b","TRAIL_NAME_EN":"HO PUI MOUNTAIN BIKE TRAIL","TRAIL_NAME_TC":"河背越野單車徑","COUNTRY_PARK_EN":"TAI LAM COUNTRY PARK","COUNTRY_PARK_TC":"大欖郊野公園","UTM_GRID":"JK991799","UTM_ZONE":"50Q","trail_id_corrected_from":null,"position_may_be_inaccurate":false}},{"type":"Feature","geometry":{"type":"Point","coordinates":[114.07335,22.40841]},"properties":{"FAC_ID":"BW 2B 11","TRAIL_ID":"mb_2b","TRAIL_NAME_EN":"HO PUI MOUNTAIN BIKE TRAIL","TRAIL_NAME_TC":"河背越野單車徑","COUNTRY_PARK_EN":"TAI LAM COUNTRY PARK","COUNTRY_PARK_TC":"大欖郊野公園","UTM_GRID":"JK986809","UTM_ZONE":"50Q","trail_id_corrected_from":null,"position_may_be_inaccurate":false}},{"type":"Feature","geometry":{"type":"Point","coordinates":[114.07187,22.41079]},"properties":{"FAC_ID":"BW 2B 12","TRAIL_ID":"mb_2b","TRAIL_NAME_EN":"HO PUI MOUNTAIN BIKE TRAIL","TRAIL_NAME_TC":"河背越野單車徑","COUNTRY_PARK_EN":"TAI LAM COUNTRY PARK","COUNTRY_PARK_TC":"大欖郊野公園","UTM_GRID":"JK985812","UTM_ZONE":"50Q","trail_id_corrected_from":null,"position_may_be_inaccurate":false}},{"type":"Feature","geometry":{"type":"Point","coordinates":[114.06861,22.41188]},"properties":{"FAC_ID":"BW 2B 13","TRAIL_ID":"mb_2b","TRAIL_NAME_EN":"HO PUI MOUNTAIN BIKE TRAIL","TRAIL_NAME_TC":"河背越野單車徑","COUNTRY_PARK_EN":"TAI LAM COUNTRY PARK","COUNTRY_PARK_TC":"大欖郊野公園","UTM_GRID":"JK982813","UTM_ZONE":"50Q","trail_id_corrected_from":null,"position_may_be_inaccurate":false}},{"type":"Feature","geometry":{"type":"Point","coordinates":[114.06072,22.40481]},"properties":{"FAC_ID":"BW 2C 03","TRAIL_ID":"mb_2c","TRAIL_NAME_EN":"HO PUI MOUNTAIN BIKE TRAIL","TRAIL_NAME_TC":"河背越野單車徑","COUNTRY_PARK_EN":"TAI LAM COUNTRY PARK","COUNTRY_PARK_TC":"大欖郊野公園","UTM_GRID":"JK973805","UTM_ZONE":"50Q","trail_id_corrected_from":null,"position_may_be_inaccurate":false}},{"type":"Feature","geometry":{"type":"Point","coordinates":[114.04277,22.39441]},"properties":{"FAC_ID":"BW 3 01","TRAIL_ID":"mb_8","TRAIL_NAME_EN":"TAI LAM CHUNG RESERVOIR MOUNTAIN BIKE TRAIL","TRAIL_NAME_TC":"大欖涌水塘越野單車徑","COUNTRY_PARK_EN":"TAI LAM COUNTRY PARK","COUNTRY_PARK_TC":"大欖郊野公園","UTM_GRID":"JK955794","UTM_ZONE":"50Q","trail_id_corrected_from":null,"position_may_be_inaccurate":false}},{"type":"Feature","geometry":{"type":"Point","coordinates":[114.0397,22.39249]},"properties":{"FAC_ID":"BW 3 02","TRAIL_ID":"mb_8","TRAIL_NAME_EN":"TAI LAM CHUNG RESERVOIR MOUNTAIN BIKE TRAIL","TRAIL_NAME_TC":"大欖涌水塘越野單車徑","COUNTRY_PARK_EN":"TAI LAM COUNTRY PARK","COUNTRY_PARK_TC":"大欖郊野公園","UTM_GRID":"JK951792","UTM_ZONE":"50Q","trail_id_corrected_from":null,"position_may_be_inaccurate":false}},{"type":"Feature","geometry":{"type":"Point","coordinates":[114.01829,22.38246]},"properties":{"FAC_ID":"BW 3 11","TRAIL_ID":"mb_8","TRAIL_NAME_EN":"TAI LAM CHUNG RESERVOIR MOUNTAIN BIKE TRAIL","TRAIL_NAME_TC":"大欖涌水塘越野單車徑","COUNTRY_PARK_EN":"TAI LAM COUNTRY PARK","COUNTRY_PARK_TC":"大欖郊野公園","UTM_GRID":"JK929782","UTM_ZONE":"50Q","trail_id_corrected_from":null,"position_may_be_inaccurate":false}},{"type":"Feature","geometry":{"type":"Point","coordinates":[114.01621,22.37776]},"properties":{"FAC_ID":"BW 3 13","TRAIL_ID":"mb_8","TRAIL_NAME_EN":"TAI LAM CHUNG RESERVOIR MOUNTAIN BIKE TRAIL","TRAIL_NAME_TC":"大欖涌水塘越野單車徑","COUNTRY_PARK_EN":"Outside Country Park and Special Area","COUNTRY_PARK_TC":"不在郊野公園及特別地區範圍","UTM_GRID":"JK927776","UTM_ZONE":"50Q","trail_id_corrected_from":null,"position_may_be_inaccurate":false}},{"type":"Feature","geometry":{"type":"Point","coordinates":[114.17346,22.50402]},"properties":{"FAC_ID":"C2105","TRAIL_ID":"cty_3","TRAIL_NAME_EN":"HOK TAU COUNTRY TRAIL","TRAIL_NAME_TC":"鶴藪郊遊徑","COUNTRY_PARK_EN":"Outside Country Park and Special Area","COUNTRY_PARK_TC":"不在郊野公園及特別地區範圍","UTM_GRID":"KK092913","UTM_ZONE":"50Q","trail_id_corrected_from":null,"position_may_be_inaccurate":false}},{"type":"Feature","geometry":{"type":"Point","coordinates":[114.24924,22.50337]},"properties":{"FAC_ID":"C2702","TRAIL_ID":"cty_33","TRAIL_NAME_EN":"DOUBLE HAVEN COUNTRY TRAIL","TRAIL_NAME_TC":"印洲塘郊遊徑","COUNTRY_PARK_EN":"Excluded Area","COUNTRY_PARK_TC":"不包括地區","UTM_GRID":"KK170911","UTM_ZONE":"50Q","trail_id_corrected_from":null,"position_may_be_inaccurate":false}},{"type":"Feature","geometry":{"type":"Point","coordinates":[113.86717,22.20741]},"properties":{"FAC_ID":"L076","TRAIL_ID":"lt_7","TRAIL_NAME_EN":"LANTAU TRAIL SECTION 7","TRAIL_NAME_TC":"鳳凰徑第七段","COUNTRY_PARK_EN":"LANTAU SOUTH COUNTRY PARK","COUNTRY_PARK_TC":"南大嶼郊野公園","UTM_GRID":"GE956585","UTM_ZONE":"49Q","trail_id_corrected_from":null,"position_may_be_inaccurate":false}},{"type":"Feature","geometry":{"type":"Point","coordinates":[114.11377,22.43905]},"properties":{"FAC_ID":"C8301","TRAIL_ID":"cty_37","TRAIL_NAME_EN":"TAI TO YAN COUNTRY TRAIL","TRAIL_NAME_TC":"大刀屻郊遊徑","COUNTRY_PARK_EN":"LAM TSUEN COUNTRY PARK","COUNTRY_PARK_TC":"林村郊野公園","UTM_GRID":"KK029842","UTM_ZONE":"50Q","trail_id_corrected_from":null,"position_may_be_inaccurate":false}},{"type":"Feature","geometry":{"type":"Point","coordinates":[114.11251,22.44232]},"properties":{"FAC_ID":"C8302","TRAIL_ID":"cty_37","TRAIL_NAME_EN":"TAI TO YAN COUNTRY TRAIL","TRAIL_NAME_TC":"大刀屻郊遊徑","COUNTRY_PARK_EN":"LAM TSUEN COUNTRY PARK","COUNTRY_PARK_TC":"林村郊野公園","UTM_GRID":"KK027846","UTM_ZONE":"50Q","trail_id_corrected_from":null,"position_may_be_inaccurate":false}},{"type":"Feature","geometry":{"type":"Point","coordinates":[114.1135,22.44608]},"properties":{"FAC_ID":"C8303","TRAIL_ID":"cty_37","TRAIL_NAME_EN":"TAI TO YAN COUNTRY TRAIL","TRAIL_NAME_TC":"大刀屻郊遊徑","COUNTRY_PARK_EN":"LAM TSUEN COUNTRY PARK","COUNTRY_PARK_TC":"林村郊野公園","UTM_GRID":"KK029850","UTM_ZONE":"50Q","trail_id_corrected_from":null,"position_may_be_inaccurate":false}},{"type":"Feature","geometry":{"type":"Point","coordinates":[114.11649,22.44966]},"properties":{"FAC_ID":"C8304","TRAIL_ID":"cty_37","TRAIL_NAME_EN":"TAI TO YAN COUNTRY TRAIL","TRAIL_NAME_TC":"大刀屻郊遊徑","COUNTRY_PARK_EN":"LAM TSUEN COUNTRY PARK","COUNTRY_PARK_TC":"林村郊野公園","UTM_GRID":"KK032854","UTM_ZONE":"50Q","trail_id_corrected_from":null,"position_may_be_inaccurate":false}},{"type":"Feature","geometry":{"type":"Point","coordinates":[114.11861,22.45289]},"properties":{"FAC_ID":"C8305","TRAIL_ID":"cty_37","TRAIL_NAME_EN":"TAI TO YAN COUNTRY TRAIL","TRAIL_NAME_TC":"大刀屻郊遊徑","COUNTRY_PARK_EN":"LAM TSUEN COUNTRY PARK","COUNTRY_PARK_TC":"林村郊野公園","UTM_GRID":"KK034858","UTM_ZONE":"50Q","trail_id_corrected_from":null,"position_may_be_inaccurate":false}},{"type":"Feature","geometry":{"type":"Point","coordinates":[114.12179,22.45561]},"properties":{"FAC_ID":"C8306","TRAIL_ID":"cty_37","TRAIL_NAME_EN":"TAI TO YAN COUNTRY TRAIL","TRAIL_NAME_TC":"大刀屻郊遊徑","COUNTRY_PARK_EN":"LAM TSUEN COUNTRY PARK","COUNTRY_PARK_TC":"林村郊野公園","UTM_GRID":"KK037861","UTM_ZONE":"50Q","trail_id_corrected_from":null,"position_may_be_inaccurate":false}},{"type":"Feature","geometry":{"type":"Point","coordinates":[114.12391,22.45954]},"properties":{"FAC_ID":"C8307","TRAIL_ID":"cty_37","TRAIL_NAME_EN":"TAI TO YAN COUNTRY TRAIL","TRAIL_NAME_TC":"大刀屻郊遊徑","COUNTRY_PARK_EN":"LAM TSUEN COUNTRY PARK","COUNTRY_PARK_TC":"林村郊野公園","UTM_GRID":"KK040865","UTM_ZONE":"50Q","trail_id_corrected_from":null,"position_may_be_inaccurate":false}},{"type":"Feature","geometry":{"type":"Point","coordinates":[114.12482,22.46364]},"properties":{"FAC_ID":"C8308","TRAIL_ID":"cty_37","TRAIL_NAME_EN":"TAI TO YAN COUNTRY TRAIL","TRAIL_NAME_TC":"大刀屻郊遊徑","COUNTRY_PARK_EN":"LAM TSUEN COUNTRY PARK","COUNTRY_PARK_TC":"林村郊野公園","UTM_GRID":"KK041869","UTM_ZONE":"50Q","trail_id_corrected_from":null,"position_may_be_inaccurate":false}},{"type":"Feature","geometry":{"type":"Point","coordinates":[114.12786,22.46554]},"properties":{"FAC_ID":"C8309","TRAIL_ID":"cty_37","TRAIL_NAME_EN":"TAI TO YAN COUNTRY TRAIL","TRAIL_NAME_TC":"大刀屻郊遊徑","COUNTRY_PARK_EN":"LAM TSUEN COUNTRY PARK","COUNTRY_PARK_TC":"林村郊野公園","UTM_GRID":"KK044871","UTM_ZONE":"50Q","trail_id_corrected_from":null,"position_may_be_inaccurate":false}},{"type":"Feature","geometry":{"type":"Point","coordinates":[114.12994,22.46807]},"properties":{"FAC_ID":"C8310","TRAIL_ID":"cty_37","TRAIL_NAME_EN":"TAI TO YAN COUNTRY TRAIL","TRAIL_NAME_TC":"大刀屻郊遊徑","COUNTRY_PARK_EN":"LAM TSUEN COUNTRY PARK","COUNTRY_PARK_TC":"林村郊野公園","UTM_GRID":"KK046874","UTM_ZONE":"50Q","trail_id_corrected_from":null,"position_may_be_inaccurate":false}},{"type":"Feature","geometry":{"type":"Point","coordinates":[114.12755,22.47029]},"properties":{"FAC_ID":"C8311","TRAIL_ID":"cty_37","TRAIL_NAME_EN":"TAI TO YAN COUNTRY TRAIL","TRAIL_NAME_TC":"大刀屻郊遊徑","COUNTRY_PARK_EN":"LAM TSUEN COUNTRY PARK","COUNTRY_PARK_TC":"林村郊野公園","UTM_GRID":"KK044877","UTM_ZONE":"50Q","trail_id_corrected_from":null,"position_may_be_inaccurate":false}},{"type":"Feature","geometry":{"type":"Point","coordinates":[114.1253,22.47343]},"properties":{"FAC_ID":"C8312","TRAIL_ID":"cty_37","TRAIL_NAME_EN":"TAI TO YAN COUNTRY TRAIL","TRAIL_NAME_TC":"大刀屻郊遊徑","COUNTRY_PARK_EN":"LAM TSUEN COUNTRY PARK","COUNTRY_PARK_TC":"林村郊野公園","UTM_GRID":"KK041880","UTM_ZONE":"50Q","trail_id_corrected_from":null,"position_may_be_inaccurate":false}}]}