{"type":"FeatureCollection","features":[{"type":"Feature","geometry":{"type":"LineString","coordinates":[[114.11836,22.39014],[114.11846,22.39032],[114.11856,22.39095],[114.11917,22.39128],[114.11967,22.39188],[114.11998,22.39197],[114.12025,22.39247],[114.12096,22.3925],[114.12091,22.39262],[114.1206,22.39286],[114.12061,22.39314],[114.12115,22.39326],[114.12164,22.39396],[114.12225,22.3937],[114.12241,22.39372],[114.12269,22.39478],[114.12296,22.39497],[114.1231,22.3948],[114.12337,22.39484],[114.12363,22.39468],[114.12397,22.3936],[114.12407,22.39357],[114.12451,22.39372],[114.12489,22.3936],[114.12459,22.39332],[114.12435,22.39321],[114.12431,22.39303],[114.12527,22.3917],[114.1254,22.39141],[114.12562,22.39132],[114.12585,22.39108],[114.12648,22.39117],[114.12668,22.39111],[114.12687,22.39114],[114.12705,22.39102],[114.12678,22.39055],[114.1268,22.39021],[114.12665,22.38998],[114.12668,22.38983],[114.12704,22.38973],[114.12789,22.38912],[114.12839,22.38912],[114.12841,22.38857],[114.12871,22.38862],[114.12909,22.38844],[114.12998,22.38858],[114.12999,22.38823],[114.1302,22.38773],[114.13047,22.38785],[114.13064,22.38781],[114.13074,22.3879],[114.13104,22.38765],[114.13117,22.38776],[114.13124,22.38803],[114.13149,22.38783],[114.13175,22.38777],[114.13185,22.38797],[114.1321,22.38813],[114.13217,22.38842],[114.13202,22.38873],[114.13227,22.38872],[114.13237,22.38891],[114.13262,22.38911],[114.13284,22.38905],[114.13297,22.38909],[114.13314,22.38936],[114.13347,22.38904],[114.13385,22.38893],[114.13418,22.38914],[114.13425,22.38899],[114.13438,22.38894],[114.13425,22.38968],[114.13438,22.38994],[114.13495,22.39032],[114.13487,22.3906],[114.13592,22.39078],[114.13603,22.39129],[114.13617,22.39142],[114.13617,22.39152],[114.13642,22.39147],[114.13658,22.39167],[114.13661,22.39183],[114.13648,22.39215],[114.13686,22.39215],[114.13707,22.39207],[114.13735,22.39247],[114.13757,22.39227],[114.13787,22.39219],[114.13824,22.39223],[114.13836,22.39218],[114.1386,22.39198],[114.13863,22.39181],[114.13881,22.3917],[114.13931,22.39178],[114.13981,22.39146],[114.14014,22.39136],[114.14014,22.39093],[114.14027,22.39062],[114.14042,22.38982],[114.1404,22.38953],[114.14053,22.38918],[114.14081,22.38866],[114.14116,22.38861],[114.14144,22.38848],[114.14177,22.38771],[114.14213,22.38759],[114.14263,22.38756],[114.14287,22.38744],[114.14307,22.38758],[114.14336,22.38759],[114.14362,22.3875],[114.14374,22.3874],[114.14378,22.38715],[114.14397,22.38684],[114.14433,22.38669],[114.14449,22.3867]]},"properties":{"TRAIL_ID":"cty_25","TRAIL_NAME_EN":"LUNG MUN COUNTRY TRAIL","TRAIL_NAME_TC":"龍門郊遊徑","SECTION_NO":"0","TYPE_EN":"Country Trail","TYPE_TC":"郊遊徑","DIFFICULTY_EN":"Demanding","DIFFICULTY_TC":"費力","REGION_EN":"West New Territories","REGION_TC":"新界西區","STARTpt_EN":"Chuen Lung","STARTpt_TC":"川龍","FINISHpt_EN":"Pineapple Dam","FINISHpt_TC":"菠蘿壩","WEBSITE":"https://www.hiking.gov.hk/trail/info/id/STlIVWFKdDRmNjRZVUFIM3pyL04rUT09","TEL":"1823","MEASURE_LEN":5000,"name_en":"Lung Mun Country Trail","name_tc":"龍門郊遊徑","parent_id":null,"parent_en":null,"parent_tc":null,"parks_en":["Shing Mun Country Park","Tai Mo Shan Country Park"],"parks_tc":["城門郊野公園","大帽山郊野公園"],"has_distance_posts":true,"mapped_length_m":4944,"length_mismatch":false,"branching":false,"direction_verified_by":"distance_posts","loop":false}},{"type":"Feature","geometry":{"type":"LineString","coordinates":[[114.20712,22.51621],[114.20703,22.51621],[114.20686,22.51644],[114.2068,22.51671],[114.2065,22.51685],[114.20653,22.51661],[114.20618,22.51621],[114.20618,22.51593],[114.20592,22.51579],[114.20559,22.51528],[114.20552,22.5148],[114.2054,22.51463],[114.20577,22.51287],[114.20561,22.51236],[114.20563,22.51225],[114.20546,22.51205],[114.20523,22.51195],[114.20513,22.51177],[114.20485,22.51165],[114.20486,22.51146],[114.20508,22.51126],[114.20483,22.51092],[114.205,22.51045],[114.20458,22.51016],[114.20451,22.51001],[114.20424,22.50989],[114.2037,22.50925],[114.20375,22.50876],[114.20416,22.50836],[114.20422,22.50812],[114.20438,22.50796],[114.20442,22.50771],[114.20457,22.50757],[114.20437,22.50728],[114.20426,22.50691],[114.20386,22.50662],[114.20362,22.50634],[114.20342,22.5063],[114.20323,22.50599],[114.20285,22.50592],[114.20246,22.50641],[114.20222,22.50653],[114.20219,22.50671],[114.20203,22.50688],[114.20154,22.5071],[114.20088,22.50769],[114.20077,22.50786],[114.20088,22.50804],[114.20033,22.50831],[114.2,22.50837],[114.19947,22.50831],[114.19921,22.50835],[114.1981,22.50811],[114.19784,22.50813],[114.19766,22.50794],[114.19743,22.50784],[114.19686,22.50796],[114.19667,22.50793],[114.1963,22.50756],[114.19607,22.5065],[114.19589,22.5062],[114.19599,22.50585],[114.19608,22.50483],[114.19569,22.50443],[114.19554,22.50414],[114.19525,22.50397],[114.19517,22.50383],[114.19519,22.50363],[114.19503,22.50363],[114.19447,22.5033],[114.19446,22.50312],[114.19433,22.50297],[114.19418,22.50243],[114.19424,22.50227],[114.19401,22.50215],[114.19362,22.50152],[114.19333,22.50132],[114.19317,22.50143],[114.19277,22.50141],[114.19252,22.50165],[114.19202,22.50223],[114.19153,22.50302],[114.1913,22.50321],[114.1911,22.50369],[114.19095,22.50386],[114.19096,22.50403],[114.19064,22.50459],[114.19018,22.50477],[114.18992,22.50496],[114.18991,22.50512],[114.18956,22.5053],[114.18959,22.50569],[114.18977,22.50591],[114.18914,22.50627],[114.18919,22.50665],[114.18889,22.50696],[114.18868,22.50776],[114.18832,22.5083],[114.1881,22.50843],[114.18772,22.50889],[114.1876,22.50917],[114.18733,22.50942],[114.18694,22.5096],[114.18657,22.50965],[114.18636,22.50975],[114.1859,22.5103],[114.18542,22.51059],[114.18488,22.51061],[114.18457,22.51044],[114.18413,22.51034],[114.18382,22.51037],[114.18314,22.51016],[114.18282,22.51015],[114.18249,22.50978],[114.18228,22.50968],[114.18209,22.50982],[114.18183,22.51034],[114.18161,22.51055],[114.18147,22.51062],[114.181,22.51063]]},"properties":{"TRAIL_ID":"cty_2","TRAIL_NAME_EN":"NAM CHUNG COUNTRY TRAIL","TRAIL_NAME_TC":"南涌郊遊徑","SECTION_NO":"0","TYPE_EN":"Country Trail","TYPE_TC":"郊遊徑","DIFFICULTY_EN":"Demanding","DIFFICULTY_TC":"費力","REGION_EN":"North New Territories","REGION_TC":"新界北區","STARTpt_EN":"Nam Chung","STARTpt_TC":"南涌","FINISHpt_EN":"Tan Chuk Hang","FINISHpt_TC":"丹竹坑","WEBSITE":"https://www.hiking.gov.hk/trail/info/id/NUVWdXZxR2NuU0Y1OU5pOFloSDBCZz09","TEL":"1823","MEASURE_LEN":5500,"name_en":"Nam Chung Country Trail","name_tc":"南涌郊遊徑","parent_id":null,"parent_en":null,"parent_tc":null,"parks_en":["Pat Sin Leng Country Park"],"parks_tc":["八仙嶺郊野公園"],"has_distance_posts":true,"mapped_length_m":5418,"length_mismatch":false,"branching":false,"direction_verified_by":"distance_posts","loop":false}},{"type":"Feature","geometry":{"type":"LineString","coordinates":[[114.17272,22.50404],[114.1731,22.50422],[114.17251,22.5044],[114.17236,22.50455],[114.17223,22.50449],[114.17211,22.50468],[114.17192,22.5046],[114.17188,22.50474],[114.17147,22.50479],[114.17144,22.50503],[114.17115,22.50543],[114.17131,22.506],[114.17192,22.50639],[114.17244,22.50682],[114.17251,22.50678],[114.17268,22.50684],[114.17364,22.50691],[114.17431,22.5073],[114.17447,22.50744],[114.17467,22.50797],[114.17466,22.50841],[114.17492,22.50873],[114.17558,22.50906],[114.17593,22.50908],[114.17617,22.509],[114.1764,22.50909],[114.17666,22.50951],[114.17693,22.50974],[114.17717,22.50984],[114.17726,22.51001],[114.1775,22.51009],[114.17723,22.50928],[114.1773,22.50881],[114.17703,22.50875],[114.17676,22.50836],[114.17673,22.50793],[114.17692,22.50745],[114.17736,22.50685],[114.17722,22.5064],[114.17726,22.50587],[114.17708,22.50489],[114.17684,22.50477],[114.17663,22.50477],[114.17638,22.50443],[114.17606,22.50435],[114.17584,22.50419],[114.1759,22.50357],[114.17571,22.50324],[114.17348,22.50397],[114.17272,22.50404]]},"properties":{"TRAIL_ID":"cty_3","TRAIL_NAME_EN":"HOK TAU COUNTRY TRAIL","TRAIL_NAME_TC":"鶴藪郊遊徑","SECTION_NO":"0","TYPE_EN":"Country Trail","TYPE_TC":"郊遊徑","DIFFICULTY_EN":"Easy","DIFFICULTY_TC":"易行","REGION_EN":"North New Territories","REGION_TC":"新界北區","STARTpt_EN":"Hok Tau Road","STARTpt_TC":"鶴藪道","FINISHpt_EN":"Hok Tau Road","FINISHpt_TC":"鶴藪道","WEBSITE":"https://www.hiking.gov.hk/trail/info/id/MHQzMHVZSGU5S3dNUEdYdEl1bUFHdz09","TEL":"1823","MEASURE_LEN":2500,"name_en":"Hok Tau Country Trail","name_tc":"鶴藪郊遊徑","parent_id":null,"parent_en":null,"parent_tc":null,"parks_en":["Pat Sin Leng Country Park"],"parks_tc":["八仙嶺郊野公園"],"has_distance_posts":true,"mapped_length_m":2543,"length_mismatch":false,"branching":false,"direction_verified_by":"distance_posts","loop":true}},{"type":"Feature","geometry":{"type":"LineString","coordinates":[[114.05105,22.37005],[114.05102,22.37031],[114.05151,22.37076],[114.05163,22.37104],[114.05182,22.37161],[114.05184,22.37195],[114.05175,22.37211],[114.05165,22.37215],[114.05108,22.37201],[114.05043,22.37171],[114.04973,22.37154],[114.04956,22.37163],[114.04929,22.37195],[114.04932,22.3723],[114.04959,22.37254],[114.05004,22.37322],[114.05018,22.37368],[114.05034,22.37385],[114.05038,22.37411],[114.05024,22.37448],[114.04965,22.37552],[114.04931,22.37588],[114.04908,22.37582],[114.0488,22.37525],[114.04862,22.37506],[114.04731,22.3742],[114.04709,22.37383],[114.04666,22.37335],[114.04656,22.37285],[114.04636,22.37283],[114.04601,22.37309],[114.04536,22.37292],[114.04493,22.3727],[114.04481,22.37229],[114.04454,22.37245],[114.04403,22.37299],[114.04377,22.37352],[114.04351,22.37382],[114.04341,22.3743],[114.04291,22.37449],[114.04256,22.37448],[114.04232,22.37463],[114.04209,22.37466],[114.04113,22.3745],[114.04054,22.37479],[114.04029,22.37505],[114.04013,22.37511],[114.0394,22.37504],[114.03904,22.37517],[114.03851,22.37503],[114.0384,22.37521],[114.03847,22.37542],[114.03814,22.37547],[114.038,22.37594],[114.03774,22.37601],[114.03779,22.37641],[114.03764,22.37674],[114.0373,22.37708],[114.03723,22.37728],[114.03725,22.37774],[114.03741,22.37814],[114.03822,22.37881],[114.03827,22.37893],[114.03858,22.37901],[114.03867,22.37918],[114.03888,22.37933],[114.03897,22.37959],[114.03924,22.37991],[114.03926,22.38008],[114.03918,22.38029],[114.03938,22.38054],[114.03935,22.38079],[114.0391,22.38092],[114.03903,22.38113],[114.03881,22.38118],[114.03906,22.38119],[114.03943,22.38106],[114.04003,22.38106],[114.03995,22.38151],[114.04008,22.38186],[114.04044,22.38167],[114.0407,22.38196],[114.04107,22.38186],[114.04127,22.38189],[114.04145,22.38204],[114.04179,22.38201],[114.0423,22.3815],[114.04247,22.38152],[114.04271,22.38172],[114.04282,22.38173],[114.04275,22.38135],[114.04315,22.38119],[114.04324,22.38121],[114.04317,22.3814],[114.04328,22.38154],[114.04341,22.38159],[114.04372,22.38153],[114.04392,22.3817],[114.04414,22.38179],[114.04417,22.38143],[114.04402,22.38125],[114.04422,22.38127],[114.04446,22.38119],[114.04482,22.38133],[114.04495,22.38105],[114.04531,22.38099],[114.04532,22.38077],[114.04556,22.38097],[114.04592,22.38054],[114.04615,22.38045],[114.04652,22.38008],[114.04677,22.38043],[114.04651,22.38087],[114.04636,22.38128],[114.04638,22.38142],[114.04651,22.38153],[114.04659,22.38195],[114.04705,22.3817],[114.04723,22.38088],[114.04742,22.3808],[114.04744,22.38132],[114.04752,22.38139],[114.04767,22.38137],[114.04762,22.38177],[114.04719,22.38243],[114.04722,22.38276],[114.04732,22.3829],[114.04727,22.38309],[114.04735,22.38322],[114.04784,22.3831],[114.04815,22.38334],[114.04845,22.38338],[114.04868,22.38351],[114.04867,22.38369],[114.04839,22.38394],[114.04833,22.38412],[114.04847,22.38424],[114.04867,22.38423],[114.0489,22.38438],[114.04888,22.38455],[114.04899,22.38464],[114.04886,22.38486],[114.04885,22.38511],[114.04863,22.38547],[114.04805,22.38555],[114.0478,22.38603],[114.0474,22.38601],[114.04727,22.38652],[114.04737,22.38668],[114.04725,22.38694],[114.04764,22.38695],[114.04788,22.38684],[114.048,22.38653],[114.04854,22.38639],[114.0492,22.38597],[114.04966,22.3855],[114.05004,22.38528],[114.05018,22.38536],[114.0502,22.386],[114.04999,22.38668],[114.04985,22.38674],[114.04965,22.38739],[114.04987,22.38778],[114.04962,22.38786],[114.04956,22.38802],[114.04942,22.3881],[114.04943,22.38829],[114.04909,22.38908],[114.04912,22.38914],[114.04995,22.38899],[114.0501,22.38879],[114.05049,22.38917],[114.0503,22.3896],[114.05037,22.38971],[114.05053,22.38975],[114.05064,22.38995],[114.05052,22.39005],[114.05011,22.3897],[114.04997,22.38968],[114.04932,22.39004],[114.04926,22.39024],[114.049,22.39025],[114.04887,22.39039],[114.04845,22.39052],[114.04793,22.39086],[114.04787,22.39113],[114.04799,22.39138],[114.04781,22.39164],[114.04786,22.39182],[114.0478,22.39238],[114.04793,22.39241],[114.04815,22.39219],[114.04836,22.39219],[114.04865,22.39194],[114.0489,22.39231],[114.04965,22.39212],[114.04969,22.39217],[114.0495,22.39265],[114.04899,22.39308],[114.04811,22.39352],[114.04801,22.39378],[114.04776,22.39397],[114.04735,22.39453],[114.04726,22.39478],[114.0467,22.39509],[114.04676,22.39516],[114.04747,22.39527],[114.04772,22.39576],[114.04774,22.39603],[114.04792,22.39632],[114.04779,22.39669],[114.04797,22.39696],[114.04821,22.39773],[114.0482,22.39794],[114.04801,22.39831]]},"properties":{"TRAIL_ID":"cty_4","TRAIL_NAME_EN":"YUEN TUN COUNTRY TRAIL","TRAIL_NAME_TC":"圓墩郊遊徑","SECTION_NO":"0","TYPE_EN":"Country Trail","TYPE_TC":"郊遊徑","DIFFICULTY_EN":"Demanding","DIFFICULTY_TC":"費力","REGION_EN":"West New Territories","REGION_TC":"新界西區","STARTpt_EN":"Tsing Lung Tau","STARTpt_TC":"青龍頭","FINISHpt_EN":"Kat Hing Bridge","FINISHpt_TC":"吉慶橋","WEBSITE":"https://www.hiking.gov.hk/trail/info/id/RlZDWHhKMGtQZzBqL2l0eGRaajl2dz09","TEL":"1823","MEASURE_LEN":9000,"name_en":"Yuen Tun Country Trail","name_tc":"圓墩郊遊徑","parent_id":null,"parent_en":null,"parent_tc":null,"parks_en":["Tai Lam Country Park"],"parks_tc":["大欖郊野公園"],"has_distance_posts":true,"mapped_length_m":9109,"length_mismatch":false,"branching":false,"direction_verified_by":"distance_posts","loop":false}},{"type":"Feature","geometry":{"type":"LineString","coordinates":[[114.16929,22.49616],[114.16944,22.49622],[114.16974,22.49597],[114.16996,22.49561],[114.17047,22.49546],[114.17068,22.49526],[114.17081,22.49495],[114.17068,22.49459],[114.17097,22.49414],[114.17102,22.49372],[114.17131,22.49363],[114.17147,22.49366],[114.17177,22.49341],[114.17219,22.49326],[114.17258,22.493],[114.17287,22.49296],[114.17299,22.49278],[114.17302,22.49229],[114.17339,22.49195],[114.17407,22.49204],[114.17424,22.49214],[114.17442,22.49208],[114.17486,22.49064],[114.17471,22.49053],[114.17497,22.49035],[114.17467,22.49018],[114.17427,22.48908],[114.17388,22.48889],[114.17377,22.48874],[114.17369,22.48824],[114.17316,22.48783],[114.17282,22.48768],[114.17239,22.487],[114.17238,22.48692],[114.1725,22.4868],[114.17243,22.48669],[114.17247,22.48646],[114.17216,22.4863],[114.17214,22.48606],[114.17198,22.48595],[114.17207,22.4851],[114.17184,22.4845],[114.17198,22.48413],[114.17178,22.48394],[114.17146,22.48432],[114.17068,22.48465],[114.16965,22.48466],[114.16964,22.48504],[114.17007,22.48519],[114.17012,22.48526],[114.16978,22.48547],[114.16978,22.48573],[114.16939,22.48626],[114.16931,22.48659],[114.1689,22.48694],[114.16847,22.48643],[114.16804,22.48642],[114.16763,22.48624],[114.16719,22.48619],[114.167,22.48608],[114.16639,22.4861],[114.16606,22.48578],[114.16544,22.4856],[114.16497,22.48576],[114.16481,22.48599],[114.16443,22.48595],[114.1641,22.48599],[114.16409,22.48605],[114.1646,22.48652],[114.1648,22.48707],[114.16508,22.4873],[114.16548,22.48745],[114.16562,22.48776],[114.16569,22.48825],[114.16615,22.48922],[114.16632,22.4894],[114.16637,22.48996],[114.16667,22.49036],[114.16658,22.49056],[114.16721,22.49121],[114.16739,22.49213],[114.16797,22.49287],[114.16817,22.49336],[114.16837,22.49338],[114.1688,22.49394],[114.16916,22.49465],[114.16936,22.49488],[114.16949,22.49526],[114.16925,22.49573],[114.16929,22.49616]]},"properties":{"TRAIL_ID":"cty_5","TRAIL_NAME_EN":"LAU SHUI HEUNG COUNTRY TRAIL","TRAIL_NAME_TC":"流水響郊遊徑","SECTION_NO":"0","TYPE_EN":"Country Trail","TYPE_TC":"郊遊徑","DIFFICULTY_EN":"Demanding","DIFFICULTY_TC":"費力","REGION_EN":"North New Territories","REGION_TC":"新界北區","STARTpt_EN":"Lau Shui Heung Reservoir","STARTpt_TC":"流水響水塘","FINISHpt_EN":"Lau Shui Heung Reservoir","FINISHpt_TC":"流水響水塘","WEBSITE":"https://www.hiking.gov.hk/trail/info/id/U2ZUQWFtNks2Rjh6a1grT0tGR3p5UT09","TEL":"1823","MEASURE_LEN":4400,"name_en":"Lau Shui Heung Country Trail","name_tc":"流水響郊遊徑","parent_id":null,"parent_en":null,"parent_tc":null,"parks_en":["Pat Sin Leng Country Park"],"parks_tc":["八仙嶺郊野公園"],"has_distance_posts":true,"mapped_length_m":4504,"length_mismatch":false,"branching":false,"direction_verified_by":"distance_posts","loop":true}},{"type":"Feature","geometry":{"type":"LineString","coordinates":[[114.24027,22.25587],[114.2404,22.25598],[114.24144,22.2556],[114.24167,22.25566],[114.24213,22.25559],[114.2425,22.25539],[114.24265,22.25538],[114.24274,22.25524],[114.24261,22.25511],[114.2427,22.25479],[114.24289,22.25452],[114.24307,22.25446],[114.24342,22.25412],[114.24364,22.25412],[114.24396,22.25396],[114.24409,22.25363],[114.2445,22.25349],[114.24486,22.25362],[114.24514,22.25363],[114.24532,22.25349],[114.24563,22.25351],[114.24576,22.2534],[114.24651,22.25332],[114.24678,22.25347],[114.24695,22.25333],[114.24746,22.2534],[114.24794,22.25298],[114.24829,22.25293],[114.24882,22.25302],[114.24957,22.25333],[114.24988,22.25337],[114.25012,22.25374],[114.2507,22.25405],[114.2508,22.25423],[114.25078,22.25443],[114.25092,22.25521],[114.25128,22.25577],[114.2513,22.25647],[114.25146,22.25667],[114.25165,22.25677]]},"properties":{"TRAIL_ID":"cty_6","TRAIL_NAME_EN":"POTTINGER PEAK COUNTRY TRAIL","TRAIL_NAME_TC":"砵甸乍山郊遊徑","SECTION_NO":"0","TYPE_EN":"Country Trail","TYPE_TC":"郊遊徑","DIFFICULTY_EN":"Moderate","DIFFICULTY_TC":"普通","REGION_EN":"Hong Kong Island","REGION_TC":"香港島","STARTpt_EN":"Shek O Ma Tong Au","STARTpt_TC":"石澳馬塘坳","FINISHpt_EN":"Cape Collinson Road","FINISHpt_TC":"歌連臣角道","WEBSITE":"https://www.hiking.gov.hk/trail/info/id/WTlaMHl6akpNYk9BRGViczlXaFZhQT09","TEL":"1823","MEASURE_LEN":1900,"name_en":"Pottinger Peak Country Trail","name_tc":"砵甸乍山郊遊徑","parent_id":null,"parent_en":null,"parent_tc":null,"parks_en":["Shek O Country Park"],"parks_tc":["石澳郊野公園"],"has_distance_posts":true,"mapped_length_m":1677,"length_mismatch":true,"branching":false,"direction_verified_by":"distance_posts","loop":false}},{"type":"Feature","geometry":{"type":"LineString","coordinates":[[114.32626,22.43955],[114.32648,22.43923],[114.32647,22.43852],[114.32658,22.43828],[114.32735,22.43787],[114.32788,22.43811],[114.32821,22.43854],[114.32864,22.43893],[114.32928,22.4403],[114.33029,22.44081],[114.33084,22.4405],[114.33104,22.44018],[114.33107,22.43997],[114.33139,22.43965],[114.33238,22.43986],[114.33246,22.43995],[114.33253,22.4399],[114.33284,22.44016],[114.33297,22.44047],[114.33316,22.44045],[114.3334,22.44065],[114.33362,22.44056],[114.33389,22.441],[114.33429,22.4412],[114.33443,22.44144],[114.33457,22.44151],[114.33499,22.44122],[114.335,22.44097],[114.33513,22.44091],[114.33534,22.44094],[114.33555,22.44118],[114.33597,22.44109],[114.33664,22.44111],[114.33684,22.44119],[114.33708,22.44105],[114.33723,22.44068],[114.33743,22.44047],[114.33795,22.44055],[114.33806,22.44034],[114.33818,22.44043],[114.33871,22.44052],[114.33896,22.44068],[114.33903,22.44114],[114.33949,22.442],[114.33968,22.44202],[114.3402,22.4419],[114.34033,22.44199],[114.3405,22.44239],[114.3405,22.44261],[114.34082,22.44328],[114.34094,22.44384],[114.34111,22.444],[114.34108,22.44437],[114.34117,22.44448],[114.34103,22.4447],[114.34125,22.44501],[114.34127,22.44542],[114.3412,22.44552],[114.34115,22.446],[114.34102,22.44643],[114.34082,22.4467],[114.34058,22.44678],[114.34037,22.44699],[114.3399,22.44707],[114.33945,22.44724],[114.33904,22.44768],[114.33823,22.44793],[114.33796,22.44811],[114.33773,22.44845],[114.33791,22.44875],[114.33798,22.44903],[114.33789,22.44917],[114.33817,22.44969],[114.33815,22.44989],[114.33825,22.45026],[114.3382,22.45073],[114.33807,22.45103],[114.33751,22.4516],[114.33676,22.45184],[114.3365,22.45145],[114.33625,22.45139],[114.33567,22.45105],[114.33562,22.45144],[114.33575,22.45185],[114.33559,22.45201],[114.33551,22.45257],[114.33535,22.45283],[114.33523,22.45295],[114.33478,22.45305],[114.33452,22.45338],[114.33379,22.4534],[114.33336,22.45435],[114.33336,22.45444],[114.33368,22.4545],[114.33383,22.45461],[114.33417,22.45505],[114.33438,22.45512],[114.33455,22.45504],[114.33486,22.45507],[114.33498,22.45523],[114.33534,22.4554],[114.33567,22.45613],[114.33571,22.45641],[114.33625,22.45673],[114.33661,22.45674],[114.33654,22.45753],[114.33661,22.45778],[114.33673,22.45788],[114.33673,22.45821],[114.33714,22.45842],[114.33719,22.45829],[114.3374,22.45853],[114.3378,22.45881],[114.33791,22.45895],[114.33798,22.45926],[114.33823,22.45951],[114.3383,22.45997],[114.33819,22.46064],[114.33794,22.46119],[114.33788,22.46168],[114.33765,22.4624],[114.33747,22.4627],[114.33738,22.46272],[114.33727,22.46239],[114.33697,22.46249],[114.33672,22.46236],[114.33614,22.46173],[114.33534,22.46235],[114.33481,22.46213],[114.33461,22.46191],[114.33444,22.46194],[114.33426,22.46181],[114.33404,22.46182],[114.33387,22.46158],[114.33333,22.4614],[114.33314,22.46148],[114.33298,22.46167],[114.33283,22.46207],[114.3327,22.46219],[114.33268,22.46252],[114.33279,22.4629],[114.33267,22.46341],[114.33224,22.46368],[114.33168,22.46371],[114.33143,22.46345],[114.33115,22.46331],[114.33084,22.46293],[114.33064,22.46205],[114.33039,22.46168],[114.32965,22.46122],[114.32932,22.46111],[114.3292,22.46101],[114.32913,22.46072],[114.32896,22.46064]]},"properties":{"TRAIL_ID":"cty_7","TRAIL_NAME_EN":"TAI TAN COUNTRY TRAIL","TRAIL_NAME_TC":"大灘郊遊徑","SECTION_NO":"0","TYPE_EN":"Country Trail","TYPE_TC":"郊遊徑","DIFFICULTY_EN":"Moderate","DIFFICULTY_TC":"普通","REGION_EN":"Sai Kung","REGION_TC":"西貢","STARTpt_EN":"Hau Tong Kai","STARTpt_TC":"猴塘溪","FINISHpt_EN":"Hoi Ha Village","FINISHpt_TC":"海下村","WEBSITE":"https://www.hiking.gov.hk/trail/info/id/ZzhaM011eEwyWkZuWVoyUjJ0aUdMUT09","TEL":"1823","MEASURE_LEN":7200,"name_en":"Tai Tan Country Trail","name_tc":"大灘郊遊徑","parent_id":null,"parent_en":null,"parent_tc":null,"parks_en":["Sai Kung West Country Park"],"parks_tc":["西貢西郊野公園"],"has_distance_posts":true,"mapped_length_m":7063,"length_mismatch":false,"branching":false,"direction_verified_by":"distance_posts","loop":false}},{"type":"Feature","geometry":{"type":"LineString","coordinates":[[114.302,22.29166],[114.30208,22.29188],[114.302,22.29198],[114.30197,22.29273],[114.30213,22.29303],[114.30209,22.29345],[114.30248,22.29382],[114.30231,22.29459],[114.30236,22.29507],[114.30264,22.29559],[114.30223,22.29629],[114.3022,22.2965],[114.30232,22.29659],[114.30228,22.29695],[114.30254,22.29719],[114.3034,22.2977],[114.30398,22.29817],[114.30416,22.29826],[114.30444,22.29814],[114.3045,22.29823],[114.30457,22.2982],[114.30487,22.2988],[114.30488,22.29908],[114.30504,22.29921],[114.30496,22.29934],[114.30477,22.30047],[114.30483,22.30055],[114.3047,22.30109],[114.30443,22.30147],[114.30399,22.30188],[114.30377,22.3024],[114.30383,22.30257],[114.30371,22.30288],[114.30379,22.30365],[114.30348,22.30399],[114.30331,22.30445],[114.30278,22.30514],[114.3026,22.30574],[114.30263,22.30585],[114.30247,22.30604],[114.30252,22.30623],[114.30242,22.30654],[114.30213,22.30692],[114.30224,22.30789],[114.30246,22.30802],[114.30245,22.30842],[114.30297,22.3084],[114.30268,22.30858],[114.30242,22.30905]]},"properties":{"TRAIL_ID":"cty_8","TRAIL_NAME_EN":"LUNG HA WAN COUNTRY TRAIL","TRAIL_NAME_TC":"龍蝦灣郊遊徑","SECTION_NO":"0","TYPE_EN":"Country Trail","TYPE_TC":"郊遊徑","DIFFICULTY_EN":"Moderate","DIFFICULTY_TC":"普通","REGION_EN":"Sai Kung","REGION_TC":"西貢","STARTpt_EN":"Tai Hang Tun","STARTpt_TC":"大坑墩","FINISHpt_EN":"Lung Ha Wan","FINISHpt_TC":"龍蝦灣","WEBSITE":"https://www.hiking.gov.hk/trail/info/id/YXpGRThNNHNZeXB4dHppcmphemc3QT09","TEL":"1823","MEASURE_LEN":2500,"name_en":"Lung Ha Wan Country Trail","name_tc":"龍蝦灣郊遊徑","parent_id":null,"parent_en":null,"parent_tc":null,"parks_en":["Clear Water Bay Country Park"],"parks_tc":["清水灣郊野公園"],"has_distance_posts":true,"mapped_length_m":2418,"length_mismatch":false,"branching":false,"direction_verified_by":"distance_posts","loop":false}},{"type":"Feature","geometry":{"type":"LineString","coordinates":[[114.32603,22.43655],[114.32582,22.43661],[114.32588,22.43667],[114.32571,22.43688],[114.32571,22.43705],[114.32551,22.43738],[114.32517,22.43769],[114.32432,22.43763],[114.32395,22.43731],[114.32347,22.43706],[114.32232,22.43705],[114.32206,22.43693],[114.32176,22.43696],[114.3213,22.4368],[114.32067,22.43671],[114.31984,22.4371],[114.31941,22.4372],[114.31927,22.43709],[114.31905,22.43645],[114.31876,22.43617],[114.31856,22.43608],[114.31842,22.43567],[114.31782,22.43532],[114.31741,22.43529],[114.31703,22.435],[114.31697,22.4347],[114.31708,22.4343],[114.31697,22.43407],[114.31679,22.43406],[114.31637,22.43419],[114.31606,22.43416],[114.31588,22.43403],[114.3154,22.4332],[114.31512,22.43299],[114.31474,22.433],[114.31469,22.43253],[114.31478,22.43225],[114.31441,22.43185],[114.31425,22.43177],[114.31421,22.43156],[114.31431,22.43131],[114.31428,22.43066],[114.31435,22.43037],[114.31395,22.43025],[114.31327,22.42916],[114.31262,22.42872],[114.31244,22.42853],[114.31193,22.42849],[114.31118,22.42862],[114.31092,22.42852],[114.3107,22.42867],[114.31034,22.42864],[114.30999,22.42872],[114.30973,22.4286],[114.30871,22.42859],[114.30821,22.4284],[114.30744,22.4286],[114.30695,22.42855],[114.30589,22.42887],[114.30554,22.42917],[114.30504,22.42934],[114.30451,22.42936],[114.30422,22.42951],[114.304,22.42953],[114.30385,22.42934],[114.30371,22.42967],[114.30354,22.42982],[114.30335,22.42985],[114.30335,22.42979],[114.30322,22.42977],[114.30332,22.42957],[114.30296,22.42967],[114.30269,22.42964],[114.30219,22.42924],[114.30158,22.42909],[114.30116,22.42882],[114.30071,22.42879],[114.29936,22.42894],[114.29895,22.42879],[114.2982,22.42867],[114.29773,22.42836],[114.29702,22.42811],[114.29673,22.42783],[114.29617,22.42753],[114.29604,22.42758],[114.29587,22.4275],[114.29437,22.4274],[114.29418,22.42731]]},"properties":{"TRAIL_ID":"cty_9","TRAIL_NAME_EN":"CHEUNG SHEUNG COUNTRY TRAIL","TRAIL_NAME_TC":"嶂上郊遊徑","SECTION_NO":"0","TYPE_EN":"Country Trail","TYPE_TC":"郊遊徑","DIFFICULTY_EN":"Demanding","DIFFICULTY_TC":"費力","REGION_EN":"Sai Kung","REGION_TC":"西貢","STARTpt_EN":"Hoi Ha Road","STARTpt_TC":"海下路","FINISHpt_EN":"Yung Shue O","FINISHpt_TC":"榕樹澳","WEBSITE":"https://www.hiking.gov.hk/trail/info/id/aEVHbmRZbkJYL3FvR0EvVUNRRWFSZz09","TEL":"1823","MEASURE_LEN":4500,"name_en":"Cheung Sheung Country Trail","name_tc":"嶂上郊遊徑","parent_id":null,"parent_en":null,"parent_tc":null,"parks_en":["Sai Kung West Country Park"],"parks_tc":["西貢西郊野公園"],"has_distance_posts":true,"mapped_length_m":4371,"length_mismatch":false,"branching":false,"direction_verified_by":"distance_posts","loop":false}},{"type":"Feature","geometry":{"type":"LineString","coordinates":[[114.35966,22.39556],[114.36,22.39609],[114.3599,22.39664],[114.3598,22.39672],[114.3598,22.39686],[114.35967,22.39696],[114.35962,22.39783],[114.35904,22.39806],[114.359,22.39833],[114.3587,22.39887],[114.35831,22.39929],[114.35815,22.39937],[114.35812,22.39952],[114.35827,22.39983],[114.35806,22.40047],[114.3581,22.40059],[114.35866,22.40096],[114.35886,22.40134],[114.35887,22.4015],[114.35931,22.40162],[114.35895,22.40198],[114.35896,22.40212],[114.35864,22.40233],[114.35857,22.40246],[114.35836,22.40255],[114.35825,22.40234],[114.35802,22.4024],[114.35804,22.40253],[114.35761,22.40302],[114.35761,22.40313],[114.35664,22.4041],[114.35632,22.40527],[114.35578,22.40558],[114.35539,22.40598],[114.3548,22.40581],[114.35414,22.40603],[114.35337,22.40597],[114.35277,22.40581],[114.35238,22.40585],[114.35202,22.40605],[114.35116,22.40611],[114.3508,22.4063],[114.35061,22.40663],[114.35071,22.407],[114.35062,22.40715],[114.35034,22.40709],[114.34984,22.40743],[114.34908,22.40754],[114.34841,22.40779],[114.34789,22.40783],[114.34763,22.40797],[114.34631,22.40805],[114.34553,22.40845],[114.34393,22.40869],[114.34328,22.40863],[114.34305,22.40842],[114.3425,22.40828],[114.3421,22.40829],[114.34179,22.40838],[114.34141,22.40831],[114.34117,22.40813],[114.34084,22.40819],[114.3406,22.40813],[114.34015,22.40829],[114.33944,22.40807],[114.33882,22.408],[114.33806,22.40821],[114.3378,22.40816],[114.33747,22.40821],[114.33737,22.40833],[114.33721,22.40832],[114.33718,22.40846],[114.33701,22.40862],[114.33665,22.4084],[114.33588,22.40837],[114.33548,22.4086],[114.33484,22.40913],[114.33459,22.40905],[114.33447,22.40912],[114.33433,22.40909],[114.33383,22.40923],[114.33359,22.40922],[114.33296,22.40964],[114.33271,22.41002],[114.33212,22.40986],[114.33204,22.40969],[114.33211,22.4096],[114.33176,22.40947],[114.33168,22.40949],[114.33158,22.40974],[114.33146,22.40979],[114.33106,22.40976],[114.33091,22.40965],[114.33063,22.40973],[114.32985,22.40907],[114.32956,22.409],[114.32923,22.40904],[114.32881,22.40868],[114.3285,22.40814],[114.32812,22.40798],[114.32769,22.40762],[114.3275,22.40763],[114.32702,22.40715],[114.32662,22.40698],[114.32643,22.4067],[114.32594,22.40646],[114.32579,22.40614]]},"properties":{"TRAIL_ID":"cty_10","TRAIL_NAME_EN":"LUK WU COUNTRY TRAIL","TRAIL_NAME_TC":"鹿湖郊遊徑","SECTION_NO":"0","TYPE_EN":"Country Trail","TYPE_TC":"郊遊徑","DIFFICULTY_EN":"Demanding","DIFFICULTY_TC":"費力","REGION_EN":"Sai Kung","REGION_TC":"西貢","STARTpt_EN":"Sai Kung Sai Wan Road","STARTpt_TC":"西貢西灣路","FINISHpt_EN":"Pak Tam Road Yee Ting","FINISHpt_TC":"北潭路怡庭","WEBSITE":"https://www.hiking.gov.hk/trail/info/id/cTdXUHRZbytJbUo0eEtTNVNMT3I0dz09","TEL":"1823","MEASURE_LEN":5400,"name_en":"Luk Wu Country Trail","name_tc":"鹿湖郊遊徑","parent_id":null,"parent_en":null,"parent_tc":null,"parks_en":["Sai Kung East Country Park"],"parks_tc":["西貢東郊野公園"],"has_distance_posts":true,"mapped_length_m":5265,"length_mismatch":false,"branching":false,"direction_verified_by":"distance_posts","loop":false}},{"type":"Feature","geometry":{"type":"LineString","coordinates":[[114.33112,22.41939],[114.33138,22.41929],[114.33166,22.41889],[114.33211,22.41871],[114.33215,22.41837],[114.33224,22.41821],[114.33177,22.41793],[114.33168,22.41769],[114.33139,22.41752],[114.33119,22.41728],[114.33117,22.41695],[114.33136,22.41652],[114.33091,22.4159],[114.33082,22.41538],[114.33038,22.41504],[114.33021,22.41456],[114.33034,22.4141],[114.33037,22.41351],[114.33061,22.41319],[114.33051,22.41296],[114.3305,22.41258],[114.33035,22.41268],[114.33018,22.41268],[114.33001,22.41257],[114.32972,22.41255],[114.32988,22.41228],[114.32978,22.41213],[114.32984,22.41179],[114.32957,22.41153],[114.32912,22.41071],[114.32894,22.41064],[114.32876,22.41044],[114.32865,22.40995],[114.32807,22.4096],[114.32784,22.40927],[114.32759,22.40858],[114.32769,22.40843],[114.32766,22.40814],[114.32736,22.40752],[114.32702,22.40715],[114.32662,22.40698],[114.32643,22.4067],[114.32594,22.40646],[114.32579,22.40614]]},"properties":{"TRAIL_ID":"cty_11","TRAIL_NAME_EN":"PAK TAM COUNTRY TRAIL","TRAIL_NAME_TC":"北潭郊遊徑","SECTION_NO":"0","TYPE_EN":"Country Trail","TYPE_TC":"郊遊徑","DIFFICULTY_EN":"Easy","DIFFICULTY_TC":"易行","REGION_EN":"Sai Kung","REGION_TC":"西貢","STARTpt_EN":"Pak Tam Au","STARTpt_TC":"北潭坳","FINISHpt_EN":"Pak Tam Road Yee Ting","FINISHpt_TC":"北潭路怡庭","WEBSITE":"https://www.hiking.gov.hk/trail/info/id/SUYvb0pkOWZMdWFTak5BWWJvK3RLQT09","TEL":"1823","MEASURE_LEN":2000,"name_en":"Pak Tam Country Trail","name_tc":"北潭郊遊徑","parent_id":null,"parent_en":null,"parent_tc":null,"parks_en":["Sai Kung East Country Park"],"parks_tc":["西貢東郊野公園"],"has_distance_posts":true,"mapped_length_m":1941,"length_mismatch":false,"branching":false,"direction_verified_by":"distance_posts","loop":false}},{"type":"Feature","geometry":{"type":"LineString","coordinates":[[114.32208,22.39106],[114.322,22.39084],[114.32199,22.39042],[114.32208,22.39028],[114.32194,22.38973],[114.32214,22.38914],[114.32207,22.38892],[114.3224,22.38883],[114.32253,22.38864],[114.32255,22.38845],[114.32269,22.38825],[114.32278,22.38765],[114.32291,22.38746],[114.32298,22.38672],[114.32334,22.38598],[114.32419,22.38571],[114.32555,22.38599],[114.3263,22.38599],[114.32668,22.38616],[114.32715,22.38625],[114.32773,22.38663],[114.32786,22.38651],[114.32812,22.38649],[114.3283,22.38633],[114.32786,22.3861],[114.32783,22.38588],[114.32768,22.38568],[114.32748,22.38559],[114.32729,22.38527],[114.32733,22.3851],[114.32723,22.38482],[114.3269,22.38473],[114.32657,22.38452],[114.32671,22.38412],[114.3266,22.38389],[114.32669,22.38367],[114.32657,22.38324],[114.32662,22.38289],[114.32652,22.38284],[114.32651,22.38266],[114.32643,22.38261],[114.32694,22.38208],[114.32731,22.38143],[114.32849,22.38123],[114.32878,22.38109],[114.32882,22.38096],[114.32938,22.38067],[114.32958,22.38068],[114.32968,22.38088],[114.33009,22.38094],[114.33014,22.38071],[114.33037,22.38047],[114.33061,22.38057],[114.33071,22.38072],[114.33103,22.38068],[114.33123,22.38092],[114.33152,22.38076],[114.33173,22.3805],[114.33187,22.38012],[114.33202,22.38],[114.33232,22.38014],[114.33263,22.38001],[114.33275,22.38005],[114.33309,22.38081],[114.33308,22.38091],[114.33274,22.38111],[114.33305,22.38114],[114.33343,22.38132],[114.33355,22.38143],[114.33357,22.38164],[114.33389,22.38111],[114.33421,22.38099],[114.33561,22.38138]]},"properties":{"TRAIL_ID":"cty_12","TRAIL_NAME_EN":"SHEUNG YIU COUNTRY TRAIL","TRAIL_NAME_TC":"上窰郊遊徑","SECTION_NO":"0","TYPE_EN":"Country Trail","TYPE_TC":"郊遊徑","DIFFICULTY_EN":"Moderate","DIFFICULTY_TC":"普通","REGION_EN":"Sai Kung","REGION_TC":"西貢","STARTpt_EN":"Sheung Yiu","STARTpt_TC":"上窰","FINISHpt_EN":"Sai Kung Man Yee Road","FINISHpt_TC":"西貢萬宜路","WEBSITE":"https://www.hiking.gov.hk/trail/info/id/cG9Hc1Z4bTEzN3ZkZ1p6VExnTWFhdz09","TEL":"1823","MEASURE_LEN":3200,"name_en":"Sheung Yiu Country Trail","name_tc":"上窰郊遊徑","parent_id":null,"parent_en":null,"parent_tc":null,"parks_en":["Sai Kung East Country Park"],"parks_tc":["西貢東郊野公園"],"has_distance_posts":true,"mapped_length_m":3155,"length_mismatch":false,"branching":false,"direction_verified_by":"distance_posts","loop":false}},{"type":"Feature","geometry":{"type":"LineString","coordinates":[[114.28195,22.31621],[114.2818,22.31627],[114.28129,22.31599],[114.28147,22.31514],[114.28157,22.31507],[114.2818,22.31508],[114.28195,22.31485],[114.28202,22.3145],[114.2819,22.31421],[114.28158,22.31405],[114.28126,22.31353],[114.28103,22.31344],[114.28111,22.31304],[114.28126,22.31282],[114.28114,22.31244],[114.28119,22.31215],[114.28081,22.31151],[114.28074,22.31116],[114.28074,22.31047],[114.28105,22.30959],[114.28099,22.30886],[114.28151,22.30831],[114.28172,22.30771],[114.2819,22.3074],[114.28185,22.30712],[114.28149,22.30657],[114.28141,22.30547],[114.28097,22.30379],[114.28119,22.30254],[114.2811,22.30218],[114.28131,22.30149],[114.28103,22.30107],[114.28118,22.30057],[114.28107,22.30034],[114.28109,22.30009],[114.28094,22.29919],[114.281,22.29889],[114.2812,22.29873],[114.28118,22.29838],[114.28138,22.29805],[114.28207,22.29769],[114.28258,22.29769],[114.28276,22.2974],[114.2831,22.29715],[114.28332,22.29709],[114.28347,22.29683],[114.28339,22.29652],[114.28361,22.29601],[114.28359,22.29573],[114.28377,22.29525],[114.28387,22.29449],[114.28401,22.29438],[114.28403,22.29415],[114.28423,22.29378],[114.28466,22.29341],[114.28486,22.29296],[114.28461,22.29224],[114.28449,22.29161],[114.28432,22.29146],[114.28425,22.29124],[114.28401,22.29103],[114.28384,22.29069],[114.2836,22.29052],[114.28318,22.29001],[114.28309,22.28978],[114.28258,22.28933],[114.28243,22.28872],[114.28225,22.28844],[114.28237,22.28827],[114.28232,22.28804],[114.28272,22.28772],[114.28276,22.28752],[114.2827,22.28728],[114.28293,22.28717],[114.28303,22.28703],[114.28346,22.28699],[114.28335,22.28643],[114.28351,22.28602],[114.2835,22.28581],[114.2837,22.28542],[114.284,22.2854],[114.28444,22.28515],[114.28467,22.28461],[114.2849,22.28453],[114.28505,22.28424],[114.28529,22.28399],[114.28561,22.28305],[114.28553,22.28234],[114.28567,22.2819],[114.2855,22.28163],[114.28565,22.2814],[114.2854,22.28099],[114.28541,22.28069],[114.28566,22.28028],[114.28551,22.2801],[114.2851,22.28],[114.28478,22.27964],[114.28463,22.27924],[114.2845,22.2792],[114.28445,22.27906],[114.28443,22.27878],[114.28465,22.27864],[114.2848,22.27834],[114.28515,22.27826],[114.28533,22.27815],[114.2855,22.27779],[114.28593,22.27745],[114.28614,22.27686],[114.28623,22.27626],[114.2862,22.27584],[114.28635,22.27555],[114.28657,22.27535],[114.28687,22.27522],[114.28737,22.27475],[114.28829,22.27432],[114.28901,22.27361],[114.28927,22.27354],[114.28925,22.27337],[114.28953,22.27328],[114.28951,22.2732],[114.28976,22.27308],[114.28991,22.27282],[114.28987,22.27276],[114.28998,22.27265],[114.28988,22.27259],[114.28988,22.2725],[114.28978,22.27247],[114.28989,22.2724],[114.28986,22.27224],[114.29003,22.2722],[114.2901,22.27207],[114.29015,22.27195],[114.29008,22.27187],[114.29023,22.27162],[114.29106,22.27195],[114.29132,22.27196]]},"properties":{"TRAIL_ID":"cty_13","TRAIL_NAME_EN":"HIGH JUNK PEAK COUNTRY TRAIL","TRAIL_NAME_TC":"釣魚翁郊遊徑","SECTION_NO":"0","TYPE_EN":"Country Trail","TYPE_TC":"郊遊徑","DIFFICULTY_EN":"Demanding","DIFFICULTY_TC":"費力","REGION_EN":"Sai Kung","REGION_TC":"西貢","STARTpt_EN":"Ng Fai Tin","STARTpt_TC":"五塊田","FINISHpt_EN":"Tai Miu Au","FINISHpt_TC":"大廟坳","WEBSITE":"https://www.hiking.gov.hk/trail/info/id/SzAxekR1U1dCNytYL3U3NW9PWnVWQT09","TEL":"1823","MEASURE_LEN":6500,"name_en":"High Junk Peak Country Trail","name_tc":"釣魚翁郊遊徑","parent_id":null,"parent_en":null,"parent_tc":null,"parks_en":["Clear Water Bay Country Park"],"parks_tc":["清水灣郊野公園"],"has_distance_posts":true,"mapped_length_m":6353,"length_mismatch":false,"branching":false,"direction_verified_by":"distance_posts","loop":false}},{"type":"Feature","geometry":{"type":"LineString","coordinates":[[114.23637,22.40858],[114.23682,22.40819],[114.237,22.40748],[114.23789,22.40623],[114.23816,22.40567],[114.23912,22.40535],[114.2394,22.40507],[114.23947,22.40454],[114.23961,22.40433],[114.23966,22.40406],[114.23989,22.40383],[114.24051,22.40364],[114.24199,22.40364],[114.24229,22.40348],[114.24321,22.40332],[114.24392,22.40305],[114.24452,22.40314],[114.24455,22.40302],[114.24442,22.40294],[114.24366,22.40291],[114.24354,22.40287],[114.24353,22.40276],[114.24401,22.40239],[114.24455,22.40234],[114.24531,22.40137],[114.24574,22.40103],[114.2463,22.40075],[114.24632,22.40057],[114.24656,22.4002],[114.24663,22.40014],[114.24679,22.40017],[114.2467,22.40004],[114.24719,22.39989],[114.24737,22.39943],[114.24768,22.39916],[114.24771,22.39894],[114.24793,22.39876],[114.24858,22.39769],[114.24864,22.39748],[114.24857,22.39714],[114.2487,22.3965],[114.24899,22.39587],[114.24955,22.39542],[114.24998,22.39518],[114.25031,22.39517],[114.25047,22.39504],[114.25079,22.39506],[114.251,22.39498],[114.25124,22.39462],[114.25185,22.39427],[114.25203,22.39382],[114.25206,22.39262],[114.25219,22.39231],[114.25217,22.39194],[114.25227,22.39146],[114.25195,22.39013],[114.2513,22.38973],[114.25132,22.38954],[114.2517,22.38921],[114.25184,22.38878],[114.25204,22.3885],[114.25232,22.3884],[114.25249,22.38842],[114.25266,22.38831],[114.25308,22.38829],[114.25335,22.38797],[114.25395,22.38754],[114.25429,22.38742],[114.25456,22.38717],[114.25468,22.38695],[114.25468,22.38677],[114.25506,22.38644],[114.25531,22.38638],[114.25565,22.38648],[114.25585,22.3866],[114.25596,22.38683],[114.25626,22.3868],[114.25703,22.38642],[114.25742,22.38586],[114.25781,22.38573],[114.25803,22.38543],[114.25842,22.38544],[114.25862,22.38533],[114.259,22.3853],[114.25934,22.38536],[114.25942,22.38546],[114.25959,22.38549],[114.25999,22.3852],[114.26066,22.3856],[114.26092,22.38554]]},"properties":{"TRAIL_ID":"cty_14","TRAIL_NAME_EN":"MA ON SHAN COUNTRY TRAIL","TRAIL_NAME_TC":"馬鞍山郊遊徑","SECTION_NO":"0","TYPE_EN":"Country Trail","TYPE_TC":"郊遊徑","DIFFICULTY_EN":"Demanding","DIFFICULTY_TC":"費力","REGION_EN":"Central New Territories","REGION_TC":"新界中區","STARTpt_EN":"Ma On Shan Barbecue Area","STARTpt_TC":"馬鞍山燒烤場","FINISHpt_EN":"Tai Shui Tseng","FINISHpt_TC":"大水井","WEBSITE":"https://www.hiking.gov.hk/trail/info/id/QThMbWJpZ010MlZRYkFlMzU5UXY0QT09","TEL":"1823","MEASURE_LEN":4700,"name_en":"Ma On Shan Country Trail","name_tc":"馬鞍山郊遊徑","parent_id":null,"parent_en":null,"parent_tc":null,"parks_en":["Ma On Shan Country Park"],"parks_tc":["馬鞍山郊野公園"],"has_distance_posts":true,"mapped_length_m":4635,"length_mismatch":false,"branching":false,"direction_verified_by":"distance_posts","loop":false}},{"type":"Feature","geometry":{"type":"LineString","coordinates":[[113.98774,22.23848],[113.98738,22.23806],[113.9871,22.23792],[113.98725,22.23734],[113.98709,22.23723],[113.98681,22.23717],[113.98682,22.23699],[113.98709,22.23663],[113.98698,22.23621],[113.98687,22.23622],[113.98667,22.23639],[113.98628,22.23637],[113.98611,22.23624],[113.98567,22.23627],[113.9857,22.236],[113.98597,22.2359],[113.9861,22.23577],[113.98597,22.23535],[113.98567,22.23507],[113.98531,22.23507],[113.98507,22.23541],[113.98464,22.23551],[113.98448,22.23532],[113.9846,22.23511],[113.98456,22.23494],[113.98428,22.23488],[113.98406,22.23438],[113.98393,22.23433],[113.98377,22.2344],[113.98366,22.23422],[113.98347,22.23409],[113.98269,22.23385],[113.98244,22.23332],[113.9825,22.23306],[113.98246,22.23293],[113.98224,22.23287],[113.98196,22.23264],[113.98173,22.2322],[113.98162,22.23122],[113.98175,22.23106],[113.98168,22.23082],[113.98181,22.23061],[113.98176,22.23026],[113.98188,22.23017],[113.98165,22.23002],[113.98157,22.22987],[113.98158,22.2296],[113.98169,22.22953],[113.98119,22.22918],[113.98107,22.22896],[113.98088,22.22899],[113.98075,22.22885],[113.98053,22.22884],[113.98045,22.22877],[113.98085,22.2281],[113.98173,22.22748],[113.98208,22.22751],[113.98238,22.22739],[113.98262,22.22741],[113.98274,22.22724],[113.98266,22.22702],[113.98269,22.22666],[113.98281,22.22648],[113.98347,22.22649],[113.98374,22.22638],[113.98456,22.22663],[113.98493,22.22657],[113.98558,22.22675],[113.986,22.22662],[113.98624,22.22675],[113.98658,22.22681],[113.98651,22.22622],[113.9866,22.22601],[113.98653,22.22586],[113.98689,22.2255],[113.98695,22.2252],[113.98723,22.22515],[113.98718,22.22493],[113.98689,22.22471],[113.98685,22.22437],[113.98641,22.22406],[113.98619,22.22374],[113.98624,22.22349],[113.98599,22.22315],[113.98583,22.22273],[113.98583,22.2225],[113.98596,22.22227],[113.98546,22.22217],[113.98504,22.22174],[113.98518,22.22156],[113.98503,22.22109],[113.98495,22.22039],[113.98509,22.2202],[113.98482,22.21999],[113.98486,22.21968],[113.98472,22.21966],[113.9844,22.21988],[113.98421,22.22018],[113.98395,22.22037],[113.98376,22.22036],[113.98363,22.22021],[113.98358,22.21997],[113.98299,22.21922],[113.98273,22.21869],[113.98178,22.21774],[113.9822,22.21722],[113.9826,22.2171],[113.9833,22.21735],[113.98361,22.21727],[113.98403,22.21697],[113.98436,22.21686],[113.98502,22.21714],[113.98521,22.21733],[113.98523,22.21749],[113.98535,22.21761],[113.986,22.21774],[113.98615,22.21802],[113.9864,22.21811],[113.98646,22.21824],[113.98657,22.21826],[113.98664,22.21847],[113.98719,22.21841],[113.98806,22.21886],[113.98834,22.21868],[113.98849,22.21845],[113.98877,22.21855],[113.98896,22.21871],[113.98917,22.21916],[113.98954,22.21947],[113.98984,22.21942],[113.99012,22.21916],[113.99039,22.21927],[113.99065,22.21913],[113.99085,22.2192],[113.99125,22.21915],[113.99178,22.21929],[113.99186,22.21953],[113.9918,22.21968],[113.99158,22.21976],[113.9913,22.21969],[113.99108,22.22023],[113.9909,22.22028],[113.99074,22.22022],[113.99051,22.22034],[113.99077,22.2206],[113.99063,22.22079],[113.99076,22.221],[113.99075,22.22118],[113.99107,22.22135],[113.99137,22.22126],[113.99153,22.22153],[113.99175,22.22153],[113.99186,22.22164],[113.99187,22.22196],[113.9918,22.22206],[113.99105,22.22246],[113.99116,22.22273],[113.991,22.22314],[113.99137,22.22314],[113.99205,22.22329],[113.99233,22.22318],[113.99275,22.22325],[113.99321,22.22319],[113.99337,22.22324],[113.99336,22.22335],[113.99311,22.22352],[113.99277,22.22417],[113.9937,22.22442],[113.99378,22.22479],[113.99365,22.22511],[113.99391,22.22549],[113.99418,22.22545],[113.99433,22.22513],[113.99458,22.22499],[113.99468,22.22501],[113.99488,22.22532],[113.99509,22.22534],[113.99554,22.22478],[113.99522,22.2245],[113.99502,22.22416],[113.99502,22.22404],[113.99527,22.22397],[113.99582,22.22401],[113.996,22.22392],[113.99627,22.22354],[113.99631,22.22323],[113.9964,22.22321],[113.99692,22.2235],[113.99675,22.224],[113.997,22.22408],[113.99725,22.22453],[113.99737,22.22439],[113.99781,22.22445],[113.99782,22.22471],[113.99761,22.22485],[113.99746,22.2252],[113.99708,22.22551],[113.99725,22.22649],[113.99739,22.22653],[113.99798,22.22649],[113.99845,22.22681],[113.99867,22.22671],[113.99892,22.22691],[113.99955,22.22703],[114.00006,22.22683],[114.00021,22.22685],[114.00036,22.22699],[114.00056,22.22694],[114.00061,22.2268],[114.00083,22.22672],[114.00106,22.22738],[114.00103,22.22765],[114.00124,22.22777],[114.00153,22.22774],[114.00166,22.22785],[114.0018,22.22767],[114.00209,22.22762],[114.00219,22.22751],[114.00168,22.227],[114.00168,22.22678],[114.00193,22.22659],[114.00195,22.22644],[114.00163,22.22618],[114.00163,22.22594],[114.00169,22.22586],[114.00215,22.22587],[114.00218,22.22576],[114.00214,22.22565],[114.00192,22.22552],[114.0018,22.22518],[114.00156,22.22511],[114.00139,22.22486],[114.0014,22.22459],[114.00116,22.22422],[114.00111,22.22317],[114.00117,22.22309],[114.00133,22.22307],[114.00177,22.22354],[114.0023,22.22366],[114.00232,22.22349],[114.00222,22.22335],[114.00251,22.22327],[114.00268,22.22332],[114.00295,22.22287],[114.00242,22.2225],[114.00245,22.22217],[114.00228,22.22184],[114.00188,22.22155],[114.00174,22.22128],[114.00161,22.22069],[114.0015,22.22052],[114.00163,22.22007],[114.0013,22.21964],[114.00166,22.21866],[114.00152,22.21854],[114.00154,22.21845],[114.00199,22.21831],[114.00216,22.21853],[114.00236,22.21861],[114.00259,22.21909],[114.00278,22.21922],[114.00286,22.21948],[114.00309,22.21953],[114.00349,22.21993],[114.00351,22.2202],[114.00362,22.22038],[114.00417,22.22036],[114.00449,22.22043],[114.00504,22.22084],[114.00536,22.22087],[114.00565,22.2211],[114.00582,22.22113],[114.00622,22.22161],[114.00661,22.22154],[114.00715,22.22166],[114.0072,22.22219],[114.00743,22.22261],[114.00769,22.22274],[114.00791,22.22299],[114.00787,22.22317],[114.00827,22.22423],[114.00794,22.22449],[114.00794,22.22461],[114.00815,22.22491],[114.00804,22.22511],[114.00826,22.22537],[114.00854,22.22542],[114.00865,22.22574],[114.00893,22.22597],[114.00901,22.22627],[114.00862,22.22628],[114.00854,22.22638],[114.00865,22.22653],[114.00865,22.22673],[114.00807,22.22686],[114.00792,22.22707],[114.00759,22.2273],[114.00722,22.22776],[114.00715,22.22796],[114.00682,22.22808],[114.00677,22.2284],[114.00667,22.22853],[114.0067,22.22868],[114.00648,22.22914],[114.006,22.22931],[114.00578,22.22931],[114.00596,22.22972],[114.00615,22.2299],[114.00626,22.23028],[114.00592,22.23055],[114.00559,22.2305],[114.00494,22.23015],[114.00446,22.23019],[114.00402,22.22971],[114.00374,22.22954],[114.00342,22.22916],[114.00309,22.22913],[114.00295,22.22887],[114.00256,22.2289],[114.00198,22.22845],[114.00184,22.2285],[114.00189,22.22887],[114.00161,22.22902],[114.00139,22.22953],[114.00153,22.22991],[114.00122,22.23046],[114.00108,22.23043],[114.0009,22.2302],[114.00059,22.23023],[114.00016,22.23012],[114.0001,22.22984],[113.99999,22.22981],[113.99931,22.23015],[113.999,22.23012],[113.99797,22.23025],[113.998,22.23036],[113.99855,22.23052],[113.99868,22.23062],[113.99879,22.23114],[113.99907,22.23119],[113.99922,22.23132],[113.99955,22.23189],[113.99999,22.23203],[113.99998,22.23246],[113.99978,22.23276],[113.99998,22.23344],[113.99993,22.23356],[113.99936,22.23395],[113.99925,22.23412],[113.99905,22.23399],[113.99901,22.23376],[113.99909,22.2335],[113.99882,22.23316],[113.99855,22.23307],[113.9982,22.23309],[113.99804,22.23299],[113.99761,22.233],[113.99734,22.23282],[113.99739,22.23266],[113.99729,22.23252],[113.99726,22.23223],[113.99667,22.23188],[113.99657,22.2316],[113.99654,22.23098],[113.99582,22.23036],[113.99574,22.23001],[113.99516,22.22893],[113.99484,22.22867],[113.99407,22.22781],[113.99381,22.22704],[113.99325,22.22682],[113.99283,22.22693],[113.99273,22.22704],[113.99269,22.22754],[113.99255,22.22771],[113.99233,22.22719],[113.99212,22.22707],[113.9921,22.22687],[113.99187,22.2266],[113.99162,22.22652],[113.99137,22.22629],[113.9912,22.22632],[113.99077,22.22668],[113.99054,22.22712],[113.99022,22.22751],[113.98979,22.22763],[113.98924,22.22816],[113.98916,22.22854],[113.98874,22.22917],[113.98833,22.22915],[113.98791,22.2294],[113.98778,22.22941],[113.98774,22.22932],[113.98731,22.2291],[113.98684,22.22908],[113.98584,22.22931],[113.98537,22.22928],[113.98487,22.22947],[113.98447,22.23019],[113.98469,22.23087],[113.98482,22.23094],[113.98485,22.23105],[113.98496,22.23106],[113.98498,22.23121],[113.98515,22.23135],[113.98513,22.23148],[113.98581,22.23204],[113.98612,22.23248],[113.98636,22.23252],[113.98678,22.23282],[113.98726,22.23375],[113.98753,22.23408],[113.98761,22.23438],[113.98818,22.23479],[113.98814,22.23489],[113.98775,22.23503],[113.98729,22.23626],[113.98742,22.23647],[113.9873,22.2368],[113.98732,22.23693],[113.98754,22.23718],[113.98796,22.23793],[113.98792,22.23801],[113.98769,22.23804],[113.98783,22.23841],[113.98774,22.23848]]},"properties":{"TRAIL_ID":"cty_15","TRAIL_NAME_EN":"CHI MA WAN COUNTRY TRAIL","TRAIL_NAME_TC":"芝麻灣郊遊徑","SECTION_NO":"0","TYPE_EN":"Country Trail","TYPE_TC":"郊遊徑","DIFFICULTY_EN":"Very Difficult","DIFFICULTY_TC":"非常難行","REGION_EN":"Lantau Island","REGION_TC":"大嶼山","STARTpt_EN":"Shap Long Campsite","STARTpt_TC":"十塱營地","FINISHpt_EN":"Shap Long Campsite","FINISHpt_TC":"十塱營地","WEBSITE":"https://www.hiking.gov.hk/trail/info/id/ZDU4aERwb1FhczExTUxFNk9YOU5TUT09","TEL":"1823","MEASURE_LEN":18500,"name_en":"Chi Ma Wan Country Trail","name_tc":"芝麻灣郊遊徑","parent_id":null,"parent_en":null,"parent_tc":null,"parks_en":["Lantau South Country Park"],"parks_tc":["南大嶼郊野公園"],"has_distance_posts":true,"mapped_length_m":17842,"length_mismatch":false,"branching":false,"direction_verified_by":"distance_posts","loop":true}},{"type":"Feature","geometry":{"type":"LineString","coordinates":[[113.95095,22.27202],[113.95106,22.27153],[113.95103,22.27128],[113.95115,22.27118],[113.95138,22.2707],[113.95151,22.27062],[113.95156,22.27025],[113.95168,22.27024],[113.95186,22.27003],[113.95206,22.2701],[113.95227,22.26998],[113.95252,22.26966],[113.95279,22.26956],[113.95301,22.26902],[113.953,22.2687],[113.9531,22.26866],[113.9532,22.26841],[113.95321,22.26801],[113.95275,22.26735],[113.95274,22.26667],[113.95261,22.26616],[113.95277,22.26585],[113.95268,22.26546],[113.95278,22.26524],[113.95326,22.26469],[113.9533,22.26447],[113.95346,22.26439],[113.95351,22.26398],[113.95363,22.26389],[113.95376,22.26356],[113.95378,22.26331],[113.95402,22.26316],[113.95397,22.26285],[113.95411,22.26268],[113.95418,22.26232],[113.95436,22.26217],[113.95453,22.26223],[113.95465,22.26215],[113.95491,22.26175],[113.95566,22.26151],[113.95592,22.26127],[113.95649,22.26122],[113.95682,22.26102],[113.95707,22.26104],[113.95757,22.26085],[113.95773,22.26057],[113.95865,22.26004],[113.96019,22.25978],[113.96091,22.26027],[113.96129,22.26009],[113.96162,22.26013]]},"properties":{"TRAIL_ID":"cty_17","TRAIL_NAME_EN":"WONG LUNG HANG COUNTRY TRAIL","TRAIL_NAME_TC":"黃龍坑郊遊徑","SECTION_NO":"0","TYPE_EN":"Country Trail","TYPE_TC":"郊遊徑","DIFFICULTY_EN":"Demanding","DIFFICULTY_TC":"費力","REGION_EN":"Lantau Island","REGION_TC":"大嶼山","STARTpt_EN":"Wong Lung Hang Road","STARTpt_TC":"黃龍坑道","FINISHpt_EN":"Sheung Tung Au","FINISHpt_TC":"雙東坳","WEBSITE":"https://www.hiking.gov.hk/trail/info/id/OEMxQmNSNHUrVjBDV0xOMHJtYURldz09","TEL":"1823","MEASURE_LEN":2300,"name_en":"Wong Lung Hang Country Trail","name_tc":"黃龍坑郊遊徑","parent_id":null,"parent_en":null,"parent_tc":null,"parks_en":["Lantau North Country Park"],"parks_tc":["北大嶼郊野公園"],"has_distance_posts":true,"mapped_length_m":2238,"length_mismatch":false,"branching":false,"direction_verified_by":"distance_posts","loop":false}},{"type":"Feature","geometry":{"type":"LineString","coordinates":[[113.985,22.25687],[113.98482,22.25695],[113.98457,22.25688],[113.98427,22.25708],[113.98413,22.25732],[113.98388,22.25732],[113.98376,22.25743],[113.98364,22.25771],[113.98336,22.25783],[113.98323,22.25807],[113.98296,22.25796],[113.9827,22.25804],[113.9825,22.25783],[113.98249,22.25774],[113.98275,22.25754],[113.98265,22.25723],[113.98192,22.25714],[113.98127,22.25731],[113.98113,22.25725],[113.98111,22.25704],[113.98102,22.25698],[113.98086,22.25706],[113.98083,22.25741],[113.98058,22.2574],[113.98058,22.25759],[113.98041,22.25766],[113.98036,22.25782],[113.98014,22.25801],[113.97992,22.25798],[113.97966,22.25825],[113.97947,22.2583],[113.97913,22.25856],[113.97896,22.25854],[113.97884,22.25837],[113.97848,22.25842],[113.97804,22.25862],[113.97795,22.25859],[113.97784,22.25832],[113.97749,22.25831],[113.97749,22.25813],[113.9774,22.2581],[113.97725,22.25781],[113.97707,22.25771],[113.9763,22.258],[113.97608,22.25798],[113.97607,22.25763],[113.97585,22.25737],[113.97557,22.25744],[113.9755,22.25738],[113.97526,22.25696],[113.97522,22.25662],[113.9748,22.25647],[113.97454,22.25661],[113.97426,22.25652],[113.97429,22.25601],[113.97446,22.25588],[113.97464,22.25509],[113.97438,22.25485],[113.97435,22.25471],[113.9742,22.25467],[113.97421,22.25452],[113.97412,22.25436],[113.97379,22.25424],[113.97374,22.25406],[113.97379,22.25387],[113.97359,22.25361],[113.97327,22.25346],[113.97297,22.25318],[113.97267,22.25329],[113.97234,22.25329],[113.97223,22.25274],[113.97182,22.25234],[113.97154,22.25231],[113.97138,22.25249],[113.97108,22.25258],[113.97083,22.2523],[113.97083,22.25193],[113.97059,22.25173],[113.97029,22.25169],[113.97012,22.25173],[113.96984,22.25147],[113.96937,22.25135],[113.96904,22.25113],[113.96833,22.251],[113.96829,22.2509],[113.96844,22.25068],[113.96855,22.25032],[113.96828,22.25019],[113.96804,22.24981],[113.9678,22.24983],[113.96751,22.24969],[113.96736,22.24949],[113.96705,22.2496],[113.96702,22.24972],[113.96668,22.24964],[113.96646,22.24986],[113.96626,22.24964],[113.96599,22.24967],[113.96572,22.24983],[113.96568,22.24974],[113.96552,22.24966],[113.96547,22.24952],[113.96445,22.24954],[113.96398,22.25016],[113.96402,22.25044],[113.96396,22.25058],[113.96412,22.25087],[113.9639,22.25104],[113.96398,22.25129],[113.96386,22.25141],[113.96385,22.25166],[113.96375,22.25179],[113.9632,22.25191],[113.96309,22.25181],[113.9629,22.2518],[113.96277,22.25158],[113.96234,22.25145],[113.96193,22.25161],[113.96187,22.25144],[113.96162,22.25118],[113.96144,22.25067],[113.96096,22.25069],[113.96084,22.25047],[113.96034,22.25069],[113.96008,22.25054],[113.9598,22.25001],[113.95917,22.24996],[113.95892,22.24966],[113.959,22.24898],[113.95863,22.24895],[113.95854,22.24883],[113.95835,22.24885],[113.95818,22.24874],[113.95797,22.24879],[113.95775,22.24861],[113.95721,22.24877],[113.95702,22.24877],[113.95687,22.24889],[113.95682,22.24882],[113.95653,22.24878],[113.95649,22.24864],[113.9562,22.24863],[113.95603,22.24844],[113.95578,22.24843],[113.95559,22.24854],[113.95561,22.24788],[113.95551,22.24779],[113.9554,22.24746],[113.95528,22.24745],[113.95511,22.24718],[113.95491,22.24709],[113.95486,22.24691],[113.9541,22.24653],[113.9537,22.24653],[113.95303,22.24611],[113.95268,22.24577],[113.95264,22.2455],[113.9528,22.24527],[113.95256,22.24491],[113.95305,22.24496],[113.95322,22.24477],[113.95326,22.2445],[113.95295,22.24407],[113.95256,22.24392],[113.95235,22.24392],[113.95186,22.24413],[113.95143,22.24408],[113.95107,22.24392],[113.95074,22.244],[113.95039,22.24397],[113.95018,22.24436],[113.95018,22.24465],[113.94962,22.24513],[113.94966,22.24543],[113.94947,22.24571],[113.9494,22.24615],[113.94899,22.24628],[113.94877,22.24624],[113.94841,22.24647],[113.94799,22.2465],[113.94798,22.24672],[113.94833,22.24706],[113.94831,22.24764],[113.94821,22.24787],[113.94806,22.2479],[113.94774,22.24777],[113.94607,22.24743],[113.94581,22.24754],[113.94563,22.24778],[113.94543,22.24789],[113.94456,22.24793],[113.94437,22.24809],[113.94413,22.24814],[113.94387,22.24833],[113.9437,22.24831],[113.9435,22.24843],[113.9431,22.24849],[113.94327,22.24824],[113.94325,22.24817],[113.94293,22.24847],[113.94287,22.24843],[113.9431,22.24816],[113.94286,22.2483],[113.94267,22.24778],[113.9427,22.24766],[113.94245,22.24757],[113.94202,22.24728],[113.94246,22.24665],[113.94245,22.24653],[113.94229,22.2464],[113.94236,22.24612],[113.94229,22.24589],[113.94196,22.24583],[113.94173,22.24564],[113.94131,22.24559],[113.94122,22.2457],[113.94093,22.24578],[113.94068,22.24559],[113.94041,22.24551],[113.94001,22.2456],[113.93969,22.24542],[113.93984,22.24514],[113.93972,22.24491],[113.93997,22.24474],[113.93991,22.24449],[113.94003,22.2443],[113.93984,22.24413],[113.93978,22.24395],[113.93987,22.24386],[113.93972,22.24356],[113.94046,22.24296],[113.94057,22.24271],[113.94049,22.24232],[113.94058,22.24218],[113.94085,22.24201],[113.94095,22.24165],[113.94011,22.24076],[113.93988,22.24037],[113.93947,22.24002],[113.93918,22.23958],[113.93902,22.23951],[113.93897,22.2393],[113.93851,22.23901],[113.93807,22.23849],[113.938,22.23832],[113.93815,22.23802],[113.93803,22.23766],[113.93781,22.23742],[113.9373,22.23727],[113.93698,22.23731],[113.93675,22.23715],[113.93663,22.23684],[113.93626,22.2366],[113.93547,22.2366],[113.93493,22.23695],[113.9347,22.23677],[113.93436,22.23666],[113.934,22.23606],[113.9339,22.236],[113.93353,22.23597],[113.93334,22.23587],[113.9333,22.23564],[113.9332,22.23556],[113.93311,22.2353],[113.93211,22.23414],[113.93195,22.23346],[113.9317,22.23314],[113.93177,22.23294],[113.93148,22.23275],[113.93112,22.23264],[113.93102,22.23247],[113.93101,22.23228],[113.93132,22.23189]]},"properties":{"TRAIL_ID":"cty_18","TRAIL_NAME_EN":"SOUTH LANTAU COUNTRY TRAIL","TRAIL_NAME_TC":"南大嶼郊遊徑","SECTION_NO":"0","TYPE_EN":"Country Trail","TYPE_TC":"郊遊徑","DIFFICULTY_EN":"Difficult","DIFFICULTY_TC":"難行","REGION_EN":"Lantau Island","REGION_TC":"大嶼山","STARTpt_EN":"Nam Shan","STARTpt_TC":"南山","FINISHpt_EN":"Tong Fuk catchwater","FINISHpt_TC":"塘福引水道","WEBSITE":"https://www.hiking.gov.hk/trail/info/id/VkxUMG1za3hybXBtOEFJZ0h1VUltQT09","TEL":"1823","MEASURE_LEN":10300,"name_en":"South Lantau Country Trail","name_tc":"南大嶼郊遊徑","parent_id":null,"parent_en":null,"parent_tc":null,"parks_en":["Lantau South Country Park"],"parks_tc":["南大嶼郊野公園"],"has_distance_posts":true,"mapped_length_m":10341,"length_mismatch":false,"branching":false,"direction_verified_by":"distance_posts","loop":false}},{"type":"Feature","geometry":{"type":"LineString","coordinates":[[113.86848,22.20861],[113.86808,22.20835],[113.8676,22.20835],[113.86751,22.20839],[113.86734,22.20874],[113.86679,22.20883],[113.86657,22.20902],[113.86603,22.21001],[113.86605,22.21034],[113.86619,22.21072],[113.866,22.2114],[113.86592,22.21208],[113.86547,22.21242],[113.86527,22.21279],[113.86492,22.21299],[113.86468,22.21332],[113.8646,22.21418],[113.86479,22.21453],[113.86507,22.21466],[113.86506,22.21515],[113.86545,22.21544],[113.86556,22.21586],[113.86571,22.21588],[113.86583,22.21602],[113.8663,22.21597],[113.86668,22.2164],[113.86681,22.21666],[113.86746,22.2165],[113.86765,22.21663],[113.86784,22.21696],[113.86779,22.21724],[113.86807,22.21766],[113.86809,22.21795],[113.86826,22.21797],[113.8686,22.21773],[113.86911,22.21759],[113.8693,22.21772],[113.86924,22.21809],[113.8693,22.21827],[113.86956,22.21855],[113.87004,22.21849],[113.87027,22.21873],[113.87078,22.21882],[113.87097,22.21902],[113.87145,22.21901],[113.87167,22.21909],[113.87205,22.21897],[113.87236,22.21905],[113.8735,22.21908],[113.87411,22.21898],[113.8744,22.21907],[113.87456,22.21939],[113.87449,22.21973],[113.87453,22.21994],[113.87433,22.22038],[113.87445,22.22049],[113.87497,22.22067],[113.87511,22.22085],[113.87526,22.22081],[113.87523,22.22094],[113.87494,22.22123],[113.8751,22.22134],[113.8751,22.22156],[113.87485,22.22162],[113.87474,22.22179],[113.87538,22.22208],[113.87548,22.22207],[113.87542,22.22261],[113.87568,22.22287],[113.87577,22.22314],[113.8758,22.22336],[113.8757,22.22352],[113.8758,22.22385],[113.87566,22.22414],[113.87544,22.22434],[113.87549,22.22447],[113.87541,22.22458],[113.87563,22.22494],[113.87558,22.22559],[113.87586,22.22581],[113.87599,22.22613],[113.87617,22.22619],[113.87642,22.22613],[113.87698,22.22663],[113.87702,22.22675],[113.87694,22.22696],[113.87665,22.22714],[113.87633,22.22753],[113.87598,22.22768],[113.8755,22.22803],[113.87526,22.22808],[113.87517,22.22818],[113.87495,22.22858],[113.87507,22.22883],[113.87497,22.22905],[113.87501,22.22931],[113.8748,22.22947],[113.87474,22.22981],[113.8748,22.23024],[113.87461,22.23055],[113.87435,22.23066],[113.87284,22.23079],[113.87231,22.23102],[113.87204,22.23104],[113.87173,22.23116],[113.87167,22.23133],[113.87152,22.23146],[113.87112,22.2314],[113.87105,22.23129],[113.87108,22.23115],[113.87095,22.23109],[113.87037,22.23133],[113.87019,22.23131],[113.87,22.23142],[113.86982,22.23142],[113.86945,22.23158],[113.86896,22.23208],[113.86823,22.23246],[113.86741,22.23302],[113.86709,22.23308],[113.86711,22.2332],[113.8678,22.23367],[113.86806,22.23363],[113.86831,22.2337],[113.8685,22.23405],[113.86886,22.23428],[113.8693,22.23474],[113.86973,22.23485],[113.87007,22.23484],[113.87025,22.23493],[113.87041,22.23537],[113.87026,22.23551],[113.87015,22.23586],[113.87037,22.23621],[113.87038,22.23674],[113.87014,22.23736],[113.8702,22.23831],[113.87003,22.23853],[113.87049,22.23875],[113.87055,22.23889],[113.87051,22.23901],[113.87005,22.23944],[113.87143,22.23992],[113.87184,22.24035],[113.87207,22.24076],[113.8726,22.24137],[113.87297,22.2414],[113.87327,22.24103],[113.87325,22.24091],[113.8728,22.2404],[113.87272,22.24022],[113.87307,22.23952],[113.87324,22.2395],[113.8735,22.23975],[113.87391,22.23978],[113.87415,22.23989],[113.87429,22.23984],[113.87465,22.23949],[113.87486,22.23891],[113.87513,22.23861],[113.87549,22.23845],[113.87574,22.23825],[113.87591,22.23838],[113.87582,22.23862],[113.87562,22.23877],[113.87555,22.23892],[113.87581,22.23987],[113.87565,22.24019],[113.87602,22.24085],[113.87646,22.24125],[113.87668,22.24124],[113.87733,22.24082],[113.87753,22.24088],[113.87778,22.24121],[113.87803,22.24127],[113.87826,22.24113],[113.8786,22.24065],[113.87886,22.24051],[113.87903,22.24054],[113.87937,22.24079],[113.87983,22.24089],[113.88005,22.2408],[113.88043,22.24036],[113.88058,22.24029],[113.88089,22.24038],[113.88179,22.24081],[113.88188,22.24108],[113.88175,22.24134]]},"properties":{"TRAIL_ID":"cty_19","TRAIL_NAME_EN":"KEUNG SHAN COUNTRY TRAIL","TRAIL_NAME_TC":"羗山郊遊徑","SECTION_NO":"0","TYPE_EN":"Country Trail","TYPE_TC":"郊遊徑","DIFFICULTY_EN":"Demanding","DIFFICULTY_TC":"費力","REGION_EN":"Lantau Island","REGION_TC":"大嶼山","STARTpt_EN":"Tai O Road","STARTpt_TC":"大澳道","FINISHpt_EN":"Kau Ling Chung water catchment","FINISHpt_TC":"狗嶺涌引水道","WEBSITE":"https://www.hiking.gov.hk/trail/info/id/d1E5STBlOVVkcmNTeks3cHM5Zm9BQT09","TEL":"1823","MEASURE_LEN":8200,"name_en":"Keung Shan Country Trail","name_tc":"羗山郊遊徑","parent_id":null,"parent_en":null,"parent_tc":null,"parks_en":["Lantau South Country Park"],"parks_tc":["南大嶼郊野公園"],"has_distance_posts":true,"mapped_length_m":8208,"length_mismatch":false,"branching":false,"direction_verified_by":"distance_posts","loop":false}},{"type":"Feature","geometry":{"type":"LineString","coordinates":[[114.21015,22.27475],[114.21001,22.27459],[114.21009,22.27435],[114.21048,22.27399],[114.21092,22.27393],[114.21109,22.27411],[114.21127,22.27418],[114.21151,22.27419],[114.21159,22.27413],[114.21165,22.27371],[114.21112,22.27297],[114.21103,22.27263],[114.21125,22.2727],[114.2116,22.273],[114.21185,22.273],[114.21201,22.27324],[114.21216,22.27323],[114.21235,22.27308],[114.21244,22.2726],[114.21254,22.27251],[114.21268,22.27205],[114.21254,22.2719],[114.21211,22.27174],[114.2123,22.2715],[114.21209,22.27128],[114.21197,22.27083],[114.21278,22.27098],[114.21274,22.27043],[114.21284,22.27039],[114.21294,22.27002],[114.21334,22.27017],[114.21364,22.26992],[114.21378,22.26961],[114.21397,22.2698],[114.21418,22.26981],[114.21448,22.27032],[114.21448,22.27067],[114.21457,22.27092],[114.21488,22.27113],[114.21492,22.27148],[114.21502,22.27164],[114.21494,22.27193],[114.21502,22.272],[114.21561,22.27183],[114.21592,22.27162],[114.21594,22.27136],[114.21618,22.2713],[114.21621,22.27119],[114.21637,22.27108],[114.21654,22.2711],[114.21676,22.27101],[114.21726,22.27154],[114.21711,22.27178],[114.21718,22.27201],[114.21703,22.27222],[114.21706,22.27236],[114.21697,22.2725],[114.21701,22.27271],[114.21685,22.27297],[114.21689,22.27319],[114.21661,22.27346],[114.21661,22.27393],[114.21677,22.27403],[114.21697,22.27398],[114.21733,22.27369],[114.2175,22.27391],[114.21783,22.27391],[114.21795,22.27405],[114.2176,22.27441],[114.21742,22.27437],[114.21676,22.27445],[114.21657,22.27451],[114.2165,22.27463],[114.21678,22.27474],[114.21701,22.2751],[114.2173,22.27512],[114.21731,22.27532],[114.21721,22.27549],[114.21724,22.27575],[114.21745,22.2759],[114.21765,22.2757],[114.21766,22.27602],[114.21789,22.27626],[114.2179,22.27648],[114.21776,22.27677],[114.21729,22.2772],[114.21687,22.27785],[114.21676,22.27817],[114.21647,22.27832],[114.21616,22.27903],[114.21621,22.27913],[114.2161,22.27934],[114.21584,22.27923],[114.2158,22.27913],[114.21607,22.27857],[114.21571,22.27847],[114.2155,22.27867],[114.21541,22.27862],[114.21529,22.27831],[114.21532,22.27811],[114.21513,22.27765],[114.21515,22.27743],[114.215,22.27759],[114.21495,22.27801],[114.21454,22.27823],[114.21449,22.27835],[114.21429,22.27848],[114.21421,22.27822],[114.2143,22.27786],[114.21415,22.2779],[114.21426,22.27769],[114.21416,22.27769],[114.21417,22.27748],[114.214,22.27733]]},"properties":{"TRAIL_ID":"cty_21","TRAIL_NAME_EN":"HONG PAK COUNTRY TRAIL","TRAIL_NAME_TC":"康柏郊遊徑","SECTION_NO":"0","TYPE_EN":"Country Trail","TYPE_TC":"郊遊徑","DIFFICULTY_EN":"Moderate","DIFFICULTY_TC":"普通","REGION_EN":"Hong Kong Island","REGION_TC":"香港島","STARTpt_EN":"Quarry Bay Management Centre","STARTpt_TC":"鰂魚涌郊野公園管理站","FINISHpt_EN":"Mount Parker Road","FINISHpt_TC":"柏架山道","WEBSITE":"https://www.hiking.gov.hk/trail/info/id/UVZUTW1PdmF5c1BSWU5JRjZVZ29DZz09","TEL":"1823","MEASURE_LEN":3600,"name_en":"Hong Pak Country Trail","name_tc":"康柏郊遊徑","parent_id":null,"parent_en":null,"parent_tc":null,"parks_en":["Tai Tam Country Park","Tai Tam Country Park (Quarry Bay Extension)"],"parks_tc":["大潭郊野公園","大潭郊野公園(鰂魚涌擴建部分)"],"has_distance_posts":true,"mapped_length_m":4014,"length_mismatch":true,"branching":false,"direction_verified_by":"distance_posts","loop":false}},{"type":"Feature","geometry":{"type":"LineString","coordinates":[[114.24433,22.51031],[114.24444,22.51114],[114.24467,22.51156],[114.24508,22.51175],[114.24469,22.51199],[114.24506,22.51202],[114.24519,22.5121],[114.24495,22.5122],[114.24507,22.51229],[114.24456,22.51242],[114.24431,22.51291],[114.24412,22.51298],[114.2438,22.51341],[114.24291,22.51408],[114.2425,22.51459],[114.24226,22.5153],[114.24222,22.51579],[114.2423,22.51601],[114.24184,22.51579],[114.24137,22.51592],[114.24107,22.51585],[114.24089,22.51566],[114.24096,22.51525],[114.24091,22.51521],[114.24071,22.51553],[114.24039,22.51558],[114.23988,22.51587],[114.23974,22.51607],[114.23969,22.51648],[114.23942,22.51696],[114.23905,22.51725],[114.23854,22.51735],[114.23795,22.5173],[114.2377,22.51736],[114.23715,22.51713],[114.23692,22.51693],[114.23666,22.5169],[114.23657,22.51647],[114.23595,22.51612],[114.23589,22.51584],[114.23572,22.51576],[114.23536,22.51538],[114.23518,22.51536],[114.23504,22.51526],[114.23448,22.51529],[114.23417,22.51507],[114.23368,22.51491],[114.23343,22.51473],[114.2331,22.51437],[114.23309,22.51409],[114.23329,22.51382],[114.23315,22.51367]]},"properties":{"TRAIL_ID":"cty_22","TRAIL_NAME_EN":"WU KAU TANG COUNTRY TRAIL","TRAIL_NAME_TC":"烏蛟騰郊遊徑","SECTION_NO":"0","TYPE_EN":"Country Trail","TYPE_TC":"郊遊徑","DIFFICULTY_EN":"Moderate","DIFFICULTY_TC":"普通","REGION_EN":"North New Territories","REGION_TC":"新界北區","STARTpt_EN":"Wu Kau Tang Tin Sum","STARTpt_TC":"烏蛟騰田心村","FINISHpt_EN":"Bride's Pool road","FINISHpt_TC":"新娘潭路","WEBSITE":"https://www.hiking.gov.hk/trail/info/id/OXArZzdyQnRlN2d4VlN6UVNDNHpFZz09","TEL":"1823","MEASURE_LEN":2400,"name_en":"Wu Kau Tang Country Trail","name_tc":"烏蛟騰郊遊徑","parent_id":null,"parent_en":null,"parent_tc":null,"parks_en":["Plover Cove Country Park"],"parks_tc":["船灣郊野公園"],"has_distance_posts":true,"mapped_length_m":2320,"length_mismatch":false,"branching":false,"direction_verified_by":"distance_posts","loop":false}},{"type":"Feature","geometry":{"type":"LineString","coordinates":[[114.43074,22.54555],[114.43093,22.54515],[114.43183,22.5442],[114.43222,22.54419],[114.43262,22.54429],[114.43277,22.54424],[114.43311,22.54359],[114.43338,22.54327],[114.4339,22.54308],[114.43436,22.54281],[114.43476,22.54239],[114.43492,22.54231],[114.4353,22.54182],[114.43579,22.54153],[114.43614,22.54143],[114.43691,22.54149],[114.43809,22.54199],[114.43865,22.54204],[114.43947,22.54173],[114.43979,22.54144],[114.44095,22.54129],[114.44124,22.54105],[114.44125,22.54074],[114.44001,22.5402],[114.43968,22.53911],[114.43932,22.53855],[114.43906,22.53842],[114.43845,22.53831],[114.43802,22.53841],[114.43717,22.53846],[114.43702,22.53828],[114.43605,22.53807],[114.43562,22.53818],[114.43488,22.53865],[114.4344,22.53873],[114.43417,22.53902],[114.43377,22.53923],[114.43369,22.53924],[114.43352,22.53894],[114.43341,22.53893],[114.43261,22.53926],[114.43142,22.54014],[114.43091,22.54031],[114.4296,22.54109],[114.42889,22.54133],[114.42862,22.54123],[114.42824,22.54123],[114.42804,22.54111],[114.42768,22.54138],[114.42722,22.54216],[114.4269,22.5424],[114.42654,22.5429],[114.42635,22.54409],[114.42619,22.5447],[114.42607,22.54485],[114.42615,22.5452],[114.42593,22.54608],[114.42594,22.54637],[114.42627,22.54689],[114.42626,22.54709],[114.42568,22.54818],[114.42553,22.54825],[114.42511,22.54821],[114.4251,22.54839],[114.42532,22.5486],[114.4254,22.54881],[114.42556,22.54888],[114.42567,22.54912],[114.42585,22.54926],[114.42593,22.54947],[114.42641,22.5497],[114.42654,22.54989],[114.42665,22.55029],[114.42658,22.55116],[114.42675,22.55157],[114.42721,22.55171],[114.42755,22.55158],[114.4288,22.55232],[114.42889,22.5524],[114.42888,22.55257],[114.42922,22.55285],[114.42938,22.55279],[114.42988,22.55297],[114.43008,22.55313],[114.43031,22.55291],[114.43029,22.55191],[114.42976,22.5509],[114.42984,22.55052],[114.42976,22.54989],[114.42996,22.5492],[114.42991,22.5485],[114.43007,22.54821],[114.43041,22.54787],[114.43036,22.54715],[114.43054,22.54669],[114.43056,22.54623],[114.43074,22.54555]]},"properties":{"TRAIL_ID":"cty_23","TRAIL_NAME_EN":"PING CHAU COUNTRY TRAIL","TRAIL_NAME_TC":"平洲環島郊遊徑","SECTION_NO":"0","TYPE_EN":"Country Trail","TYPE_TC":"郊遊徑","DIFFICULTY_EN":"Moderate","DIFFICULTY_TC":"普通","REGION_EN":"North New Territories","REGION_TC":"新界北區","STARTpt_EN":"Ping Chau Pier","STARTpt_TC":"平洲碼頭","FINISHpt_EN":"Ping Chau Pier","FINISHpt_TC":"平洲碼頭","WEBSITE":"https://www.hiking.gov.hk/trail/info/id/VE4wRlNxT1hZM1NqWkpKYVBmS1M2dz09","TEL":"1823","MEASURE_LEN":6000,"name_en":"Ping Chau Country Trail","name_tc":"平洲環島郊遊徑","parent_id":null,"parent_en":null,"parent_tc":null,"parks_en":["Plover Cove (Extension) Country Park"],"parks_tc":["船灣郊野公園(擴建部分)"],"has_distance_posts":true,"mapped_length_m":5803,"length_mismatch":false,"branching":false,"direction_verified_by":"distance_posts","loop":true}},{"type":"Feature","geometry":{"type":"LineString","coordinates":[[113.94061,22.25215],[113.94046,22.25215],[113.94017,22.25232],[113.94,22.25249],[113.93934,22.25251],[113.93902,22.2527],[113.9388,22.2527],[113.93849,22.25253],[113.93837,22.25256],[113.93819,22.25281],[113.93812,22.25325],[113.93821,22.25412],[113.93789,22.25441],[113.93783,22.25463],[113.93792,22.25472],[113.938,22.25499],[113.93799,22.2553],[113.93769,22.25577],[113.93716,22.25578],[113.93689,22.25588],[113.93658,22.25584],[113.93624,22.25593],[113.93553,22.25562],[113.93557,22.2558],[113.93547,22.25633],[113.93502,22.2568],[113.93472,22.25733],[113.93442,22.25751],[113.93394,22.25755],[113.93365,22.25785],[113.93342,22.25793],[113.93313,22.25787],[113.93304,22.25775],[113.93276,22.25772],[113.93268,22.25799],[113.93236,22.25817],[113.93162,22.25798],[113.9308,22.25816],[113.93045,22.25832],[113.93012,22.25825],[113.93,22.2584],[113.92961,22.25855],[113.92963,22.25866],[113.92937,22.25865],[113.92943,22.25876],[113.92929,22.2589],[113.92889,22.25896],[113.92874,22.25917],[113.92836,22.2589]]},"properties":{"TRAIL_ID":"cty_24","TRAIL_NAME_EN":"TEI TONG TSAI COUNTRY TRAIL","TRAIL_NAME_TC":"地塘仔郊遊徑","SECTION_NO":"0","TYPE_EN":"Country Trail","TYPE_TC":"郊遊徑","DIFFICULTY_EN":"Easy","DIFFICULTY_TC":"易行","REGION_EN":"Lantau Island","REGION_TC":"大嶼山","STARTpt_EN":"Tung Chung Road","STARTpt_TC":"東涌路","FINISHpt_EN":"Tei Tong Tsai","FINISHpt_TC":"地塘仔","WEBSITE":"https://www.hiking.gov.hk/trail/info/id/VTAxcjA3Sks4RGorOUdwZzRRbVBFdz09","TEL":"1823","MEASURE_LEN":2000,"name_en":"Tei Tong Tsai Country Trail","name_tc":"地塘仔郊遊徑","parent_id":null,"parent_en":null,"parent_tc":null,"parks_en":["Lantau North (Extension) Country Park","Lantau South Country Park"],"parks_tc":["北大嶼郊野公園(擴建部分)","南大嶼郊野公園"],"has_distance_posts":true,"mapped_length_m":1953,"length_mismatch":false,"branching":false,"direction_verified_by":"distance_posts","loop":false}},{"type":"Feature","geometry":{"type":"LineString","coordinates":[[114.06206,22.42035],[114.06137,22.42087],[114.0608,22.42079],[114.06077,22.42102],[114.06056,22.42115],[114.06057,22.42139],[114.06043,22.4213],[114.06042,22.42146],[114.0602,22.42154],[114.06016,22.42185],[114.06004,22.42186],[114.05975,22.42156],[114.05971,22.42177],[114.0594,22.42202],[114.05954,22.42233],[114.05948,22.42275],[114.05961,22.42285],[114.05984,22.4233],[114.06033,22.42342],[114.06044,22.42363],[114.06122,22.42396],[114.06132,22.42406],[114.06175,22.4241],[114.06182,22.4242],[114.06214,22.4243],[114.06238,22.42424],[114.06283,22.42473],[114.0628,22.42482],[114.06229,22.42513],[114.06215,22.42529],[114.06224,22.42547],[114.06264,22.42578],[114.06262,22.42626],[114.06225,22.42625],[114.06193,22.42642],[114.06173,22.42643],[114.0615,22.42672],[114.06123,22.42669],[114.06084,22.42686],[114.06059,22.42679],[114.06034,22.4266],[114.05992,22.42669],[114.05979,22.42653],[114.05935,22.42652],[114.05881,22.42616],[114.05872,22.42585],[114.05788,22.42546],[114.0576,22.42513],[114.05724,22.42441],[114.0567,22.42407],[114.05606,22.42342],[114.05562,22.42337],[114.05533,22.42317],[114.05525,22.42294],[114.05543,22.42255],[114.05543,22.4221],[114.05557,22.4217],[114.05546,22.421],[114.05568,22.42072],[114.05535,22.42007],[114.05541,22.41941],[114.05532,22.41927],[114.05532,22.41901],[114.055,22.41856],[114.05514,22.41795],[114.05512,22.41766],[114.05524,22.41684],[114.05493,22.4164],[114.05482,22.41577],[114.05466,22.41554],[114.05469,22.415],[114.05447,22.41467],[114.05414,22.41446],[114.05417,22.41423],[114.05385,22.41353],[114.05393,22.41349],[114.05396,22.41333],[114.05378,22.41296],[114.05347,22.41269],[114.05325,22.41231],[114.05223,22.412],[114.0518,22.411],[114.05154,22.41082],[114.0514,22.41059],[114.05078,22.41046],[114.05044,22.40983],[114.05002,22.40933],[114.05001,22.40923],[114.0498,22.40932],[114.04872,22.40923],[114.04787,22.40948],[114.04763,22.40935],[114.04736,22.40935],[114.04702,22.40878],[114.04665,22.40865],[114.04652,22.4085],[114.04662,22.40839],[114.04666,22.40803],[114.04677,22.40795],[114.04712,22.40721],[114.04733,22.40692],[114.0473,22.40677],[114.04753,22.40613],[114.0473,22.4058],[114.04719,22.40552],[114.04721,22.40539],[114.04705,22.40517],[114.04622,22.40482],[114.04606,22.4045],[114.04581,22.40428],[114.04591,22.40399],[114.04621,22.40364],[114.04632,22.4034],[114.04633,22.40254],[114.04615,22.40224],[114.04616,22.40207],[114.04633,22.40203],[114.04622,22.40129],[114.04634,22.40102],[114.04657,22.40078],[114.0461,22.40018],[114.04565,22.39993],[114.04556,22.39964],[114.04576,22.39944],[114.04619,22.39925],[114.0463,22.39924],[114.04653,22.39943],[114.04734,22.39932],[114.04765,22.39909],[114.04777,22.3989],[114.04775,22.39873],[114.04785,22.39846],[114.04772,22.39824],[114.04772,22.39809]]},"properties":{"TRAIL_ID":"cty_26","TRAIL_NAME_EN":"TAI LAM CHUNG COUNTRY TRAIL","TRAIL_NAME_TC":"大欖涌郊遊徑","SECTION_NO":"0","TYPE_EN":"Country Trail","TYPE_TC":"郊遊徑","DIFFICULTY_EN":"Demanding","DIFFICULTY_TC":"費力","REGION_EN":"West New Territories","REGION_TC":"新界西區","STARTpt_EN":"Ma On Kong","STARTpt_TC":"馬鞍崗","FINISHpt_EN":"Kat Hing Bridge","FINISHpt_TC":"吉慶橋","WEBSITE":"https://www.hiking.gov.hk/trail/info/id/anYvYnJvaVlCeStTZ2VwTVNFbFkrZz09","TEL":"1823","MEASURE_LEN":5500,"name_en":"Tai Lam Chung Country Trail","name_tc":"大欖涌郊遊徑","parent_id":null,"parent_en":null,"parent_tc":null,"parks_en":["Tai Lam Country Park"],"parks_tc":["大欖郊野公園"],"has_distance_posts":true,"mapped_length_m":6141,"length_mismatch":true,"branching":false,"direction_verified_by":"distance_posts","loop":false}},{"type":"Feature","geometry":{"type":"LineString","coordinates":[[114.10443,22.411],[114.10409,22.41113],[114.10402,22.41133],[114.10408,22.41268],[114.10394,22.41309],[114.10412,22.41359],[114.10412,22.41388],[114.10447,22.41441],[114.10464,22.41454],[114.10497,22.41461],[114.10512,22.41489],[114.10547,22.41515],[114.10561,22.41572],[114.10586,22.41593],[114.10612,22.41634],[114.10688,22.41684],[114.10713,22.4168],[114.10719,22.41695],[114.10712,22.41724],[114.10736,22.41763],[114.10766,22.41852],[114.10746,22.41886],[114.10736,22.41984],[114.10724,22.42009],[114.10728,22.42033],[114.10749,22.42068],[114.10732,22.42129],[114.10739,22.42166],[114.10724,22.42215],[114.10688,22.42253],[114.10665,22.42299],[114.10676,22.42413],[114.10655,22.42464],[114.1066,22.42482]]},"properties":{"TRAIL_ID":"cty_27","TRAIL_NAME_EN":"KAP LUNG ANCIENT TRAIL","TRAIL_NAME_TC":"甲龍古道","SECTION_NO":"0","TYPE_EN":"Country Trail","TYPE_TC":"郊遊徑","DIFFICULTY_EN":"Moderate","DIFFICULTY_TC":"普通","REGION_EN":"West New Territories","REGION_TC":"新界西區","STARTpt_EN":"Tsuen Kam Au","STARTpt_TC":"荃錦坳","FINISHpt_EN":"Lui Kung Tin","FINISHpt_TC":"雷公田","WEBSITE":"https://www.hiking.gov.hk/trail/info/id/UVNWcm9oRWYwdU1xYWhjVk1VY2ZxZz09","TEL":"1823","MEASURE_LEN":2000,"name_en":"Kap Lung Ancient Trail","name_tc":"甲龍古道","parent_id":null,"parent_en":null,"parent_tc":null,"parks_en":["Tai Lam Country Park"],"parks_tc":["大欖郊野公園"],"has_distance_posts":true,"mapped_length_m":1797,"length_mismatch":true,"branching":false,"direction_verified_by":"distance_posts","loop":false}},{"type":"Feature","geometry":{"type":"LineString","coordinates":[[114.09384,22.37787],[114.09323,22.37782],[114.09278,22.37769],[114.09213,22.37768],[114.0916,22.37754],[114.09106,22.37761],[114.09078,22.37757],[114.09044,22.37788],[114.09016,22.37802],[114.09002,22.3782],[114.08977,22.37812],[114.08948,22.37834],[114.08921,22.3783],[114.08894,22.37847],[114.0885,22.37848],[114.08834,22.37858],[114.08824,22.37877],[114.08805,22.37876],[114.08789,22.37864],[114.08758,22.37882],[114.08698,22.37886],[114.08666,22.37897],[114.08637,22.37916],[114.08617,22.37948],[114.08617,22.37992],[114.08583,22.38009],[114.08555,22.38037],[114.08542,22.38071],[114.08544,22.38092],[114.08516,22.38144],[114.08547,22.38192],[114.08521,22.38211],[114.08501,22.38282],[114.08461,22.38328],[114.08411,22.38354],[114.08364,22.38359],[114.08335,22.38386],[114.08319,22.38433],[114.08261,22.38489],[114.08256,22.38537],[114.08244,22.38549],[114.08241,22.38568],[114.08193,22.38621],[114.08146,22.38627],[114.08132,22.38643],[114.08114,22.38646],[114.08055,22.38641],[114.08037,22.38647],[114.08013,22.38641],[114.07923,22.3869],[114.07798,22.38715],[114.07759,22.38703],[114.07676,22.38712],[114.07645,22.38699],[114.07585,22.38696],[114.07562,22.38684],[114.07519,22.38686],[114.07495,22.387],[114.07482,22.38721],[114.07453,22.38738],[114.07435,22.38742],[114.07424,22.38729],[114.07413,22.38736],[114.07403,22.38762],[114.07406,22.38781],[114.07419,22.38792],[114.07399,22.38795],[114.07396,22.38807],[114.07414,22.38833],[114.07348,22.38866],[114.07325,22.38891],[114.07301,22.38898],[114.0729,22.38898],[114.07267,22.38853],[114.07266,22.38825],[114.07243,22.38784],[114.07204,22.38765],[114.0716,22.38688],[114.0715,22.38689],[114.07133,22.38716],[114.07117,22.38718],[114.06938,22.3866],[114.06871,22.38689],[114.06831,22.38717],[114.06803,22.38714],[114.06799,22.38726],[114.06769,22.38736],[114.0675,22.38763],[114.06692,22.38782],[114.06671,22.38806],[114.06633,22.3883],[114.06635,22.38865],[114.0667,22.38947],[114.06663,22.38962],[114.06669,22.3899],[114.06659,22.38992],[114.06653,22.39011],[114.06616,22.39039],[114.06566,22.39046],[114.06497,22.39013],[114.06471,22.38987],[114.06436,22.38999],[114.06422,22.38995],[114.06388,22.38963],[114.06358,22.38964],[114.06333,22.38994],[114.06328,22.38955],[114.0629,22.38865],[114.06261,22.38852],[114.06233,22.38826],[114.06196,22.38777],[114.06183,22.3877],[114.06181,22.38754],[114.0612,22.38728],[114.06108,22.38706],[114.06133,22.38692],[114.06129,22.38677],[114.06099,22.38657],[114.06064,22.38661],[114.06052,22.38653],[114.06051,22.38636],[114.06078,22.38584],[114.06157,22.38571],[114.06092,22.38499],[114.06069,22.38501],[114.06058,22.38488],[114.06007,22.38486],[114.05923,22.3853],[114.05839,22.38523],[114.05789,22.38554],[114.05766,22.386],[114.05741,22.38592],[114.05713,22.38605],[114.05687,22.38583],[114.05654,22.386],[114.05631,22.38601],[114.05624,22.38616],[114.05584,22.38639],[114.05586,22.38658],[114.05575,22.38697],[114.05586,22.38707],[114.05609,22.38711],[114.056,22.38752],[114.05564,22.38764],[114.05564,22.38788],[114.0545,22.38874],[114.05417,22.38926],[114.05388,22.38943],[114.0538,22.38979],[114.05334,22.39038],[114.05233,22.39094],[114.05185,22.39062],[114.05168,22.39072],[114.05167,22.39098],[114.05117,22.39129],[114.05045,22.39143],[114.0504,22.39162],[114.05056,22.39183],[114.05015,22.39198],[114.05006,22.39215],[114.04986,22.39224],[114.0495,22.39265],[114.04913,22.39294],[114.04936,22.39306],[114.04951,22.39301],[114.0498,22.39313],[114.04975,22.39333],[114.04983,22.39345],[114.04958,22.39363],[114.04957,22.39375],[114.04971,22.39404],[114.04985,22.39409],[114.05008,22.39435],[114.04991,22.39464],[114.04962,22.39488],[114.04955,22.3951],[114.04967,22.39529],[114.04978,22.39596],[114.04964,22.3961],[114.04943,22.39614],[114.04917,22.39583],[114.04883,22.39598],[114.04852,22.396],[114.04786,22.39588],[114.04772,22.39576],[114.04774,22.39603],[114.04792,22.39632],[114.04779,22.39669],[114.04797,22.39696],[114.04821,22.39773],[114.0482,22.39794],[114.04803,22.39829],[114.04772,22.39809],[114.04759,22.39768],[114.04734,22.39737],[114.04713,22.39734],[114.04693,22.39757],[114.04682,22.39758],[114.04641,22.39701],[114.04623,22.39657],[114.04598,22.39628],[114.04579,22.3962],[114.04556,22.39623],[114.045,22.39657],[114.04459,22.39665],[114.04435,22.39681],[114.04388,22.39684],[114.04358,22.39702],[114.04354,22.39715],[114.04368,22.39755],[114.04395,22.39784],[114.04386,22.39796],[114.04385,22.39819],[114.04406,22.3986],[114.04402,22.39892],[114.04415,22.39909],[114.04442,22.39919],[114.04449,22.39937],[114.04407,22.4001],[114.04431,22.40021],[114.04441,22.4007],[114.04425,22.40157],[114.04387,22.40245],[114.04341,22.4028],[114.043,22.40376],[114.04258,22.40393],[114.04247,22.40434],[114.04198,22.40495],[114.04192,22.40519],[114.04141,22.40539],[114.04089,22.40643],[114.04061,22.40676],[114.04053,22.40721],[114.0402,22.40748],[114.04017,22.40782],[114.0399,22.40804],[114.03987,22.40822],[114.03969,22.40822],[114.03938,22.40849],[114.03922,22.40922],[114.03888,22.40937],[114.03849,22.40973],[114.03776,22.40996],[114.03779,22.41014],[114.03766,22.41036],[114.03776,22.41054],[114.0372,22.41101],[114.03709,22.41137],[114.03693,22.4114],[114.03673,22.41126],[114.03672,22.41108],[114.03656,22.4108],[114.03633,22.41097],[114.03619,22.41073],[114.03624,22.41063],[114.03619,22.4105],[114.03579,22.41052],[114.03568,22.41047],[114.03545,22.41],[114.03513,22.41003],[114.03482,22.4099],[114.03461,22.4095],[114.03446,22.40948],[114.03417,22.40959],[114.03393,22.40952],[114.0339,22.40907],[114.03373,22.40882],[114.03361,22.40894],[114.03355,22.40923],[114.0334,22.40937],[114.0331,22.40943],[114.03278,22.4096],[114.03242,22.40948],[114.03236,22.40934],[114.03142,22.40916],[114.03103,22.40889],[114.0305,22.40908],[114.03005,22.40915],[114.02996,22.40924],[114.02994,22.40943],[114.03004,22.40986],[114.03083,22.41021]]},"properties":{"TRAIL_ID":"cty_28","TRAIL_NAME_EN":"YUEN TSUEN ANCIENT TRAIL","TRAIL_NAME_TC":"元荃古道","SECTION_NO":"0","TYPE_EN":"Country Trail","TYPE_TC":"郊遊徑","DIFFICULTY_EN":"Difficult","DIFFICULTY_TC":"難行","REGION_EN":"West New Territories","REGION_TC":"新界西區","STARTpt_EN":"Ha Fa Shan, Tsuen Wan","STARTpt_TC":"荃灣下花山","FINISHpt_EN":"Tai Tong Barbecue Site","FINISHpt_TC":"大棠燒烤場","WEBSITE":"https://www.hiking.gov.hk/trail/info/id/V2JJVDNVR25Lc0lnV1pZdC9NdHVBZz09","TEL":"1823","MEASURE_LEN":12500,"name_en":"Yuen Tsuen Ancient Trail","name_tc":"元荃古道","parent_id":null,"parent_en":null,"parent_tc":null,"parks_en":["Tai Lam Country Park"],"parks_tc":["大欖郊野公園"],"has_distance_posts":true,"mapped_length_m":12311,"length_mismatch":false,"branching":false,"direction_verified_by":"distance_posts","loop":false}},{"type":"Feature","geometry":{"type":"LineString","coordinates":[[113.98365,22.28143],[113.984,22.28146],[113.98408,22.28161],[113.98431,22.28173],[113.98457,22.28206],[113.98506,22.28232],[113.98616,22.28273],[113.98661,22.28265],[113.98679,22.2827],[113.98709,22.28252],[113.98719,22.2827],[113.98746,22.28264],[113.98775,22.28274],[113.98804,22.28267],[113.98824,22.28289],[113.98862,22.28281],[113.98915,22.28315],[113.98953,22.28313],[113.98988,22.28332],[113.99044,22.28334],[113.99082,22.28346],[113.99144,22.28379],[113.9917,22.28407],[113.99172,22.28421],[113.99161,22.28429],[113.99156,22.28445],[113.99171,22.28468],[113.99175,22.28495],[113.99211,22.28526],[113.99276,22.28542],[113.99286,22.28558],[113.99326,22.28586],[113.99397,22.28609],[113.99443,22.2865],[113.99467,22.28658],[113.99492,22.2868],[113.99491,22.28701],[113.99462,22.28755],[113.99447,22.28767],[113.99417,22.28775],[113.99408,22.28814],[113.99414,22.28842],[113.99448,22.28883],[113.9944,22.28948],[113.99428,22.2897],[113.99436,22.29007],[113.99422,22.29027],[113.99426,22.29042],[113.99412,22.29061],[113.99456,22.29115],[113.99469,22.29144],[113.99461,22.29177],[113.99433,22.29208],[113.99478,22.29231],[113.99503,22.29232],[113.99537,22.29277],[113.9957,22.29288],[113.99599,22.29342],[113.99648,22.29383],[113.99669,22.29434],[113.99609,22.29509],[113.99611,22.2952],[113.99632,22.29541],[113.99646,22.29587],[113.99636,22.29615],[113.99592,22.29671],[113.99593,22.29691],[113.99629,22.29733],[113.99645,22.2977],[113.99715,22.29816],[113.99746,22.29867],[113.99917,22.29914],[113.99973,22.2995],[114.00017,22.2996]]},"properties":{"TRAIL_ID":"cty_30","TRAIL_NAME_EN":"LO FU TAU COUNTRY TRAIL","TRAIL_NAME_TC":"老虎頭郊遊徑","SECTION_NO":"0","TYPE_EN":"Country Trail","TYPE_TC":"郊遊徑","DIFFICULTY_EN":"Moderate","DIFFICULTY_TC":"普通","REGION_EN":"Lantau Island","REGION_TC":"大嶼山","STARTpt_EN":"A Po Long (Olympic Trail)","STARTpt_TC":"亞婆塱(奧運徑)","FINISHpt_EN":"Lo Fu Tau","FINISHpt_TC":"老虎頭","WEBSITE":"https://www.hiking.gov.hk/trail/info/id/QVdhZkZzOGdtenhPZ2dTSGI1R3FUUT09","TEL":"1823","MEASURE_LEN":3400,"name_en":"Lo Fu Tau Country Trail","name_tc":"老虎頭郊遊徑","parent_id":null,"parent_en":null,"parent_tc":null,"parks_en":["Lantau North (Extension) Country Park"],"parks_tc":["北大嶼郊野公園(擴建部分)"],"has_distance_posts":true,"mapped_length_m":3479,"length_mismatch":false,"branching":false,"direction_verified_by":"distance_posts","loop":false}},{"type":"Feature","geometry":{"type":"LineString","coordinates":[[113.91225,22.25258],[113.91236,22.25247],[113.91247,22.25199],[113.91294,22.25194],[113.913,22.25186],[113.91286,22.25117],[113.91271,22.251],[113.91266,22.25035],[113.9128,22.24993],[113.91263,22.24981],[113.91253,22.24961],[113.9122,22.24943],[113.91203,22.24895],[113.91239,22.24835],[113.91241,22.24818],[113.91266,22.24784],[113.91149,22.24753],[113.91124,22.24734],[113.91116,22.24695],[113.91119,22.2466],[113.91108,22.24644],[113.91107,22.24628],[113.91145,22.24563],[113.91116,22.24534],[113.91104,22.24506],[113.91076,22.24492],[113.91085,22.24455],[113.91057,22.24387],[113.91028,22.24361],[113.90987,22.2435],[113.90972,22.24336],[113.90994,22.24318],[113.91046,22.24323],[113.91056,22.24305],[113.9108,22.24296],[113.91079,22.24278],[113.91131,22.24194],[113.9093,22.24108],[113.90878,22.24102],[113.90847,22.24109],[113.90826,22.24101],[113.90805,22.24071],[113.90767,22.24065],[113.90731,22.24048],[113.90704,22.24022],[113.90694,22.23992],[113.90671,22.23982],[113.90647,22.23943],[113.90614,22.23929],[113.90553,22.23927],[113.90541,22.23914],[113.90554,22.23889],[113.90552,22.23858],[113.90592,22.23866],[113.90621,22.23833],[113.90622,22.23786],[113.90694,22.23772],[113.90731,22.2378],[113.90785,22.23774],[113.9082,22.23782],[113.90882,22.23758],[113.9092,22.23757],[113.90929,22.23745],[113.90971,22.23738],[113.91,22.23718],[113.91002,22.2371],[113.90981,22.23698],[113.90952,22.23692],[113.90911,22.23671],[113.9084,22.23653],[113.90804,22.23653],[113.90669,22.23604],[113.90656,22.2361],[113.90631,22.23606],[113.90633,22.2358],[113.90614,22.23539],[113.90632,22.23505],[113.90688,22.2349],[113.90721,22.23492],[113.90782,22.23462],[113.90785,22.23451],[113.90814,22.2345],[113.90812,22.23413],[113.90803,22.23403],[113.90825,22.23375],[113.90821,22.23337],[113.90838,22.23307],[113.90825,22.2326],[113.9086,22.23245],[113.90864,22.23232],[113.90855,22.23215],[113.90863,22.23196],[113.90823,22.23162],[113.90802,22.23122],[113.90845,22.23095],[113.90893,22.23106],[113.90909,22.23092],[113.90955,22.23094],[113.90958,22.23089],[113.90929,22.23051],[113.90864,22.23023],[113.90813,22.22984],[113.90741,22.22968],[113.90685,22.22966],[113.90628,22.22985],[113.90601,22.22985],[113.90596,22.2297],[113.90615,22.22932],[113.90612,22.22907],[113.90596,22.22878],[113.90597,22.22829],[113.90543,22.22822],[113.90534,22.22774],[113.9042,22.22681],[113.90417,22.22671]]},"properties":{"TRAIL_ID":"cty_31","TRAIL_NAME_EN":"SHEK PIK COUNTRY TRAIL","TRAIL_NAME_TC":"石壁郊遊徑","SECTION_NO":"0","TYPE_EN":"Country Trail","TYPE_TC":"郊遊徑","DIFFICULTY_EN":"Moderate","DIFFICULTY_TC":"普通","REGION_EN":"Lantau Island","REGION_TC":"大嶼山","STARTpt_EN":"Wisdom Path, Ngong Ping","STARTpt_TC":"昂坪心經簡林","FINISHpt_EN":"Shek Pik catchwater","FINISHpt_TC":"石壁引水道","WEBSITE":"https://www.hiking.gov.hk/trail/info/id/OHBlUmNCN0JJZnl1ZjY3Z014cGYvQT09","TEL":"1823","MEASURE_LEN":5500,"name_en":"Shek Pik Country Trail","name_tc":"石壁郊遊徑","parent_id":null,"parent_en":null,"parent_tc":null,"parks_en":["Lantau South Country Park"],"parks_tc":["南大嶼郊野公園"],"has_distance_posts":true,"mapped_length_m":5292,"length_mismatch":false,"branching":false,"direction_verified_by":"distance_posts","loop":false}},{"type":"Feature","geometry":{"type":"LineString","coordinates":[[114.24191,22.50512],[114.24225,22.50505],[114.24227,22.50494],[114.24214,22.50445],[114.24217,22.50322],[114.2419,22.50257],[114.24194,22.50246],[114.24224,22.50219],[114.24301,22.50193],[114.24346,22.5015],[114.24384,22.50133],[114.24424,22.50126],[114.24498,22.50081],[114.24517,22.50061],[114.24552,22.49996],[114.24618,22.4993],[114.24645,22.49883],[114.24689,22.49833],[114.24756,22.49778],[114.24761,22.4975],[114.24747,22.49705],[114.24759,22.49668],[114.24789,22.49638],[114.24804,22.49615],[114.2481,22.49585],[114.24828,22.49571],[114.2485,22.49535],[114.24888,22.49508],[114.24896,22.49486],[114.24927,22.49457],[114.24969,22.49451],[114.25054,22.4942],[114.25123,22.4936],[114.25137,22.49318],[114.252,22.49313],[114.25238,22.49332],[114.2532,22.49323],[114.25346,22.49332],[114.25425,22.49284],[114.25481,22.49289],[114.25517,22.49277],[114.2555,22.49282],[114.25591,22.49268],[114.25643,22.49302],[114.25675,22.4929],[114.25708,22.493],[114.25741,22.49286],[114.25771,22.4929],[114.25856,22.49329],[114.25883,22.49324],[114.2592,22.49332],[114.25953,22.49322],[114.25988,22.49334],[114.26015,22.49353],[114.2608,22.49314],[114.261,22.4929],[114.26148,22.49294],[114.26209,22.49267],[114.26253,22.4926],[114.26278,22.49266],[114.26303,22.493],[114.26388,22.49286],[114.26418,22.49295],[114.26435,22.49329],[114.26463,22.49354],[114.26517,22.49364],[114.26529,22.49389],[114.26569,22.49404],[114.26597,22.49439],[114.26604,22.49501],[114.26579,22.49557],[114.26582,22.49569],[114.26602,22.49579],[114.26626,22.49585],[114.26653,22.49582],[114.26676,22.49572],[114.26709,22.49537],[114.26757,22.49522],[114.26836,22.49557],[114.26861,22.49593],[114.26887,22.49612],[114.26963,22.49598],[114.27011,22.49606],[114.27141,22.49603],[114.27227,22.49612],[114.27305,22.4963],[114.27391,22.49632],[114.27429,22.49645],[114.27525,22.49652],[114.27748,22.4972],[114.27811,22.49746],[114.27878,22.49762],[114.27922,22.49788],[114.27964,22.49794],[114.27997,22.49819],[114.28033,22.49832],[114.28084,22.49812],[114.28125,22.49769],[114.28189,22.49733],[114.283,22.49689],[114.2835,22.49685],[114.28375,22.49693],[114.2844,22.49695],[114.2855,22.49679],[114.2857,22.4967],[114.28579,22.4968],[114.28592,22.49673],[114.28586,22.49658],[114.28591,22.49654],[114.2862,22.49656],[114.28648,22.49647],[114.28644,22.49642],[114.28664,22.49629],[114.28717,22.49621],[114.2879,22.49574],[114.28835,22.49562],[114.2888,22.49502],[114.289,22.49487],[114.28913,22.49489],[114.28915,22.49472],[114.28975,22.49428],[114.28997,22.49423],[114.29084,22.49366],[114.29117,22.49361],[114.29133,22.49372],[114.29197,22.49342],[114.29212,22.49325],[114.29247,22.49316],[114.29264,22.4929],[114.29291,22.49277],[114.29298,22.49249],[114.2937,22.492],[114.29358,22.49156],[114.29362,22.49143],[114.2934,22.4912],[114.29323,22.49071],[114.29315,22.48984],[114.29329,22.48953],[114.29341,22.48953],[114.29332,22.48948],[114.2933,22.48936],[114.29345,22.48907],[114.29381,22.4888],[114.29396,22.48842],[114.29424,22.48813],[114.29424,22.488],[114.29405,22.48786],[114.29402,22.48736],[114.29384,22.48717],[114.29386,22.48707],[114.29365,22.48678],[114.29393,22.48653],[114.29402,22.48611],[114.29387,22.48606],[114.29371,22.48568],[114.29336,22.48518],[114.29281,22.48464],[114.2926,22.48411],[114.29234,22.48378],[114.29227,22.48342],[114.29176,22.48301],[114.29156,22.48261],[114.29117,22.48238],[114.29098,22.48217],[114.29092,22.48188],[114.2905,22.48138],[114.29056,22.48115],[114.29033,22.48069],[114.29008,22.48047],[114.28997,22.48023],[114.28919,22.47969],[114.28868,22.47923],[114.28766,22.47796],[114.28736,22.47779],[114.28664,22.47713],[114.28644,22.47674],[114.28571,22.47604],[114.28531,22.4755],[114.28486,22.4753],[114.2845,22.4753],[114.2838,22.47501],[114.2834,22.47461],[114.28322,22.47431],[114.28299,22.47414],[114.28276,22.47378],[114.28242,22.47369],[114.28216,22.4733],[114.28095,22.47317],[114.28055,22.47324],[114.28019,22.47304],[114.27957,22.47301],[114.27838,22.47262],[114.27796,22.47264],[114.27755,22.4729],[114.27703,22.4731],[114.2769,22.47325],[114.27664,22.47328],[114.27596,22.47289],[114.27583,22.47291],[114.27554,22.47313],[114.27526,22.47304],[114.27484,22.47274],[114.27396,22.47278],[114.27216,22.47241],[114.27206,22.47287],[114.27194,22.47299],[114.27125,22.47282],[114.27061,22.47292],[114.27014,22.47208],[114.26946,22.47188],[114.26915,22.47139],[114.26871,22.47121],[114.26804,22.47131],[114.26736,22.47112],[114.26692,22.47077],[114.26637,22.47068],[114.26602,22.47049],[114.26588,22.47021],[114.26534,22.47013],[114.26492,22.46992],[114.26481,22.46969],[114.26447,22.46944],[114.26455,22.46937],[114.26439,22.46918],[114.26413,22.46847],[114.26398,22.46837],[114.26381,22.46843],[114.26402,22.46772],[114.26391,22.46752],[114.26396,22.46741],[114.26474,22.4668],[114.26478,22.46647],[114.26513,22.46653],[114.26544,22.46616],[114.2654,22.46577],[114.26522,22.46544],[114.2655,22.46494],[114.2656,22.46456],[114.26558,22.46433],[114.26529,22.46407],[114.26474,22.46406],[114.26408,22.46341],[114.26359,22.46336],[114.26288,22.4629],[114.26236,22.46243],[114.26231,22.4623],[114.26199,22.46212],[114.26125,22.46133],[114.26066,22.46095],[114.26073,22.46084],[114.26066,22.46075],[114.26087,22.46072],[114.26014,22.45932],[114.26018,22.45905],[114.26012,22.45877],[114.25987,22.45854],[114.25933,22.45773],[114.25912,22.45721],[114.25911,22.4567],[114.2586,22.45574],[114.25842,22.45567],[114.25824,22.45571],[114.25767,22.45613],[114.25665,22.45614],[114.25542,22.45674],[114.25503,22.45664],[114.25441,22.45615],[114.25422,22.45613],[114.25409,22.45625],[114.25401,22.45674],[114.25426,22.45703],[114.25428,22.45751],[114.25395,22.45778],[114.25325,22.45763],[114.25301,22.45793],[114.25246,22.45821],[114.25226,22.45814],[114.25173,22.45775],[114.25116,22.45768],[114.25088,22.45725],[114.25072,22.45668],[114.25023,22.45648],[114.2496,22.45609],[114.24905,22.45558],[114.24844,22.45518]]},"properties":{"TRAIL_ID":"cty_29","TRAIL_NAME_EN":"PLOVER COVE RESERVOIR COUNTRY TRAIL","TRAIL_NAME_TC":"船灣淡水湖郊遊徑","SECTION_NO":"0","TYPE_EN":"Country Trail","TYPE_TC":"郊遊徑","DIFFICULTY_EN":"Very Difficult","DIFFICULTY_TC":"非常難行","REGION_EN":"North New Territories","REGION_TC":"新界北區","STARTpt_EN":"Wu Kau Tang","STARTpt_TC":"烏蛟騰","FINISHpt_EN":"Tai Mei Tuk","FINISHpt_TC":"大美督","WEBSITE":"https://www.hiking.gov.hk/trail/info/id/SUduYUhCbXFFaC9jT1dMRk91OTRKUT09","TEL":"1823","MEASURE_LEN":15500,"name_en":"Plover Cove Reservoir Country Trail","name_tc":"船灣淡水湖郊遊徑","parent_id":null,"parent_en":null,"parent_tc":null,"parks_en":["Plover Cove Country Park"],"parks_tc":["船灣郊野公園"],"has_distance_posts":true,"mapped_length_m":15627,"length_mismatch":false,"branching":false,"direction_verified_by":"distance_posts","loop":false}},{"type":"Feature","geometry":{"type":"LineString","coordinates":[[113.85639,22.20383],[113.8562,22.2036],[113.85603,22.20359],[113.85596,22.20339],[113.85588,22.2034],[113.85581,22.2033],[113.85578,22.20342],[113.85546,22.20344],[113.85536,22.20331],[113.85515,22.20333],[113.85487,22.20317],[113.85494,22.20299],[113.85357,22.20181],[113.85284,22.20079],[113.85252,22.19974],[113.85263,22.19886],[113.85311,22.19837],[113.8536,22.19828],[113.85378,22.19832],[113.85366,22.19814],[113.85356,22.19817],[113.85311,22.19801],[113.85296,22.1981],[113.85265,22.19807],[113.85229,22.19816],[113.85206,22.19775],[113.8518,22.19765],[113.85167,22.19768],[113.85159,22.19783],[113.85163,22.19837],[113.85151,22.19859],[113.85128,22.19875],[113.85061,22.1989],[113.85037,22.19916],[113.85,22.19907],[113.84954,22.19909],[113.84905,22.19889],[113.84864,22.19883],[113.84815,22.19857],[113.84794,22.19861],[113.84779,22.19873],[113.84752,22.1992],[113.84743,22.1997],[113.84746,22.20016],[113.84785,22.20074],[113.84815,22.20099],[113.84835,22.20139],[113.84855,22.20152],[113.849,22.20209],[113.84933,22.20199],[113.84934,22.20227],[113.84921,22.20259],[113.8493,22.20266],[113.84929,22.20318],[113.84944,22.20325]]},"properties":{"TRAIL_ID":"cty_16","TRAIL_NAME_EN":"FAN LAU COUNTRY TRAIL","TRAIL_NAME_TC":"分流郊遊徑","SECTION_NO":"0","TYPE_EN":"Country Trail","TYPE_TC":"郊遊徑","DIFFICULTY_EN":"Easy","DIFFICULTY_TC":"易行","REGION_EN":"Lantau Island","REGION_TC":"大嶼山","STARTpt_EN":"Lantau Trail Section 7","STARTpt_TC":"鳳凰徑第七段(落分流東灣)","FINISHpt_EN":"Fan Lau village","FINISHpt_TC":"分流村","WEBSITE":"https://www.hiking.gov.hk/trail/info/id/SnJ4Q3QwV3V3dW5FcHBsQ2RYM05pdz09","TEL":"1823","MEASURE_LEN":2000,"name_en":"Fan Lau Country Trail","name_tc":"分流郊遊徑","parent_id":null,"parent_en":null,"parent_tc":null,"parks_en":["Lantau South Country Park"],"parks_tc":["南大嶼郊野公園"],"has_distance_posts":true,"mapped_length_m":2386,"length_mismatch":true,"branching":false,"direction_verified_by":"distance_posts","loop":false}},{"type":"Feature","geometry":{"type":"LineString","coordinates":[[113.98871,22.40667],[113.98876,22.40659],[113.98866,22.40646],[113.98862,22.40587],[113.98854,22.40573],[113.98862,22.40531],[113.9888,22.40508],[113.98896,22.40418],[113.98894,22.40354],[113.98911,22.40326],[113.98919,22.40284],[113.98922,22.40248],[113.98915,22.40232],[113.98936,22.40177],[113.98946,22.40168],[113.98942,22.40136],[113.98952,22.40101],[113.98947,22.40093],[113.9888,22.40092],[113.98868,22.40084],[113.98848,22.40049],[113.98844,22.40023],[113.98825,22.40014],[113.98829,22.40003],[113.98819,22.39972],[113.988,22.39962],[113.98812,22.39926],[113.98803,22.39893],[113.98817,22.39889],[113.98824,22.39862],[113.98817,22.39839],[113.98796,22.39824],[113.98768,22.3983],[113.98763,22.39817],[113.98793,22.39798],[113.9882,22.39798],[113.98836,22.39758],[113.98851,22.39765],[113.98873,22.39758],[113.98894,22.39727],[113.9891,22.39682],[113.9893,22.39685],[113.98943,22.39708],[113.98952,22.39707],[113.98946,22.39669],[113.98915,22.39628],[113.98901,22.39589],[113.98904,22.39557],[113.98934,22.39551],[113.98978,22.39517],[113.99007,22.39475],[113.99002,22.39458],[113.99014,22.39456],[113.99049,22.39426],[113.99053,22.39445],[113.99074,22.3946],[113.99144,22.39473],[113.99154,22.39485],[113.99142,22.39511],[113.99144,22.39524],[113.99175,22.39536],[113.99155,22.39583],[113.99167,22.3961],[113.99173,22.39672],[113.99141,22.39712],[113.99129,22.39748],[113.99101,22.39787],[113.99098,22.39811],[113.99106,22.39837],[113.99098,22.3986],[113.99098,22.39916],[113.99089,22.39937],[113.99107,22.3995],[113.99111,22.39965],[113.99099,22.4001],[113.99109,22.40042],[113.99089,22.40126],[113.9909,22.4018],[113.99065,22.40238],[113.99079,22.40263],[113.99077,22.40288],[113.99026,22.40358],[113.99022,22.40372],[113.99032,22.40395],[113.99029,22.40414],[113.99009,22.40431],[113.9902,22.40444],[113.99028,22.40499],[113.99006,22.40559],[113.99027,22.40594],[113.99004,22.40642],[113.99011,22.40652],[113.99003,22.40696],[113.99007,22.40724],[113.98981,22.4073],[113.99002,22.40754],[113.99008,22.40776],[113.98999,22.40786],[113.99001,22.40833],[113.9899,22.40863],[113.98999,22.40903],[113.98986,22.40969],[113.98983,22.41037],[113.98969,22.41062],[113.98976,22.41095],[113.98968,22.41146]]},"properties":{"TRAIL_ID":"cty_32","TRAIL_NAME_EN":"FU TEI COUNTRY TRAIL","TRAIL_NAME_TC":"虎地郊遊徑","SECTION_NO":"0","TYPE_EN":"Country Trail","TYPE_TC":"郊遊徑","DIFFICULTY_EN":"Moderate","DIFFICULTY_TC":"普通","REGION_EN":"West New Territories","REGION_TC":"新界西區","STARTpt_EN":"Fu Tei barbecue area","STARTpt_TC":"虎地燒烤區","FINISHpt_EN":"End of Lam Tei Irrigation Reservoir","FINISHpt_TC":"藍地灌溉水塘尾","WEBSITE":"https://www.hiking.gov.hk/trail/info/id/K3BHR1o4SlVPNmFodG9ydjBvMlBvdz09","TEL":"1823","MEASURE_LEN":4000,"name_en":"Fu Tei Country Trail","name_tc":"虎地郊遊徑","parent_id":null,"parent_en":null,"parent_tc":null,"parks_en":["Tai Lam Country Park"],"parks_tc":["大欖郊野公園"],"has_distance_posts":true,"mapped_length_m":4119,"length_mismatch":false,"branching":false,"direction_verified_by":"distance_posts","loop":false}},{"type":"Feature","geometry":{"type":"MultiLineString","coordinates":[[[114.27068,22.51762],[114.27074,22.51756],[114.27076,22.51755],[114.27083,22.5175],[114.27098,22.51746],[114.27113,22.51753],[114.2713,22.51825],[114.27114,22.51855],[114.27121,22.51907],[114.27114,22.51929],[114.27112,22.52011],[114.271,22.52051],[114.27147,22.52048],[114.27189,22.52063],[114.27191,22.52088],[114.27169,22.52108],[114.27201,22.52123],[114.27204,22.52134],[114.27192,22.52154],[114.27223,22.52173],[114.27224,22.52197],[114.27207,22.52211],[114.27202,22.52226],[114.27226,22.52242],[114.27293,22.52245],[114.27353,22.52234],[114.27386,22.52238],[114.27424,22.52228],[114.2746,22.52236],[114.27488,22.52264],[114.27525,22.52253],[114.27599,22.52254],[114.27625,22.52241],[114.27634,22.5222],[114.27621,22.52197],[114.27626,22.52172],[114.27624,22.52147],[114.27617,22.52146],[114.27623,22.52124],[114.2767,22.5215],[114.27711,22.5215],[114.27737,22.52204],[114.27757,22.52205],[114.27765,22.52214],[114.27782,22.52213],[114.27802,22.52227],[114.27842,22.52224],[114.27845,22.52208],[114.27886,22.52181],[114.27899,22.52181],[114.27915,22.52197],[114.27935,22.52172],[114.27994,22.52178],[114.28024,22.5216],[114.28033,22.52162],[114.28024,22.52198],[114.28091,22.52182],[114.28144,22.52187],[114.28195,22.52209],[114.28206,22.52203],[114.28211,22.52259],[114.28246,22.52262],[114.28399,22.52318],[114.28492,22.52389],[114.28514,22.52413],[114.28512,22.52437],[114.28538,22.5244],[114.28542,22.52446]],[[114.2421,22.50544],[114.24276,22.50566],[114.24312,22.50568],[114.24343,22.50582],[114.24358,22.50563],[114.2438,22.50552],[114.24411,22.505],[114.24427,22.50453],[114.24457,22.50436],[114.24522,22.50377],[114.24616,22.50333],[114.2465,22.50336],[114.24673,22.50319],[114.24686,22.5032],[114.24708,22.50337],[114.24787,22.50295],[114.24826,22.5035],[114.24868,22.50369],[114.24892,22.50365],[114.24921,22.50338],[114.24942,22.50334],[114.24954,22.50342],[114.24964,22.50382],[114.2501,22.50382],[114.25028,22.5039],[114.25045,22.5041],[114.25082,22.5041],[114.25128,22.50427],[114.25189,22.50419],[114.25257,22.50452],[114.25338,22.50456],[114.25436,22.50438],[114.255,22.50401],[114.25552,22.50381],[114.25561,22.50358],[114.25587,22.50339],[114.25629,22.50319],[114.2565,22.50319],[114.25661,22.5031],[114.25709,22.50332],[114.25773,22.50334],[114.25821,22.50301],[114.25834,22.50278],[114.25865,22.50255],[114.25911,22.5024],[114.25933,22.50244],[114.25954,22.50229],[114.25983,22.50224],[114.26035,22.50244],[114.26048,22.50229],[114.26071,22.50233],[114.2613,22.50267],[114.26204,22.50267],[114.26261,22.50283],[114.26304,22.50272],[114.26313,22.50296],[114.26345,22.50309],[114.26401,22.50296],[114.26434,22.50299],[114.26504,22.50335],[114.26516,22.50333],[114.26526,22.5032],[114.26557,22.50313],[114.26588,22.50333],[114.26613,22.50339],[114.26648,22.50323],[114.26654,22.5031],[114.26676,22.50308],[114.26707,22.50326],[114.26737,22.50326],[114.26748,22.50341],[114.26768,22.50341],[114.26828,22.50384],[114.26856,22.50391],[114.26875,22.50446],[114.26908,22.50481],[114.26979,22.50483],[114.26976,22.50504],[114.26996,22.50547],[114.26989,22.50581],[114.26999,22.50606],[114.26994,22.50628],[114.27001,22.50665],[114.27028,22.50674],[114.27045,22.5067],[114.27068,22.50702],[114.27078,22.50703],[114.27133,22.50767],[114.27118,22.50786],[114.2715,22.50816],[114.27181,22.50831],[114.27207,22.50866],[114.27188,22.50906],[114.27184,22.50958],[114.27185,22.50986],[114.27199,22.50993],[114.27205,22.51012],[114.27188,22.51105],[114.2721,22.51231],[114.2719,22.51262],[114.27139,22.51277],[114.27131,22.51289],[114.27136,22.51295],[114.27167,22.5129],[114.27218,22.51319],[114.27214,22.51339],[114.27182,22.51352],[114.27176,22.51371],[114.27207,22.51383],[114.27207,22.51411],[114.2724,22.5149],[114.27245,22.51519],[114.27239,22.51527],[114.27229,22.51518],[114.27213,22.51523],[114.27188,22.51584],[114.27165,22.51599],[114.27167,22.5161],[114.27105,22.51696],[114.27082,22.51702],[114.2706,22.51726],[114.27057,22.5175],[114.27063,22.51753],[114.27065,22.51756],[114.27068,22.51764],[114.27085,22.51773],[114.27079,22.5179],[114.27022,22.5183],[114.26993,22.51814],[114.26955,22.51823],[114.26927,22.51806],[114.26874,22.51883],[114.26857,22.5189],[114.26831,22.51894],[114.26796,22.51878],[114.26781,22.51881],[114.26759,22.51902],[114.26725,22.51955],[114.26657,22.52007],[114.26645,22.5203],[114.26591,22.52049],[114.26563,22.52066],[114.26547,22.52112],[114.26537,22.52118],[114.26538,22.52143],[114.26512,22.52161],[114.26472,22.52173],[114.26461,22.52197],[114.26446,22.52205],[114.26444,22.52215],[114.26475,22.52236],[114.26487,22.52263],[114.26461,22.52353],[114.26437,22.52385],[114.26431,22.52458],[114.26436,22.52509],[114.26413,22.52562],[114.26388,22.52566],[114.26347,22.52533],[114.26324,22.52471],[114.26306,22.52464],[114.26304,22.52483],[114.26269,22.52494],[114.26219,22.52528],[114.26196,22.52531],[114.26181,22.52546],[114.26166,22.52545],[114.26139,22.52569],[114.26134,22.52577],[114.26147,22.526],[114.26163,22.52588],[114.26176,22.52589],[114.2616,22.52639],[114.26081,22.52674],[114.26087,22.52689],[114.26061,22.52715],[114.26085,22.5273],[114.26132,22.52744],[114.26179,22.52777],[114.26226,22.52791],[114.26238,22.52834],[114.2624,22.52895],[114.26272,22.5297]]]},"properties":{"TRAIL_ID":"cty_33","TRAIL_NAME_EN":"DOUBLE HAVEN COUNTRY TRAIL","TRAIL_NAME_TC":"印洲塘郊遊徑","SECTION_NO":"0","TYPE_EN":"Country Trail","TYPE_TC":"郊遊徑","DIFFICULTY_EN":"Demanding","DIFFICULTY_TC":"費力","REGION_EN":"North New Territories","REGION_TC":"新界北區","STARTpt_EN":"Wu Kau Tang","STARTpt_TC":"烏蛟騰","FINISHpt_EN":"Lai Chi Wo Pier","FINISHpt_TC":"荔枝窩碼頭","WEBSITE":"https://www.hiking.gov.hk/trail/info/id/a0h1NVNNdFp6UGFuUXZhblNLQ09UUT09","TEL":"1823","MEASURE_LEN":13200,"name_en":"Double Haven Country Trail","name_tc":"印洲塘郊遊徑","parent_id":null,"parent_en":null,"parent_tc":null,"parks_en":["Plover Cove Country Park"],"parks_tc":["船灣郊野公園"],"has_distance_posts":true,"mapped_length_m":10516,"length_mismatch":true,"branching":true,"direction_verified_by":"distance_posts","loop":false}},{"type":"Feature","geometry":{"type":"LineString","coordinates":[[114.19488,22.25717],[114.19449,22.25698],[114.19462,22.2564],[114.19441,22.25628],[114.19447,22.25613],[114.19457,22.2561],[114.19448,22.256],[114.19449,22.25575],[114.19465,22.25554],[114.19475,22.25517],[114.19492,22.25496],[114.19506,22.25448],[114.19523,22.25424],[114.19525,22.254],[114.19537,22.25387],[114.1957,22.25379],[114.19584,22.25366],[114.19636,22.25359],[114.19692,22.25339],[114.19714,22.25271],[114.1972,22.25238],[114.19715,22.25228],[114.19767,22.25164],[114.19795,22.25145],[114.19811,22.25065],[114.19846,22.25036],[114.19856,22.24963],[114.19885,22.24969],[114.19926,22.24942],[114.19971,22.25021],[114.19965,22.25035],[114.1997,22.25074],[114.19955,22.25083],[114.19944,22.25152],[114.19953,22.25171],[114.19957,22.25217],[114.19982,22.25254],[114.19983,22.25334],[114.1992,22.25438],[114.19904,22.25454],[114.19882,22.25458],[114.19855,22.25512],[114.19855,22.25555],[114.19833,22.25598],[114.19828,22.25635],[114.1979,22.25645],[114.19797,22.25679],[114.19829,22.25732],[114.19814,22.25753],[114.19811,22.25774],[114.1977,22.25768],[114.19751,22.25776]]},"properties":{"TRAIL_ID":"cty_1","TRAIL_NAME_EN":"TAI TAM COUNTRY TRAIL","TRAIL_NAME_TC":"大潭郊遊徑","SECTION_NO":"0","TYPE_EN":"Country Trail","TYPE_TC":"郊遊徑","DIFFICULTY_EN":"Demanding","DIFFICULTY_TC":"費力","REGION_EN":"Hong Kong Island","REGION_TC":"香港島","STARTpt_EN":"Wong Nai Chung Reservoir Park","STARTpt_TC":"黃泥涌水塘公園","FINISHpt_EN":"Wong Nai Chung Reservoir Park","FINISHpt_TC":"黃泥涌水塘公園","WEBSITE":"https://www.hiking.gov.hk/trail/info/id/bGxMc2FyRXQvajBqQXFSNHlHOUlTZz09","TEL":"1823","MEASURE_LEN":2600,"name_en":"Tai Tam Country Trail","name_tc":"大潭郊遊徑","parent_id":null,"parent_en":null,"parent_tc":null,"parks_en":["Tai Tam Country Park"],"parks_tc":["大潭郊野公園"],"has_distance_posts":true,"mapped_length_m":2365,"length_mismatch":false,"branching":false,"direction_verified_by":"distance_posts","loop":false}},{"type":"Feature","geometry":{"type":"LineString","coordinates":[[114.28907,22.36579],[114.28914,22.3658],[114.2889,22.36644],[114.28937,22.36594],[114.28941,22.36648],[114.28988,22.36641],[114.28998,22.36624],[114.29021,22.36617],[114.2904,22.36593],[114.29032,22.36565],[114.29043,22.36549],[114.29109,22.36526],[114.29122,22.36515],[114.29155,22.36517],[114.29167,22.36511],[114.29182,22.36496],[114.2918,22.36462],[114.29216,22.36415],[114.2923,22.364],[114.29263,22.36392],[114.29281,22.36356],[114.29321,22.36333],[114.29337,22.36312],[114.29333,22.36283],[114.29348,22.36243],[114.2934,22.36215],[114.29346,22.36195],[114.29415,22.36166],[114.29458,22.36077],[114.29452,22.36054],[114.29465,22.35998],[114.29482,22.35968],[114.29513,22.35946],[114.29524,22.35918],[114.2954,22.35903],[114.29534,22.35887],[114.29543,22.35874],[114.29544,22.3585],[114.29531,22.35809],[114.29564,22.35767],[114.29629,22.35742],[114.29649,22.35723],[114.29648,22.35681],[114.29619,22.35675],[114.29586,22.35711],[114.29553,22.3572]]},"properties":{"TRAIL_ID":"cty_34","TRAIL_NAME_EN":"SHARP ISLAND COUNTRY TRAIL","TRAIL_NAME_TC":"橋咀郊遊徑","SECTION_NO":"0","TYPE_EN":"Country Trail","TYPE_TC":"郊遊徑","DIFFICULTY_EN":"Easy","DIFFICULTY_TC":"易行","REGION_EN":"Sai Kung","REGION_TC":"西貢","STARTpt_EN":"Kiu Tsui","STARTpt_TC":"橋咀","FINISHpt_EN":"Hap Mun Bay","FINISHpt_TC":"廈門灣","WEBSITE":"https://www.hiking.gov.hk/trail/info/id/ZnovL1lLVDZuRUxZR3JhWlNidkZzQT09","TEL":"1823","MEASURE_LEN":1900,"name_en":"Sharp Island Country Trail","name_tc":"橋咀郊遊徑","parent_id":null,"parent_en":null,"parent_tc":null,"parks_en":["Kiu Tsui Country Park"],"parks_tc":["橋咀郊野公園"],"has_distance_posts":true,"mapped_length_m":1889,"length_mismatch":false,"branching":false,"direction_verified_by":"distance_posts","loop":false}},{"type":"Feature","geometry":{"type":"LineString","coordinates":[[114.21585,22.55228],[114.21562,22.55252],[114.21487,22.55284],[114.21458,22.55287],[114.21448,22.55296],[114.21397,22.55268],[114.21299,22.55272],[114.2126,22.55285],[114.21219,22.55273],[114.21191,22.5528],[114.21157,22.55271],[114.21088,22.55285],[114.21076,22.55296],[114.21075,22.55316],[114.21,22.5528],[114.20927,22.55214],[114.20892,22.55195],[114.20897,22.55173],[114.20877,22.5514],[114.20856,22.55135],[114.20817,22.55089],[114.20783,22.5508],[114.20749,22.55084],[114.20702,22.55073],[114.20668,22.55076],[114.20631,22.54995],[114.20613,22.54983],[114.20616,22.5498],[114.20606,22.54968],[114.20596,22.5497],[114.2052,22.54905],[114.20473,22.54888],[114.20452,22.54872],[114.20425,22.54869],[114.20371,22.54826],[114.20337,22.54812],[114.2032,22.54761],[114.20299,22.54724],[114.20302,22.54692],[114.20295,22.54674],[114.20235,22.54629],[114.20237,22.5459],[114.20227,22.54565],[114.20191,22.54535],[114.20183,22.54512],[114.20184,22.5447],[114.20128,22.54408],[114.20064,22.54359],[114.20054,22.54323],[114.20019,22.5435],[114.19981,22.54362],[114.19916,22.54344],[114.19857,22.54356],[114.19827,22.54339],[114.19796,22.54336],[114.19661,22.54347],[114.19601,22.54369],[114.19521,22.54356],[114.19473,22.54327],[114.19461,22.54282],[114.19433,22.54263],[114.19475,22.54185],[114.19445,22.5418],[114.19419,22.54094],[114.19382,22.54064],[114.19362,22.54036],[114.19319,22.54007],[114.19316,22.53984],[114.19297,22.53952],[114.19275,22.53939],[114.19249,22.53945],[114.19231,22.53936]]},"properties":{"TRAIL_ID":"cty_35","TRAIL_NAME_EN":"ROBIN'S NEST COUNTRY TRAIL","TRAIL_NAME_TC":"紅花嶺郊遊徑","SECTION_NO":"0","TYPE_EN":"Country Trail","TYPE_TC":"郊遊徑","DIFFICULTY_EN":"Difficult","DIFFICULTY_TC":"難行","REGION_EN":"North New Territories","REGION_TC":"新界北區","STARTpt_EN":"Shan Tsui","STARTpt_TC":"山咀","FINISHpt_EN":"Hung Fa Chai","FINISHpt_TC":"紅花寨","WEBSITE":"https://www.hiking.gov.hk/trail/info/id/VHBSaWIrMzR0aWN5RnFhWitoeFN0UT09","TEL":"1823","MEASURE_LEN":3500,"name_en":"Robin's Nest Country Trail","name_tc":"紅花嶺郊遊徑","parent_id":null,"parent_en":null,"parent_tc":null,"parks_en":["Robin's Nest Country Park"],"parks_tc":["紅花嶺郊野公園"],"has_distance_posts":true,"mapped_length_m":3598,"length_mismatch":false,"branching":false,"direction_verified_by":"distance_posts","loop":false}},{"type":"Feature","geometry":{"type":"LineString","coordinates":[[114.18198,22.55294],[114.18215,22.55308],[114.18211,22.55324],[114.18219,22.55338],[114.18239,22.55343],[114.18269,22.55351],[114.18337,22.55325],[114.18378,22.55324],[114.18417,22.55332],[114.18461,22.55366],[114.18517,22.55299],[114.1858,22.55272],[114.18666,22.55268],[114.18682,22.55255],[114.18701,22.55251],[114.18748,22.55224],[114.18763,22.55191],[114.18812,22.55162],[114.18797,22.55116],[114.18819,22.55101],[114.18827,22.55039],[114.18854,22.55028],[114.18872,22.54988],[114.18898,22.5498],[114.18919,22.5496],[114.18939,22.54957],[114.18948,22.54934],[114.19029,22.54868],[114.19047,22.54802],[114.19065,22.54767],[114.19081,22.54753],[114.19075,22.54729],[114.19022,22.54677],[114.19031,22.54656],[114.19066,22.54633],[114.19082,22.54593],[114.19078,22.54539],[114.19054,22.54512],[114.19048,22.54486],[114.19048,22.54465],[114.19069,22.54425],[114.1904,22.54329],[114.19044,22.54318],[114.19074,22.54304],[114.19077,22.54294],[114.1904,22.54239],[114.1907,22.54227],[114.19074,22.54197],[114.1912,22.54172],[114.19123,22.54118],[114.19077,22.54069],[114.19102,22.54063],[114.19126,22.54044],[114.19164,22.54037],[114.1919,22.53973],[114.19215,22.53941],[114.19231,22.53936]]},"properties":{"TRAIL_ID":"cty_36","TRAIL_NAME_EN":"LIN MA HANG COUNTRY TRAIL","TRAIL_NAME_TC":"蓮麻坑郊遊徑","SECTION_NO":"0","TYPE_EN":"Country Trail","TYPE_TC":"郊遊徑","DIFFICULTY_EN":"Difficult","DIFFICULTY_TC":"難行","REGION_EN":"North New Territories","REGION_TC":"新界北區","STARTpt_EN":"Lin Ma Hang","STARTpt_TC":"蓮麻坑","FINISHpt_EN":"Hung Fa Chai","FINISHpt_TC":"紅花寨","WEBSITE":"https://www.hiking.gov.hk/trail/info/id/UFNRbC8yekNibFVpdWN5eW5XZ2c0Zz09","TEL":"1823","MEASURE_LEN":2600,"name_en":"Lin Ma Hang Country Trail","name_tc":"蓮麻坑郊遊徑","parent_id":null,"parent_en":null,"parent_tc":null,"parks_en":["Robin's Nest Country Park"],"parks_tc":["紅花嶺郊野公園"],"has_distance_posts":true,"mapped_length_m":2564,"length_mismatch":false,"branching":false,"direction_verified_by":"distance_posts","loop":false}},{"type":"Feature","geometry":{"type":"MultiLineString","coordinates":[[[113.91384,22.25517],[113.91388,22.25535],[113.91389,22.2554],[113.91396,22.25553],[113.91397,22.2556],[113.91399,22.25605],[113.914,22.25613],[113.91402,22.25627],[113.91404,22.2563],[113.91409,22.25635],[113.9141,22.25637],[113.9141,22.25641],[113.91412,22.25645],[113.91414,22.25646],[113.91417,22.25649],[113.9142,22.25654],[113.9142,22.25655],[113.91421,22.25663],[113.91423,22.25668],[113.91424,22.2567],[113.91424,22.25672],[113.91423,22.25673],[113.91423,22.25674],[113.91421,22.25674],[113.9142,22.25673],[113.91365,22.25659],[113.91353,22.25658],[113.91315,22.2569],[113.91257,22.25694],[113.91232,22.25721],[113.91198,22.25721],[113.91152,22.25732],[113.91117,22.25787],[113.91053,22.25821],[113.91012,22.2581],[113.90955,22.25821],[113.90876,22.25866],[113.90792,22.25896],[113.90755,22.25939],[113.90661,22.2598],[113.90649,22.25992],[113.90615,22.26076],[113.90625,22.26115],[113.90604,22.26147],[113.90589,22.26156],[113.90593,22.26166],[113.90581,22.26214],[113.90589,22.26266],[113.9057,22.26292],[113.90556,22.2633],[113.90566,22.26347],[113.90574,22.26394],[113.90602,22.26423],[113.90595,22.26451],[113.90626,22.26472],[113.90635,22.26486],[113.90636,22.2653],[113.90614,22.26564],[113.90637,22.26604],[113.90637,22.26626],[113.90669,22.26674],[113.9073,22.26701],[113.90758,22.26762],[113.90775,22.26819],[113.90869,22.26898],[113.90884,22.26901],[113.90919,22.2689],[113.90941,22.26907],[113.90969,22.26944],[113.91002,22.26968],[113.91007,22.26985],[113.91027,22.26998],[113.91076,22.26997],[113.91092,22.2698],[113.91107,22.26977],[113.91153,22.27002],[113.91239,22.27006],[113.91261,22.27],[113.91305,22.26939],[113.913,22.26912],[113.91306,22.26854],[113.9127,22.26809],[113.91267,22.26793],[113.91304,22.26748],[113.91342,22.26718],[113.91407,22.26698],[113.91423,22.26687],[113.91427,22.26643],[113.91442,22.26621],[113.9144,22.2658],[113.91507,22.2651],[113.91507,22.26441],[113.91529,22.26395],[113.91567,22.2635],[113.91592,22.26303],[113.91592,22.26269],[113.91606,22.26229],[113.91592,22.26159],[113.91595,22.26132],[113.91611,22.26117],[113.91605,22.26084],[113.91594,22.26065],[113.91563,22.26048],[113.9154,22.26046],[113.91515,22.26021],[113.91464,22.25993],[113.91474,22.2597],[113.91518,22.2594],[113.91491,22.25908],[113.91472,22.25868],[113.91469,22.2584],[113.91479,22.25804],[113.91459,22.25757],[113.91462,22.25738],[113.91434,22.25706],[113.91423,22.25673]],[[113.91423,22.25673],[113.91402,22.25627],[113.91397,22.2556],[113.91389,22.2554],[113.91384,22.25517]]]},"properties":{"TRAIL_ID":"cty_20","TRAIL_NAME_EN":"NEI LAK SHAN COUNTRY TRAIL","TRAIL_NAME_TC":"彌勒山郊遊徑","SECTION_NO":"0","TYPE_EN":"Country Trail","TYPE_TC":"郊遊徑","DIFFICULTY_EN":"Moderate","DIFFICULTY_TC":"普通","REGION_EN":"Lantau Island","REGION_TC":"大嶼山","STARTpt_EN":"Dong Shan Fa Mun","STARTpt_TC":"東山法門","FINISHpt_EN":"Dong Shan Fa Mun","FINISHpt_TC":"東山法門","WEBSITE":"https://www.hiking.gov.hk/trail/info/id/OGdwWlNpL1VmT3FQYndjVjljNklCZz09","TEL":"1823","MEASURE_LEN":5000,"name_en":"Nei Lak Shan Country Trail","name_tc":"彌勒山郊遊徑","parent_id":null,"parent_en":null,"parent_tc":null,"parks_en":["Lantau North Country Park"],"parks_tc":["北大嶼郊野公園"],"has_distance_posts":true,"mapped_length_m":4830,"length_mismatch":false,"branching":true,"direction_verified_by":"distance_posts","loop":true}},{"type":"Feature","geometry":{"type":"LineString","coordinates":[[114.11546,22.43523],[114.11586,22.43554],[114.11539,22.43608],[114.11526,22.43637],[114.11515,22.43636],[114.11499,22.43707],[114.11443,22.43754],[114.11412,22.43815],[114.11392,22.43898],[114.11377,22.43905],[114.11384,22.43913],[114.11376,22.43925],[114.11342,22.43935],[114.1135,22.43943],[114.11314,22.43947],[114.1133,22.43986],[114.11328,22.44009],[114.11323,22.44023],[114.11294,22.44043],[114.11268,22.4408],[114.11247,22.44127],[114.11271,22.44166],[114.11269,22.44213],[114.11216,22.44286],[114.11199,22.44333],[114.11195,22.44401],[114.11207,22.44407],[114.11204,22.44415],[114.11224,22.44423],[114.11232,22.44445],[114.11269,22.4449],[114.11275,22.4452],[114.11349,22.44603],[114.11369,22.44654],[114.11408,22.44689],[114.11429,22.4474],[114.11455,22.44757],[114.11466,22.44786],[114.11503,22.44829],[114.11511,22.44853],[114.11558,22.44876],[114.11648,22.44965],[114.11696,22.44984],[114.11735,22.45038],[114.11825,22.45104],[114.11849,22.45157],[114.1183,22.45222],[114.1184,22.45268],[114.11863,22.45291],[114.1189,22.45302],[114.11887,22.45314],[114.11903,22.45312],[114.1191,22.45327],[114.11933,22.45338],[114.11934,22.45365],[114.11942,22.45377],[114.12046,22.4548],[114.12098,22.45514],[114.12129,22.45521],[114.12144,22.45541],[114.1218,22.45561],[114.12174,22.45596],[114.12193,22.45622],[114.12196,22.45692],[114.12209,22.45759],[114.12236,22.45802],[114.12297,22.45863],[114.12335,22.45885],[114.12378,22.45924],[114.1239,22.4595],[114.12385,22.4598],[114.12391,22.46003],[114.12439,22.46045],[114.12411,22.46104],[114.12406,22.46135],[114.12458,22.46236],[114.12479,22.46319],[114.12483,22.4638],[114.12498,22.46424],[114.12513,22.46436],[114.12566,22.46439],[114.1261,22.46453],[114.12665,22.46446],[114.12702,22.46452],[114.12736,22.46431],[114.12757,22.4646],[114.12758,22.46528],[114.12768,22.46545],[114.12793,22.46556],[114.12796,22.46564],[114.12794,22.46581],[114.12773,22.46591],[114.12778,22.46601],[114.12758,22.46609],[114.1277,22.46621],[114.12764,22.46631],[114.12784,22.46656],[114.12805,22.46666],[114.12826,22.46703],[114.12871,22.46708],[114.12897,22.46748],[114.12952,22.46752],[114.12982,22.46782],[114.12987,22.468],[114.13013,22.4683],[114.12903,22.46824],[114.12884,22.46833],[114.12854,22.46826],[114.12801,22.46854],[114.12767,22.46957],[114.12762,22.47021],[114.12754,22.47029],[114.12731,22.47032],[114.12697,22.4706],[114.12654,22.4708],[114.12628,22.47119],[114.12594,22.47152],[114.12597,22.47189],[114.12552,22.47217],[114.12552,22.47245],[114.12525,22.47285],[114.12536,22.47326],[114.12524,22.47334],[114.12536,22.47358],[114.12504,22.47423]]},"properties":{"TRAIL_ID":"cty_37","TRAIL_NAME_EN":"TAI TO YAN COUNTRY TRAIL","TRAIL_NAME_TC":"大刀屻郊遊徑","SECTION_NO":"0","TYPE_EN":"Country Trail","TYPE_TC":"郊遊徑","DIFFICULTY_EN":"Difficult","DIFFICULTY_TC":"難行","REGION_EN":"North New Territories","REGION_TC":"新界北區","STARTpt_EN":"Kadoorie Farm and Botanic Garden","STARTpt_TC":"嘉道理農場暨植物園","FINISHpt_EN":"The junction of country trail with the paths to Ying Pun and Fanling","FINISHpt_TC":"郊遊徑與往營盤及粉嶺的交接點","WEBSITE":null,"TEL":"1823","MEASURE_LEN":6300,"name_en":"Tai To Yan Country Trail","name_tc":"大刀屻郊遊徑","parent_id":null,"parent_en":null,"parent_tc":null,"parks_en":["Lam Tsuen Country Park"],"parks_tc":["林村郊野公園"],"has_distance_posts":true,"mapped_length_m":6096,"length_mismatch":false,"branching":false,"direction_verified_by":"distance_posts","loop":false}},{"type":"Feature","geometry":{"type":"LineString","coordinates":[[114.16044,22.25372],[114.15891,22.25329],[114.15854,22.25301],[114.15877,22.25362],[114.15937,22.2544],[114.15955,22.25482],[114.15963,22.25492],[114.15995,22.25501],[114.1601,22.25519],[114.16022,22.25598],[114.16049,22.25643],[114.16064,22.25705],[114.16077,22.25709],[114.16122,22.25704],[114.1614,22.25712],[114.16158,22.25759],[114.16148,22.25789],[114.16161,22.25821],[114.16162,22.25868],[114.16185,22.2589],[114.16223,22.2585],[114.16271,22.25842],[114.16325,22.25878],[114.16337,22.2587],[114.16339,22.25856],[114.16335,22.25807],[114.16314,22.2577],[114.1632,22.25739],[114.16294,22.25728],[114.16297,22.25699],[114.16162,22.25672],[114.16058,22.25577],[114.16052,22.25543],[114.16069,22.25518],[114.16128,22.25473],[114.16131,22.25401],[114.16127,22.25394],[114.16081,22.25393],[114.16045,22.25372]]},"properties":{"TRAIL_ID":"fit_1","TRAIL_NAME_EN":"ABERDEEN FITNESS TRAIL","TRAIL_NAME_TC":"香港仔健身徑","SECTION_NO":"0","TYPE_EN":"Fitness Trail","TYPE_TC":"健身徑","DIFFICULTY_EN":"Moderate","DIFFICULTY_TC":"普通","REGION_EN":"Hong Kong Island","REGION_TC":"香港島","STARTpt_EN":"The entrance of Aberdeen Country Park near Yue Kwong Chuen","STARTpt_TC":"香港仔郊野公園近漁光邨入口","FINISHpt_EN":"The entrance of Aberdeen Country Park near Yue Kwong Chuen","FINISHpt_TC":"香港仔郊野公園近漁光邨入口","WEBSITE":"http://www.afcd.gov.hk/english/country/cou_vis/cou_vis_fitjog/cou_vis_fitjog.html","TEL":"1823","MEASURE_LEN":2100,"name_en":"Aberdeen Fitness Trail","name_tc":"香港仔健身徑","parent_id":null,"parent_en":null,"parent_tc":null,"parks_en":[],"parks_tc":[],"has_distance_posts":false,"mapped_length_m":2069,"length_mismatch":false,"branching":false,"direction_verified_by":null,"loop":true}},{"type":"Feature","geometry":{"type":"LineString","coordinates":[[113.98272,22.39439],[113.98258,22.39381],[113.98243,22.39369],[113.98228,22.39336],[113.98258,22.39298],[113.98259,22.39264],[113.98304,22.39194],[113.98301,22.39158],[113.98325,22.39134],[113.9831,22.39096],[113.98304,22.3902],[113.98338,22.38978],[113.98339,22.38968],[113.98317,22.38938],[113.98319,22.38887],[113.98347,22.38822],[113.98373,22.38807],[113.98383,22.38789],[113.98381,22.38747],[113.98369,22.38724],[113.98379,22.38695],[113.9837,22.3867],[113.98387,22.38627],[113.98382,22.38584],[113.98414,22.38485],[113.98394,22.38394],[113.98413,22.38364],[113.98411,22.38329],[113.98395,22.38312],[113.98396,22.38271],[113.98379,22.38235],[113.9836,22.3822],[113.98335,22.38218],[113.9832,22.38193],[113.9835,22.38147],[113.98368,22.38137],[113.98406,22.38141],[113.98466,22.38092],[113.98478,22.38076],[113.98458,22.38048],[113.98454,22.38022],[113.98487,22.37998],[113.98538,22.37982],[113.98563,22.3796],[113.98594,22.37961],[113.98652,22.3794],[113.98688,22.37917],[113.98758,22.3793],[113.98804,22.37882],[113.98858,22.37912],[113.98887,22.37907],[113.98906,22.37898],[113.98911,22.37866],[113.98934,22.37838],[113.98965,22.3784],[113.99004,22.37826],[113.99088,22.3786],[113.99108,22.37889],[113.99121,22.37893],[113.9914,22.37879],[113.99171,22.37886],[113.99211,22.3788],[113.99252,22.37824],[113.99267,22.37818],[113.99352,22.37843],[113.9939,22.37821],[113.99498,22.37814],[113.99553,22.37818]]},"properties":{"TRAIL_ID":"fit_5","TRAIL_NAME_EN":"TUEN MUN FITNESS TRAIL","TRAIL_NAME_TC":"屯門健身徑","SECTION_NO":"0","TYPE_EN":"Fitness Trail","TYPE_TC":"健身徑","DIFFICULTY_EN":"Easy","DIFFICULTY_TC":"易行","REGION_EN":"West New Territories","REGION_TC":"新界西區","STARTpt_EN":"The end of the catchwater road along Stage 10 of MacLehose Trail","STARTpt_TC":"麥理浩徑十段引水道的盡頭","FINISHpt_EN":"So Kwun Wat","FINISHpt_TC":"掃管笏","WEBSITE":"http://www.afcd.gov.hk/english/country/cou_vis/cou_vis_fitjog/cou_vis_fitjog.html","TEL":"1823","MEASURE_LEN":3100,"name_en":"Tuen Mun Fitness Trail","name_tc":"屯門健身徑","parent_id":null,"parent_en":null,"parent_tc":null,"parks_en":[],"parks_tc":[],"has_distance_posts":false,"mapped_length_m":3188,"length_mismatch":false,"branching":false,"direction_verified_by":null,"loop":false}},{"type":"Feature","geometry":{"type":"LineString","coordinates":[[114.14949,22.27129],[114.14935,22.27172],[114.14955,22.27208],[114.14952,22.27235],[114.14936,22.27255],[114.14898,22.27284],[114.14884,22.27394],[114.14905,22.27433],[114.14904,22.27473],[114.14934,22.27502],[114.14936,22.27552],[114.14886,22.27583],[114.14861,22.27562],[114.14831,22.27577],[114.14792,22.27648],[114.1481,22.27728],[114.14741,22.27778],[114.14692,22.27788],[114.14681,22.27815],[114.14651,22.27843],[114.14636,22.27847],[114.14501,22.27833],[114.14488,22.27816],[114.14478,22.2778],[114.1441,22.27752],[114.14375,22.27751],[114.14319,22.27762],[114.14263,22.27745],[114.14193,22.27655],[114.14191,22.27612],[114.14172,22.27558],[114.14156,22.27545],[114.14078,22.27521],[114.14043,22.27522],[114.13997,22.27499],[114.13934,22.27496],[114.13866,22.27459],[114.13856,22.27444],[114.13861,22.27415],[114.13885,22.27357],[114.13931,22.27296],[114.13817,22.27344],[114.13759,22.27335],[114.13695,22.27339],[114.13664,22.27329],[114.13627,22.27338],[114.13604,22.27325],[114.13547,22.27321],[114.13439,22.27345],[114.13374,22.27339],[114.13311,22.27355],[114.13308,22.27348],[114.13291,22.27346],[114.13296,22.27299],[114.13291,22.27266],[114.1328,22.27254],[114.13314,22.27229],[114.13355,22.27129],[114.1334,22.27073],[114.1335,22.27052],[114.13334,22.27037],[114.13341,22.27022],[114.13369,22.27008],[114.1337,22.26989],[114.13389,22.26953],[114.13373,22.2696],[114.13406,22.26896],[114.13407,22.26865],[114.13428,22.26846],[114.13445,22.26846],[114.13458,22.26813],[114.13483,22.26796],[114.1348,22.26773],[114.13499,22.26763],[114.13504,22.26752],[114.13493,22.26725],[114.13539,22.26628],[114.13559,22.26623],[114.13604,22.26632],[114.13645,22.26621],[114.13666,22.26646],[114.13689,22.26651],[114.13693,22.26668],[114.13762,22.26701],[114.13767,22.2673],[114.13755,22.26743],[114.13759,22.26766],[114.13777,22.26773],[114.13783,22.26792],[114.13795,22.26787],[114.13808,22.26767],[114.13837,22.26754],[114.13888,22.26781],[114.13897,22.26797],[114.13875,22.26815],[114.1387,22.26832],[114.13909,22.26823],[114.13963,22.26829],[114.13948,22.2681],[114.13954,22.26786],[114.13981,22.26786],[114.14004,22.26807],[114.14025,22.26783],[114.14047,22.26777],[114.14093,22.26812],[114.14123,22.26822],[114.14129,22.26832],[114.14117,22.26846],[114.14123,22.2686],[114.14151,22.26866],[114.14178,22.26892],[114.14217,22.26854],[114.14242,22.26862],[114.1426,22.26854],[114.14299,22.26852],[114.14308,22.26865],[114.1433,22.26849],[114.14349,22.26855],[114.14346,22.26871],[114.1436,22.26891],[114.14437,22.26889],[114.14551,22.26916],[114.14602,22.26884],[114.14631,22.26889],[114.14647,22.26882],[114.14612,22.26854],[114.14574,22.26846],[114.14532,22.26856],[114.14523,22.26846],[114.14503,22.26844],[114.14494,22.26826],[114.14499,22.2679],[114.1449,22.26786],[114.14469,22.26799],[114.14449,22.26792],[114.14426,22.26756],[114.14409,22.26746],[114.14409,22.26721],[114.14382,22.26705],[114.14384,22.2668],[114.14324,22.2668],[114.14271,22.26667],[114.14268,22.26651]]},"properties":{"TRAIL_ID":"hk_1","TRAIL_NAME_EN":"HONG KONG TRAIL","TRAIL_NAME_TC":"港島徑","SECTION_NO":"1","TYPE_EN":"Long Distance Trail","TYPE_TC":"長途遠足徑","DIFFICULTY_EN":"Moderate","DIFFICULTY_TC":"普通","REGION_EN":"Hong Kong Island","REGION_TC":"香港島","STARTpt_EN":"The Peak","STARTpt_TC":"山頂","FINISHpt_EN":"Pok Fu Lam Reservoir Road","FINISHpt_TC":"薄扶林水塘道","WEBSITE":"https://www.hiking.gov.hk/trail/info/id/MkpYc3Jud1ZjS2RFbzE1Qkhza0htdz09","TEL":"1823","MEASURE_LEN":7000,"name_en":"Hong Kong Trail Section 1","name_tc":"港島徑第一段","parent_id":"hk","parent_en":"Hong Kong Trail","parent_tc":"港島徑","parks_en":["Lung Fu Shan Country Park","Pok Fu Lam Country Park"],"parks_tc":["龍虎山郊野公園","薄扶林郊野公園"],"has_distance_posts":true,"mapped_length_m":6334,"length_mismatch":false,"branching":false,"direction_verified_by":"distance_posts","loop":false}},{"type":"Feature","geometry":{"type":"LineString","coordinates":[[114.14268,22.26651],[114.14244,22.26611],[114.14248,22.26586],[114.14197,22.26557],[114.14173,22.26506],[114.14143,22.26536],[114.14146,22.26571],[114.14134,22.26586],[114.14074,22.26584],[114.1405,22.26567],[114.14074,22.26509],[114.14091,22.26502],[114.14117,22.26473],[114.1413,22.26443],[114.14165,22.26401],[114.14179,22.26352],[114.14122,22.26305],[114.14062,22.26195],[114.14054,22.26162],[114.14072,22.26145],[114.1407,22.26082],[114.14081,22.26076],[114.14111,22.26082],[114.14148,22.26111],[114.14185,22.261],[114.14254,22.26095],[114.14266,22.26079],[114.14243,22.25998],[114.14246,22.2599],[114.14278,22.25991],[114.14311,22.26041],[114.14334,22.26054],[114.14361,22.2599],[114.14383,22.25982],[114.14398,22.25961],[114.14421,22.25961],[114.14439,22.25951],[114.14473,22.25967],[114.14519,22.2594],[114.14541,22.25897],[114.14599,22.25856],[114.14599,22.25833],[114.14621,22.25827],[114.14682,22.25761],[114.14707,22.25709],[114.14708,22.25693],[114.14753,22.25617],[114.1473,22.25602],[114.14671,22.25589],[114.14644,22.25547],[114.14629,22.25459],[114.14617,22.2545],[114.1459,22.25451],[114.14579,22.2544],[114.14592,22.25373],[114.14608,22.25357],[114.14616,22.25335],[114.14611,22.25301],[114.14592,22.25287],[114.1457,22.25289],[114.1456,22.25259],[114.14547,22.2525],[114.14451,22.25228],[114.14444,22.25217],[114.14452,22.25201],[114.14505,22.25182],[114.14541,22.2518],[114.14602,22.25165],[114.14592,22.25156],[114.14607,22.2516],[114.14622,22.25178],[114.14624,22.25172],[114.14636,22.25189],[114.14662,22.25208],[114.14705,22.25227],[114.14721,22.25221],[114.14801,22.25234],[114.14815,22.25246],[114.14821,22.25281],[114.14864,22.25302],[114.14898,22.25356],[114.14911,22.25356],[114.14951,22.25335],[114.15047,22.25369],[114.15087,22.25407],[114.15179,22.25413],[114.15215,22.25456],[114.15233,22.25504],[114.15289,22.25538],[114.15352,22.25621],[114.15366,22.25625],[114.15381,22.25608],[114.15358,22.25565]]},"properties":{"TRAIL_ID":"hk_2","TRAIL_NAME_EN":"HONG KONG TRAIL","TRAIL_NAME_TC":"港島徑","SECTION_NO":"2","TYPE_EN":"Long Distance Trail","TYPE_TC":"長途遠足徑","DIFFICULTY_EN":"Moderate","DIFFICULTY_TC":"普通","REGION_EN":"Hong Kong Island","REGION_TC":"香港島","STARTpt_EN":"Pok Fu Lam Reservoir Road","STARTpt_TC":"薄扶林水塘道","FINISHpt_EN":"Peel Rise","FINISHpt_TC":"貝璐道","WEBSITE":"https://www.hiking.gov.hk/trail/info/id/TnY1M1V3ajM0MEZnRE5TbzRSVUJ3QT09","TEL":"1823","MEASURE_LEN":4500,"name_en":"Hong Kong Trail Section 2","name_tc":"港島徑第二段","parent_id":"hk","parent_en":"Hong Kong Trail","parent_tc":"港島徑","parks_en":["Pok Fu Lam Country Park"],"parks_tc":["薄扶林郊野公園"],"has_distance_posts":true,"mapped_length_m":4332,"length_mismatch":false,"branching":false,"direction_verified_by":"distance_posts","loop":false}},{"type":"Feature","geometry":{"type":"LineString","coordinates":[[114.15358,22.25565],[114.15376,22.25571],[114.1539,22.25603],[114.15418,22.2562],[114.15431,22.25653],[114.15419,22.25662],[114.15424,22.25683],[114.15525,22.25812],[114.15515,22.25865],[114.1552,22.259],[114.15515,22.25933],[114.155,22.25892],[114.15448,22.25882],[114.15473,22.25908],[114.15471,22.25985],[114.15454,22.26035],[114.15421,22.26073],[114.15423,22.26082],[114.15467,22.26081],[114.155,22.26089],[114.1553,22.26076],[114.15541,22.26079],[114.15546,22.26045],[114.15569,22.26036],[114.15587,22.26039],[114.15596,22.26049],[114.15637,22.26036],[114.15695,22.2606],[114.15696,22.26047],[114.1573,22.26008],[114.15793,22.26009],[114.15806,22.26005],[114.15812,22.25994],[114.15792,22.25983],[114.15786,22.25973],[114.15768,22.25972],[114.15751,22.25948],[114.15751,22.25939],[114.15771,22.25929],[114.15761,22.25909],[114.15716,22.25902],[114.15711,22.25885],[114.15718,22.25852],[114.15683,22.25847],[114.15669,22.25829],[114.15668,22.25813],[114.15646,22.25807],[114.15649,22.25787],[114.15609,22.25764],[114.15615,22.25732],[114.15638,22.25718],[114.15658,22.2569],[114.1565,22.25669],[114.15659,22.2565],[114.15626,22.25626],[114.15583,22.25624],[114.15577,22.25602],[114.15559,22.25585],[114.1554,22.25579],[114.15507,22.25585],[114.15491,22.2558],[114.15435,22.25484],[114.15441,22.2546],[114.1546,22.25455],[114.15481,22.25434],[114.15505,22.25429],[114.15528,22.254],[114.15547,22.25356],[114.1556,22.25355],[114.15585,22.25387],[114.15606,22.25389],[114.15637,22.25381],[114.15649,22.25359],[114.15673,22.25359],[114.1568,22.25372],[114.1566,22.25427],[114.15657,22.25468],[114.15793,22.25493],[114.15794,22.25506],[114.15772,22.25531],[114.15793,22.25537],[114.15804,22.25554],[114.15839,22.25563],[114.15843,22.25611],[114.15879,22.25615],[114.15889,22.25634],[114.15903,22.25643],[114.15902,22.25663],[114.15918,22.25686],[114.15943,22.25688],[114.15957,22.25705],[114.15964,22.25745],[114.15942,22.25777],[114.1598,22.25806],[114.15962,22.25833],[114.15936,22.25839],[114.15937,22.25855],[114.15923,22.25874],[114.15948,22.25889],[114.15946,22.2593],[114.15992,22.25953],[114.15958,22.25972],[114.15964,22.26028],[114.15928,22.26055],[114.15935,22.26123],[114.15914,22.26171],[114.15924,22.26178],[114.15951,22.26174],[114.15958,22.26181],[114.15964,22.2625],[114.15953,22.26282],[114.15961,22.26291],[114.15997,22.26297],[114.15986,22.26352],[114.1601,22.26334],[114.16025,22.26339],[114.16038,22.26299],[114.16054,22.26295],[114.16049,22.26253],[114.1607,22.26232],[114.16074,22.26217],[114.16109,22.26222],[114.16147,22.26211],[114.16154,22.26241],[114.16185,22.26215],[114.16183,22.26172],[114.16172,22.26161],[114.16144,22.26164],[114.16144,22.26137],[114.16154,22.26111],[114.16169,22.26102],[114.16163,22.26079],[114.16169,22.26068],[114.16218,22.26046],[114.16231,22.26054],[114.16234,22.26078],[114.16227,22.26088],[114.16257,22.261],[114.16258,22.26128],[114.16274,22.26129],[114.16286,22.26143],[114.16307,22.26143],[114.16314,22.26172],[114.16294,22.26195],[114.16299,22.26211],[114.16341,22.26198],[114.16358,22.26176],[114.16383,22.26193],[114.16381,22.26204],[114.16359,22.2622],[114.16361,22.2624],[114.1639,22.26242],[114.16426,22.26295],[114.16445,22.26293],[114.16468,22.26278],[114.16478,22.2628],[114.16501,22.26299],[114.1651,22.26329],[114.1654,22.26359],[114.16567,22.26357],[114.16574,22.26381],[114.16594,22.26396],[114.16578,22.26423],[114.16583,22.26433],[114.16606,22.26444],[114.16596,22.26466],[114.16603,22.26463]]},"properties":{"TRAIL_ID":"hk_3","TRAIL_NAME_EN":"HONG KONG TRAIL","TRAIL_NAME_TC":"港島徑","SECTION_NO":"3","TYPE_EN":"Long Distance Trail","TYPE_TC":"長途遠足徑","DIFFICULTY_EN":"Moderate","DIFFICULTY_TC":"普通","REGION_EN":"Hong Kong Island","REGION_TC":"香港島","STARTpt_EN":"Peel Rise","STARTpt_TC":"貝璐道","FINISHpt_EN":"Wan Chai Gap","FINISHpt_TC":"灣仔峽","WEBSITE":"https://www.hiking.gov.hk/trail/info/id/cGRqOGNYRGlmUTFxbjB3TEVaakxHdz09","TEL":"1823","MEASURE_LEN":6500,"name_en":"Hong Kong Trail Section 3","name_tc":"港島徑第三段","parent_id":"hk","parent_en":"Hong Kong Trail","parent_tc":"港島徑","parks_en":["Aberdeen Country Park"],"parks_tc":["香港仔郊野公園"],"has_distance_posts":true,"mapped_length_m":5860,"length_mismatch":false,"branching":false,"direction_verified_by":"distance_posts","loop":false}},{"type":"Feature","geometry":{"type":"LineString","coordinates":[[114.16603,22.26463],[114.16611,22.26478],[114.16646,22.26483],[114.1666,22.26494],[114.16693,22.26486],[114.16708,22.26471],[114.16722,22.26491],[114.16722,22.26508],[114.16749,22.26503],[114.16773,22.26525],[114.16802,22.26536],[114.16846,22.26578],[114.16881,22.26585],[114.16874,22.26561],[114.16839,22.26531],[114.16822,22.26498],[114.16837,22.26452],[114.1679,22.26452],[114.1673,22.26362],[114.16697,22.26337],[114.1669,22.26291],[114.167,22.26283],[114.16689,22.26257],[114.16748,22.26249],[114.16748,22.26241],[114.16725,22.26216],[114.16735,22.26193],[114.16751,22.26179],[114.16729,22.26151],[114.16707,22.26137],[114.16643,22.26119],[114.16635,22.26095],[114.16651,22.26086],[114.16663,22.26067],[114.16689,22.26068],[114.16716,22.26044],[114.16705,22.26018],[114.16725,22.25989],[114.16793,22.25998],[114.16778,22.25952],[114.16812,22.25923],[114.16802,22.25909],[114.16805,22.25882],[114.16794,22.25863],[114.16799,22.25853],[114.16844,22.25828],[114.16887,22.25845],[114.16909,22.25845],[114.16911,22.25835],[114.16885,22.25817],[114.16848,22.25765],[114.16801,22.25765],[114.16789,22.25749],[114.16786,22.25732],[114.16818,22.25642],[114.1681,22.25631],[114.16834,22.25635],[114.16845,22.25708],[114.16862,22.2572],[114.16881,22.25712],[114.16914,22.2568],[114.16961,22.25675],[114.16975,22.25657],[114.17037,22.2563],[114.1703,22.25612],[114.17034,22.25604],[114.17071,22.25612],[114.17108,22.2556],[114.1718,22.2554],[114.17206,22.25522],[114.17233,22.25445],[114.17265,22.25415],[114.17285,22.25421],[114.17294,22.25482],[114.17279,22.25512],[114.17275,22.25585],[114.17236,22.25597],[114.17198,22.25635],[114.17151,22.25664],[114.1715,22.25688],[114.17133,22.25699],[114.17155,22.25698],[114.17169,22.25683],[114.17181,22.25686],[114.17163,22.25719],[114.17127,22.2574],[114.17125,22.25795],[114.17072,22.25835],[114.1705,22.259],[114.17077,22.25878],[114.17071,22.25916],[114.17082,22.25924],[114.17109,22.25927],[114.17118,22.25942],[114.17166,22.25898],[114.17251,22.25847],[114.17281,22.25838],[114.17321,22.25841],[114.17355,22.25832],[114.17438,22.25751],[114.17526,22.25688],[114.17546,22.25662],[114.1758,22.25647],[114.17605,22.25669],[114.17594,22.25697],[114.176,22.25715],[114.17581,22.25749],[114.17578,22.25773],[114.17586,22.25791],[114.17571,22.25815],[114.17577,22.25846],[114.17568,22.25883],[114.1758,22.25904],[114.17612,22.259],[114.17644,22.25914],[114.17664,22.25936],[114.17704,22.25938],[114.17726,22.25946],[114.17743,22.25984],[114.17743,22.26013],[114.1775,22.26021],[114.17738,22.26066],[114.17746,22.26076],[114.17742,22.26097],[114.17775,22.26099],[114.1782,22.26083],[114.17845,22.26084],[114.17855,22.26092],[114.17899,22.26085],[114.17925,22.26095],[114.17962,22.26034],[114.18047,22.25957],[114.18086,22.25898],[114.18122,22.25903],[114.18167,22.25885],[114.18193,22.25865],[114.18224,22.25876],[114.18242,22.25874],[114.18337,22.25845],[114.18381,22.25847],[114.18432,22.25813],[114.18459,22.25806],[114.18491,22.25776],[114.18598,22.25734],[114.18622,22.25702],[114.18669,22.25699],[114.18741,22.25747],[114.18769,22.25736],[114.18791,22.25759],[114.18854,22.25783],[114.18871,22.2583],[114.18921,22.25863],[114.18954,22.25868],[114.18986,22.25854],[114.19014,22.25818],[114.19044,22.25799],[114.19057,22.25801],[114.19104,22.2583],[114.19136,22.25827],[114.19154,22.2579],[114.19158,22.25749],[114.19165,22.25754],[114.19216,22.25723],[114.19238,22.25728],[114.19255,22.25756],[114.19316,22.25706],[114.19353,22.25708]]},"properties":{"TRAIL_ID":"hk_4","TRAIL_NAME_EN":"HONG KONG TRAIL","TRAIL_NAME_TC":"港島徑","SECTION_NO":"4","TYPE_EN":"Long Distance Trail","TYPE_TC":"長途遠足徑","DIFFICULTY_EN":"Demanding","DIFFICULTY_TC":"費力","REGION_EN":"Hong Kong Island","REGION_TC":"香港島","STARTpt_EN":"Wan Chai Gap","STARTpt_TC":"灣仔峽","FINISHpt_EN":"Wong Nai Chung Gap","FINISHpt_TC":"黃泥涌峽","WEBSITE":"https://www.hiking.gov.hk/trail/info/id/ZFJyWllCUGJpMUJublRIZUVPWWF0dz09","TEL":"1823","MEASURE_LEN":7500,"name_en":"Hong Kong Trail Section 4","name_tc":"港島徑第四段","parent_id":"hk","parent_en":"Hong Kong Trail","parent_tc":"港島徑","parks_en":["Aberdeen Country Park"],"parks_tc":["香港仔郊野公園"],"has_distance_posts":true,"mapped_length_m":7235,"length_mismatch":false,"branching":false,"direction_verified_by":"distance_posts","loop":false}},{"type":"Feature","geometry":{"type":"LineString","coordinates":[[114.19353,22.25708],[114.19424,22.25702],[114.19441,22.25688],[114.19442,22.257],[114.19487,22.25719],[114.19485,22.25726],[114.19561,22.2575],[114.19631,22.25808],[114.19654,22.25817],[114.19694,22.25816],[114.19734,22.2579],[114.19762,22.25788],[114.19773,22.258],[114.19811,22.25817],[114.19813,22.25839],[114.19839,22.25861],[114.19862,22.25894],[114.19847,22.25971],[114.19796,22.2601],[114.19789,22.26052],[114.19695,22.26144],[114.19704,22.26178],[114.19722,22.26201],[114.19728,22.26221],[114.19712,22.26251],[114.19731,22.26359],[114.19726,22.26378],[114.19714,22.2639],[114.19714,22.26427],[114.19788,22.26516],[114.19798,22.26564],[114.19828,22.2659],[114.1984,22.26624],[114.19857,22.26636],[114.19879,22.26637],[114.19893,22.26652],[114.19915,22.26652],[114.19961,22.26637],[114.19991,22.26639],[114.20091,22.26623],[114.20103,22.26634],[114.20136,22.26643],[114.20137,22.26649],[114.20151,22.26642],[114.20187,22.26661],[114.20213,22.26694],[114.20279,22.26739],[114.20296,22.26732],[114.20307,22.26748],[114.20345,22.26749],[114.20425,22.26743],[114.20496,22.26763],[114.20551,22.26808],[114.20606,22.26876],[114.2066,22.26891],[114.20695,22.26923],[114.20722,22.26922],[114.20743,22.2691],[114.20755,22.26892],[114.20773,22.26893],[114.20804,22.26877],[114.20822,22.26877],[114.20848,22.26865],[114.20882,22.26866],[114.20915,22.26877],[114.20923,22.26887],[114.20951,22.26891],[114.20963,22.26869],[114.20997,22.26856],[114.21065,22.26811],[114.21088,22.26781],[114.21096,22.26782],[114.21138,22.26747],[114.21162,22.26743],[114.21212,22.26717],[114.21259,22.26716],[114.21309,22.26694],[114.2133,22.26692]]},"properties":{"TRAIL_ID":"hk_5","TRAIL_NAME_EN":"HONG KONG TRAIL","TRAIL_NAME_TC":"港島徑","SECTION_NO":"5","TYPE_EN":"Long Distance Trail","TYPE_TC":"長途遠足徑","DIFFICULTY_EN":"Demanding","DIFFICULTY_TC":"費力","REGION_EN":"Hong Kong Island","REGION_TC":"香港島","STARTpt_EN":"Wong Nai Chung Gap","STARTpt_TC":"黃泥涌峽","FINISHpt_EN":"Mount Parker Road","FINISHpt_TC":"柏架山道","WEBSITE":"https://www.hiking.gov.hk/trail/info/id/YXhBNmNMRldCL0wwZHE5ZGR1aWRHQT09","TEL":"1823","MEASURE_LEN":4000,"name_en":"Hong Kong Trail Section 5","name_tc":"港島徑第五段","parent_id":"hk","parent_en":"Hong Kong Trail","parent_tc":"港島徑","parks_en":["Tai Tam Country Park"],"parks_tc":["大潭郊野公園"],"has_distance_posts":true,"mapped_length_m":3500,"length_mismatch":true,"branching":false,"direction_verified_by":"distance_posts","loop":false}},{"type":"Feature","geometry":{"type":"LineString","coordinates":[[114.2133,22.26692],[114.21329,22.26682],[114.21302,22.26665],[114.21269,22.26624],[114.21223,22.266],[114.21225,22.26593],[114.21304,22.26616],[114.21331,22.26598],[114.21381,22.26583],[114.21417,22.26594],[114.21455,22.26574],[114.21486,22.26539],[114.21473,22.26511],[114.21477,22.26471],[114.21462,22.26452],[114.21464,22.26428],[114.21449,22.26397],[114.21448,22.26371],[114.21433,22.26358],[114.21381,22.26367],[114.21362,22.26357],[114.21365,22.26337],[114.21385,22.26305],[114.21398,22.26302],[114.21423,22.26311],[114.2143,22.26307],[114.21419,22.26274],[114.2142,22.2625],[114.21445,22.26234],[114.21451,22.26202],[114.21445,22.26186],[114.21413,22.26164],[114.21407,22.26139],[114.21341,22.26122],[114.21356,22.26091],[114.21349,22.2605],[114.21371,22.26012],[114.21398,22.25997],[114.21391,22.25993],[114.21356,22.2601],[114.21319,22.26006],[114.21299,22.26025],[114.21265,22.26026],[114.2124,22.26042],[114.21208,22.26042],[114.21168,22.26015],[114.21189,22.25972],[114.2114,22.25908],[114.21187,22.25865],[114.21226,22.25854],[114.21113,22.25758],[114.21083,22.25792],[114.21062,22.25791],[114.21037,22.25743],[114.21055,22.25687],[114.21086,22.25662],[114.21131,22.25651],[114.2116,22.2563],[114.21188,22.25633],[114.21236,22.25619],[114.21296,22.25579],[114.21314,22.2556],[114.21339,22.2548],[114.21398,22.25438],[114.21423,22.25383],[114.21435,22.25316],[114.21406,22.25239],[114.21376,22.25201],[114.21375,22.25187],[114.2139,22.2517],[114.21374,22.25162],[114.21373,22.25149],[114.21393,22.25141],[114.2142,22.25145],[114.21446,22.25138],[114.2146,22.25177],[114.21488,22.25174],[114.21504,22.25187],[114.21556,22.25161],[114.21544,22.25137],[114.21574,22.25107],[114.216,22.25117],[114.21607,22.25134],[114.21639,22.25124],[114.21646,22.25145],[114.21666,22.2516],[114.21666,22.25177],[114.21675,22.25162],[114.2176,22.252],[114.21776,22.25195],[114.21787,22.25181],[114.21807,22.25182],[114.21845,22.25154],[114.21877,22.25081],[114.21904,22.25045],[114.21943,22.25043],[114.21955,22.25013],[114.22006,22.25018],[114.22008,22.24976],[114.22037,22.24957],[114.22071,22.24916],[114.22043,22.24874],[114.22042,22.24859],[114.22061,22.24835],[114.22082,22.24823],[114.22107,22.24824],[114.22129,22.24815],[114.22134,22.24805],[114.22119,22.24786]]},"properties":{"TRAIL_ID":"hk_6","TRAIL_NAME_EN":"HONG KONG TRAIL","TRAIL_NAME_TC":"港島徑","SECTION_NO":"6","TYPE_EN":"Long Distance Trail","TYPE_TC":"長途遠足徑","DIFFICULTY_EN":"Moderate","DIFFICULTY_TC":"普通","REGION_EN":"Hong Kong Island","REGION_TC":"香港島","STARTpt_EN":"Mount Parker Road","STARTpt_TC":"柏架山道","FINISHpt_EN":"Tai Tam Road","FINISHpt_TC":"大潭道","WEBSITE":"https://www.hiking.gov.hk/trail/info/id/N3BGSE14SVlMSE9yVzQva1RNRTN5Zz09","TEL":"1823","MEASURE_LEN":4500,"name_en":"Hong Kong Trail Section 6","name_tc":"港島徑第六段","parent_id":"hk","parent_en":"Hong Kong Trail","parent_tc":"港島徑","parks_en":["Tai Tam Country Park"],"parks_tc":["大潭郊野公園"],"has_distance_posts":true,"mapped_length_m":4459,"length_mismatch":false,"branching":false,"direction_verified_by":"distance_posts","loop":false}},{"type":"Feature","geometry":{"type":"LineString","coordinates":[[114.22119,22.24786],[114.2214,22.2477],[114.22143,22.24774],[114.22203,22.24756],[114.22209,22.24747],[114.22234,22.24753],[114.22282,22.24733],[114.22356,22.24755],[114.22374,22.24781],[114.22358,22.24847],[114.22405,22.24877],[114.22418,22.24921],[114.22432,22.2493],[114.2245,22.2493],[114.2247,22.24944],[114.22492,22.2498],[114.2251,22.24959],[114.22537,22.24948],[114.22549,22.24951],[114.22589,22.25019],[114.22591,22.25038],[114.22617,22.25092],[114.22664,22.25152],[114.2274,22.25177],[114.2277,22.25148],[114.22729,22.2511],[114.22734,22.25096],[114.22755,22.25077],[114.22756,22.25063],[114.22731,22.25013],[114.22719,22.25013],[114.22688,22.25036],[114.22668,22.25016],[114.22657,22.24984],[114.22659,22.24914],[114.22631,22.24851],[114.22625,22.24792],[114.22601,22.24773],[114.22593,22.24753],[114.226,22.24735],[114.22633,22.24703],[114.22638,22.24671],[114.22631,22.24556],[114.22641,22.24541],[114.22678,22.24516],[114.22689,22.24473],[114.22681,22.24436],[114.22706,22.24375],[114.22742,22.24319],[114.22805,22.24299],[114.22828,22.24279],[114.22857,22.2427],[114.22912,22.24236],[114.22952,22.24244],[114.22983,22.24238],[114.23032,22.24211],[114.23058,22.24214],[114.23114,22.24205],[114.23192,22.24154],[114.23235,22.24104],[114.23259,22.24115],[114.23271,22.24143],[114.23261,22.24183],[114.23253,22.2419],[114.23257,22.2423],[114.23242,22.24267],[114.23212,22.24306],[114.23208,22.24362],[114.23193,22.24381],[114.23194,22.24397],[114.2316,22.24447],[114.23159,22.24475],[114.23136,22.24513],[114.23133,22.24559],[114.23113,22.24598],[114.23089,22.24689],[114.23102,22.24691],[114.2315,22.2464],[114.23207,22.24632],[114.23212,22.24602],[114.23206,22.2458],[114.23215,22.24575],[114.23225,22.24581],[114.23241,22.24559],[114.23233,22.24537],[114.23241,22.24521],[114.23279,22.24506],[114.23274,22.24474],[114.23302,22.24442],[114.23336,22.24363],[114.23393,22.243],[114.23431,22.24282],[114.23434,22.24257],[114.23445,22.24241],[114.23554,22.24176],[114.23589,22.24172],[114.23607,22.24188],[114.23651,22.24209],[114.23672,22.24211],[114.23673,22.24203],[114.23635,22.24154],[114.23632,22.2412],[114.23641,22.24093],[114.23634,22.24069],[114.23608,22.24036],[114.23604,22.24016],[114.23628,22.23967],[114.23662,22.23939],[114.23663,22.23915],[114.23632,22.23904],[114.23626,22.23888],[114.23637,22.23867],[114.23633,22.23835],[114.23645,22.23797],[114.23641,22.23771],[114.2363,22.23765],[114.23563,22.23795],[114.23552,22.2379],[114.23549,22.23776],[114.2358,22.23709],[114.23591,22.2367],[114.23588,22.23651],[114.23606,22.23628],[114.236,22.23599],[114.23583,22.23584],[114.23604,22.23531],[114.23616,22.23519],[114.23605,22.23481],[114.2363,22.23373],[114.23677,22.23353],[114.23704,22.23356],[114.23725,22.23367],[114.23716,22.233],[114.2375,22.23282],[114.23745,22.23257],[114.23768,22.23236],[114.23765,22.23229],[114.23745,22.23229],[114.23731,22.23216],[114.23728,22.23191],[114.23743,22.23168],[114.23723,22.23154],[114.23719,22.2313],[114.2373,22.23103],[114.23757,22.23073],[114.23755,22.23047],[114.23764,22.23019],[114.23758,22.2296],[114.23769,22.22931],[114.23762,22.22904],[114.23693,22.22847],[114.2369,22.2281],[114.237,22.22781],[114.2369,22.2274],[114.23697,22.22723],[114.23691,22.2267],[114.23696,22.22657],[114.23698,22.2267],[114.23705,22.22668],[114.23731,22.22692],[114.23734,22.22683],[114.23748,22.22683],[114.23759,22.22673],[114.238,22.22673],[114.23819,22.22666],[114.23861,22.22683],[114.23852,22.22701],[114.23865,22.22713],[114.23868,22.22707],[114.23889,22.22715],[114.23924,22.22711],[114.2393,22.22717],[114.23949,22.22708],[114.23973,22.22711]]},"properties":{"TRAIL_ID":"hk_7","TRAIL_NAME_EN":"HONG KONG TRAIL","TRAIL_NAME_TC":"港島徑","SECTION_NO":"7","TYPE_EN":"Long Distance Trail","TYPE_TC":"長途遠足徑","DIFFICULTY_EN":"Moderate","DIFFICULTY_TC":"普通","REGION_EN":"Hong Kong Island","REGION_TC":"香港島","STARTpt_EN":"Tai Tam Road","STARTpt_TC":"大潭道","FINISHpt_EN":"To Tei Wan","FINISHpt_TC":"土地灣","WEBSITE":"https://www.hiking.gov.hk/trail/info/id/czFnaDRTUUFySjBwT1VDeWxSSGM3QT09","TEL":"1823","MEASURE_LEN":7500,"name_en":"Hong Kong Trail Section 7","name_tc":"港島徑第七段","parent_id":"hk","parent_en":"Hong Kong Trail","parent_tc":"港島徑","parks_en":["Shek O Country Park"],"parks_tc":["石澳郊野公園"],"has_distance_posts":true,"mapped_length_m":7129,"length_mismatch":false,"branching":false,"direction_verified_by":"distance_posts","loop":false}},{"type":"Feature","geometry":{"type":"LineString","coordinates":[[114.23973,22.22711],[114.23979,22.22703],[114.23994,22.22722],[114.23987,22.22738],[114.23991,22.22747],[114.23977,22.22761],[114.23985,22.22779],[114.23998,22.22784],[114.23998,22.22814],[114.24084,22.22883],[114.24095,22.22883],[114.24105,22.22926],[114.24141,22.22939],[114.24157,22.22977],[114.24215,22.22945],[114.24228,22.22951],[114.24251,22.22945],[114.24261,22.22955],[114.24263,22.2299],[114.24272,22.22992],[114.24292,22.22982],[114.24302,22.22954],[114.24338,22.2294],[114.24356,22.22983],[114.24376,22.23008],[114.24393,22.23056],[114.2438,22.23147],[114.24359,22.23168],[114.2436,22.23242],[114.24347,22.23278],[114.24382,22.23325],[114.24372,22.23349],[114.24367,22.23432],[114.24373,22.23472],[114.24353,22.23531],[114.24371,22.23576],[114.24341,22.23607],[114.24335,22.23642],[114.24263,22.23727],[114.24265,22.23791],[114.24246,22.23814],[114.24228,22.2386],[114.24232,22.23884],[114.24213,22.23924],[114.24133,22.24017],[114.24118,22.24078],[114.24139,22.24157],[114.24128,22.24149],[114.24108,22.2415],[114.24065,22.24158],[114.23978,22.24193],[114.23945,22.24193],[114.23938,22.24206],[114.23964,22.24217],[114.23962,22.24234],[114.23939,22.24263],[114.23941,22.24287],[114.23924,22.24293],[114.23925,22.24321],[114.23896,22.24371],[114.23896,22.24402],[114.23881,22.24412],[114.23881,22.24431],[114.2387,22.24448],[114.23836,22.24455],[114.23843,22.24483],[114.23817,22.24489],[114.23815,22.24526],[114.23795,22.24543],[114.23754,22.2455],[114.23708,22.24582],[114.2369,22.24571],[114.2369,22.24542],[114.23683,22.24534],[114.2366,22.24533],[114.23643,22.2455],[114.23646,22.24588],[114.23628,22.24611],[114.23638,22.24687],[114.23614,22.24717],[114.23603,22.24708],[114.23595,22.24717],[114.23564,22.24724],[114.23558,22.24736],[114.23539,22.2474],[114.23533,22.24763],[114.23545,22.24787],[114.23514,22.2479],[114.235,22.24815],[114.23483,22.24822],[114.23475,22.24876],[114.23459,22.24874],[114.23423,22.24889],[114.23411,22.24908],[114.2339,22.24908],[114.2338,22.24929],[114.23364,22.24936],[114.23332,22.24942],[114.23316,22.24936],[114.23274,22.2495],[114.23228,22.24951],[114.23208,22.2495],[114.23198,22.24938],[114.23173,22.24943],[114.23162,22.24959],[114.23165,22.24985],[114.23157,22.25004],[114.23167,22.25024],[114.23127,22.25122],[114.23164,22.25149],[114.23147,22.25173],[114.23155,22.25199],[114.23143,22.25235],[114.23143,22.25325],[114.23162,22.25356],[114.23163,22.2538],[114.23183,22.25396],[114.23154,22.25429],[114.23161,22.25447],[114.23198,22.25472],[114.23201,22.25488],[114.23195,22.25505],[114.23225,22.25494],[114.2331,22.25496],[114.23371,22.25461],[114.23399,22.25465],[114.23415,22.25506],[114.23446,22.25526],[114.23457,22.25553],[114.23458,22.25584],[114.23472,22.25613],[114.23495,22.25622],[114.23528,22.25614],[114.23549,22.25659],[114.23578,22.2568],[114.23589,22.25676],[114.2361,22.25646],[114.23635,22.25644],[114.23649,22.25666],[114.23649,22.25712],[114.23664,22.25726],[114.23679,22.25721],[114.23687,22.25696],[114.23699,22.2569],[114.23737,22.25722],[114.23755,22.25721],[114.23799,22.25676],[114.23877,22.25623],[114.23909,22.25617],[114.23957,22.25626],[114.24029,22.25593],[114.2404,22.25598],[114.24095,22.2558],[114.24087,22.25556],[114.24142,22.25502],[114.2416,22.2549],[114.24176,22.25498],[114.24205,22.25493],[114.24197,22.25462],[114.24216,22.25406],[114.24238,22.25384],[114.24241,22.25366],[114.24261,22.25351],[114.24285,22.25321],[114.24303,22.25327],[114.24321,22.25311],[114.24348,22.25302],[114.2436,22.25281],[114.24384,22.25275],[114.24388,22.25253],[114.2441,22.25237],[114.24477,22.25228],[114.24531,22.25189],[114.24558,22.25184],[114.24571,22.25165],[114.24604,22.25163],[114.24628,22.25153],[114.24627,22.25113],[114.246,22.25053],[114.24597,22.25022],[114.24607,22.25003],[114.24552,22.24975],[114.24554,22.24933],[114.24528,22.24922],[114.24507,22.24886],[114.24505,22.2484],[114.24512,22.24816],[114.24503,22.2474],[114.24517,22.24702],[114.24531,22.24703],[114.24547,22.2468],[114.24541,22.24674],[114.24564,22.24656],[114.24569,22.24642],[114.24551,22.24628],[114.24554,22.24604],[114.24546,22.24574],[114.24545,22.24516],[114.24559,22.24484]]},"properties":{"TRAIL_ID":"hk_8","TRAIL_NAME_EN":"HONG KONG TRAIL","TRAIL_NAME_TC":"港島徑","SECTION_NO":"8","TYPE_EN":"Long Distance Trail","TYPE_TC":"長途遠足徑","DIFFICULTY_EN":"Demanding","DIFFICULTY_TC":"費力","REGION_EN":"Hong Kong Island","REGION_TC":"香港島","STARTpt_EN":"To Tei Wan","STARTpt_TC":"土地灣","FINISHpt_EN":"Tai Long Wan","FINISHpt_TC":"大浪灣","WEBSITE":"https://www.hiking.gov.hk/trail/info/id/QVVxLzJWeGxNUndtYUNXY2VpK3QxUT09","TEL":"1823","MEASURE_LEN":8500,"name_en":"Hong Kong Trail Section 8","name_tc":"港島徑第八段","parent_id":"hk","parent_en":"Hong Kong Trail","parent_tc":"港島徑","parks_en":["Shek O Country Park"],"parks_tc":["石澳郊野公園"],"has_distance_posts":true,"mapped_length_m":7807,"length_mismatch":false,"branching":false,"direction_verified_by":"distance_posts","loop":false}},{"type":"Feature","geometry":{"type":"LineString","coordinates":[[114.1492,22.38043],[114.14866,22.38052],[114.14843,22.38078],[114.14809,22.38084],[114.14788,22.38103],[114.14761,22.38106],[114.14724,22.3812],[114.1472,22.38128],[114.14765,22.3815],[114.14776,22.38163],[114.14772,22.38191],[114.14783,22.38208],[114.14785,22.3824],[114.14773,22.38252],[114.14747,22.38261],[114.14743,22.38272],[114.1475,22.38285],[114.1484,22.38296],[114.14872,22.38279],[114.14882,22.38316],[114.14912,22.38352],[114.14909,22.38368],[114.1486,22.3836],[114.14849,22.38367],[114.1485,22.38405],[114.14811,22.38447],[114.14841,22.3847],[114.1488,22.38471],[114.14892,22.3848],[114.14883,22.3853],[114.14892,22.38539],[114.14929,22.3852],[114.1494,22.38518],[114.1496,22.38533],[114.14976,22.38518],[114.14996,22.38518],[114.15004,22.38489],[114.15028,22.38489],[114.15041,22.38473],[114.15078,22.38493],[114.1508,22.38499],[114.15038,22.38534],[114.15015,22.38579],[114.15028,22.38618],[114.15057,22.38622],[114.15101,22.3865],[114.15155,22.38637],[114.15145,22.38654],[114.15156,22.38683],[114.1514,22.38707],[114.15219,22.38746],[114.15176,22.38763],[114.15171,22.3877],[114.15176,22.38781],[114.15189,22.38789],[114.15205,22.38786],[114.1522,22.38774],[114.15233,22.38776],[114.15267,22.388],[114.15318,22.38818],[114.15374,22.38901],[114.15442,22.38938],[114.15456,22.38975],[114.15483,22.38987],[114.15483,22.38999],[114.15501,22.39015],[114.15486,22.39021],[114.15431,22.38997],[114.15414,22.3898],[114.1537,22.38965],[114.1535,22.38941],[114.15329,22.38933],[114.15317,22.38911],[114.15267,22.38933],[114.15263,22.38918],[114.15279,22.38908],[114.15283,22.38891],[114.15258,22.3886],[114.15232,22.38851],[114.15214,22.38849],[114.15087,22.38882],[114.1505,22.3888],[114.15033,22.38852],[114.15045,22.38805],[114.15037,22.38794],[114.15019,22.38814],[114.15006,22.38818],[114.14971,22.38808],[114.14981,22.38827],[114.14981,22.38874],[114.14964,22.38899],[114.1501,22.38932],[114.14999,22.38968],[114.1501,22.38974],[114.15027,22.38968],[114.15033,22.38984],[114.15027,22.39001],[114.15046,22.39029],[114.15031,22.3904],[114.15005,22.3903],[114.14981,22.39032],[114.14974,22.39056],[114.15002,22.39059],[114.15081,22.39089],[114.15101,22.3911],[114.15114,22.39106],[114.15129,22.39089],[114.15147,22.39093],[114.15146,22.39112],[114.15167,22.39118],[114.15164,22.39125],[114.15138,22.39122],[114.15101,22.3914],[114.15114,22.3916],[114.15113,22.39185],[114.15196,22.39195],[114.15147,22.39226],[114.15154,22.3925],[114.15189,22.39248],[114.15197,22.39253],[114.15193,22.39268],[114.15168,22.39281],[114.1517,22.39293],[114.15195,22.393],[114.15217,22.3933],[114.15252,22.39358],[114.15274,22.39349],[114.15279,22.39372],[114.15302,22.39391],[114.15361,22.39378],[114.1538,22.39397],[114.15403,22.39394],[114.15424,22.39438],[114.15442,22.39445],[114.1546,22.39439],[114.15483,22.39445],[114.15491,22.39464],[114.15486,22.39481]]},"properties":{"TRAIL_ID":"jog_1","TRAIL_NAME_EN":"SHING MUN JOGGING TRAIL","TRAIL_NAME_TC":"城門緩跑徑","SECTION_NO":"0","TYPE_EN":"Jogging Trail","TYPE_TC":"緩跑徑","DIFFICULTY_EN":null,"DIFFICULTY_TC":null,"REGION_EN":"Central New Territories","REGION_TC":"新界中區","STARTpt_EN":"Shing Mun Reservoir Main Dam","STARTpt_TC":"城門水塘主壩","FINISHpt_EN":"The junction with Reservoir Walk","FINISHpt_TC":"畔塘徑的交接點","WEBSITE":"http://www.afcd.gov.hk/english/country/cou_vis/cou_vis_fitjog/cou_vis_fitjog.html","TEL":"1823","MEASURE_LEN":5000,"name_en":"Shing Mun Jogging Trail","name_tc":"城門緩跑徑","parent_id":null,"parent_en":null,"parent_tc":null,"parks_en":[],"parks_tc":[],"has_distance_posts":false,"mapped_length_m":4786,"length_mismatch":false,"branching":false,"direction_verified_by":null,"loop":false}},{"type":"Feature","geometry":{"type":"MultiLineString","coordinates":[[[114.14726,22.34954],[114.1471,22.34947],[114.1466,22.34973],[114.14639,22.34998],[114.14559,22.35024],[114.14537,22.3502],[114.14533,22.3501],[114.1445,22.35034],[114.14412,22.35079],[114.14384,22.35081],[114.14376,22.35094],[114.14343,22.35109],[114.14318,22.35168],[114.14307,22.35177],[114.14322,22.3518],[114.14339,22.35164],[114.14359,22.35122],[114.14386,22.3512],[114.14404,22.35138],[114.14429,22.35149],[114.14469,22.35114],[114.14488,22.3513],[114.14488,22.35185],[114.14455,22.35232],[114.14448,22.35265],[114.14454,22.35272],[114.14462,22.3527],[114.14479,22.35231],[114.1451,22.35208],[114.1453,22.35176],[114.1456,22.3518],[114.14597,22.35216],[114.1459,22.3516],[114.14598,22.35141],[114.14633,22.35131],[114.14675,22.35134],[114.14658,22.35102],[114.14662,22.35068],[114.14676,22.35058],[114.14705,22.35052],[114.14694,22.35017],[114.14705,22.34998],[114.14723,22.34986],[114.14719,22.34969],[114.14726,22.34954]],[[114.14726,22.34954],[114.1475,22.34907]]]},"properties":{"TRAIL_ID":"jog_2","TRAIL_NAME_EN":"RECEPTION RESERVOIR JOGGING TRAIL","TRAIL_NAME_TC":"九龍接收水塘緩跑徑","SECTION_NO":"0","TYPE_EN":"Jogging Trail","TYPE_TC":"緩跑徑","DIFFICULTY_EN":null,"DIFFICULTY_TC":null,"REGION_EN":"Central New Territories","REGION_TC":"新界中區","STARTpt_EN":"Surrounding Kowloon Reception Reservoir","STARTpt_TC":"環繞九龍接收水塘一周","FINISHpt_EN":null,"FINISHpt_TC":null,"WEBSITE":"http://www.afcd.gov.hk/english/country/cou_vis/cou_vis_fitjog/cou_vis_fitjog.html","TEL":"1823","MEASURE_LEN":1600,"name_en":"Reception Reservoir Jogging Trail","name_tc":"九龍接收水塘緩跑徑","parent_id":null,"parent_en":null,"parent_tc":null,"parks_en":[],"parks_tc":[],"has_distance_posts":false,"mapped_length_m":1716,"length_mismatch":false,"branching":true,"direction_verified_by":null,"loop":true}},{"type":"Feature","geometry":{"type":"LineString","coordinates":[[114.14944,22.35488],[114.1492,22.35483],[114.14903,22.35487],[114.14896,22.35505],[114.14902,22.35526],[114.14937,22.35553],[114.14948,22.35574],[114.14982,22.35588],[114.14988,22.35599],[114.14983,22.35616],[114.14963,22.3563],[114.14965,22.35707],[114.14953,22.35785],[114.14941,22.35796],[114.14931,22.35795],[114.14927,22.35667],[114.14897,22.35642],[114.14867,22.35599],[114.14861,22.35604],[114.14858,22.35664],[114.14836,22.35702],[114.14833,22.35732],[114.14813,22.35764],[114.148,22.35773],[114.14793,22.35737],[114.14776,22.35709],[114.14763,22.357],[114.14732,22.35699],[114.1474,22.3567],[114.14696,22.35681],[114.14711,22.35646],[114.14744,22.35619],[114.14742,22.35571],[114.14775,22.35549],[114.14768,22.35512],[114.14743,22.35474],[114.1475,22.35451],[114.14774,22.35447],[114.14791,22.35424],[114.14782,22.3538],[114.14836,22.35341],[114.14853,22.35355],[114.14895,22.35365],[114.14901,22.35377],[114.14895,22.35414],[114.14956,22.35456]]},"properties":{"TRAIL_ID":"jog_3","TRAIL_NAME_EN":"SHEK LEI PUI RESERVOIR JOGGING TRAIL","TRAIL_NAME_TC":"石梨貝水塘緩跑徑","SECTION_NO":"0","TYPE_EN":"Jogging Trail","TYPE_TC":"緩跑徑","DIFFICULTY_EN":null,"DIFFICULTY_TC":null,"REGION_EN":"Central New Territories","REGION_TC":"新界中區","STARTpt_EN":"Surrounding Shek Lei Pui Reservoir","STARTpt_TC":"環繞石梨貝水塘一周","FINISHpt_EN":null,"FINISHpt_TC":null,"WEBSITE":"http://www.afcd.gov.hk/english/country/cou_vis/cou_vis_fitjog/cou_vis_fitjog.html","TEL":"1823","MEASURE_LEN":1700,"name_en":"Shek Lei Pui Reservoir Jogging Trail","name_tc":"石梨貝水塘緩跑徑","parent_id":null,"parent_en":null,"parent_tc":null,"parks_en":[],"parks_tc":[],"has_distance_posts":false,"mapped_length_m":1827,"length_mismatch":false,"branching":false,"direction_verified_by":null,"loop":true}},{"type":"Feature","geometry":{"type":"LineString","coordinates":[[114.2095,22.27533],[114.20935,22.27543],[114.20904,22.27539],[114.20892,22.27552],[114.20835,22.27583],[114.2082,22.2761],[114.2082,22.27639],[114.20803,22.2769],[114.20833,22.2772],[114.20843,22.27744],[114.20846,22.2778],[114.20815,22.27833],[114.2082,22.27847],[114.20777,22.27871],[114.20783,22.27877],[114.20806,22.27872],[114.20818,22.27881],[114.20819,22.27896],[114.20793,22.27915],[114.20805,22.27933],[114.20763,22.27966],[114.20748,22.27947],[114.20723,22.27937],[114.20717,22.27975],[114.20668,22.27989],[114.20656,22.28016],[114.20655,22.28041],[114.20612,22.28077],[114.20621,22.2809],[114.2061,22.28132],[114.20617,22.28149],[114.20631,22.28151],[114.20667,22.28094],[114.20679,22.28089],[114.20692,22.28032],[114.20701,22.28023],[114.20718,22.28021],[114.20739,22.28053],[114.20767,22.28044],[114.20805,22.28057],[114.20814,22.28067],[114.20811,22.28075],[114.20773,22.28091],[114.20772,22.28098],[114.20844,22.28125],[114.20851,22.28134],[114.20844,22.2815],[114.20827,22.28159],[114.20757,22.28156],[114.20763,22.28177],[114.20814,22.28235],[114.20796,22.28248],[114.20759,22.28252],[114.20766,22.28264],[114.20797,22.28272],[114.208,22.28279],[114.20742,22.28309],[114.20721,22.28334],[114.2074,22.28345],[114.20786,22.28352],[114.2079,22.28361],[114.20754,22.28395],[114.20765,22.28411],[114.20817,22.28418],[114.20822,22.2843],[114.20773,22.28453],[114.20793,22.285],[114.20765,22.28502],[114.20756,22.2851],[114.20746,22.28534],[114.20752,22.28546],[114.20746,22.28564],[114.20726,22.28578],[114.20702,22.28581],[114.20683,22.28557]]},"properties":{"TRAIL_ID":"jog_5","TRAIL_NAME_EN":"QUARRY BAY JOGGING TRAIL","TRAIL_NAME_TC":"鰂魚涌緩跑徑","SECTION_NO":"0","TYPE_EN":"Jogging Trail","TYPE_TC":"緩跑徑","DIFFICULTY_EN":null,"DIFFICULTY_TC":null,"REGION_EN":"Hong Kong Island","REGION_TC":"香港島","STARTpt_EN":"The entrance of Sir Cecil's Ride of Mount Parker Road","STARTpt_TC":"柏架山道金督馳馬徑入口","FINISHpt_EN":"The middle part of Sir Cecil's Ride","FINISHpt_TC":"金督馳馬徑中段","WEBSITE":"http://www.afcd.gov.hk/english/country/cou_vis/cou_vis_fitjog/cou_vis_fitjog.html","TEL":"1823","MEASURE_LEN":2500,"name_en":"Quarry Bay Jogging Trail","name_tc":"鰂魚涌緩跑徑","parent_id":null,"parent_en":null,"parent_tc":null,"parks_en":[],"parks_tc":[],"has_distance_posts":false,"mapped_length_m":2546,"length_mismatch":false,"branching":false,"direction_verified_by":null,"loop":false}},{"type":"Feature","geometry":{"type":"LineString","coordinates":[[114.00184,22.26492],[114.00175,22.26521],[114.00151,22.26542],[114.00115,22.26558],[114.00065,22.2657],[114.00052,22.26566],[114.00043,22.26542],[114.00028,22.2642],[114.0002,22.26409],[113.99994,22.264],[113.99929,22.26409],[113.99834,22.26374],[113.99799,22.26316],[113.9973,22.26293],[113.99697,22.26268],[113.99619,22.2619],[113.99606,22.26162],[113.99613,22.26111],[113.99672,22.26015],[113.9967,22.25989],[113.99654,22.25971],[113.99618,22.25964],[113.99558,22.25993],[113.99527,22.25996],[113.995,22.25986],[113.99456,22.25943],[113.99426,22.25925],[113.99335,22.25921],[113.99269,22.2591],[113.99234,22.25882],[113.99193,22.25798],[113.99144,22.25755],[113.99112,22.25742],[113.99,22.25719],[113.9898,22.257],[113.98938,22.25632],[113.98908,22.2561],[113.98874,22.25607],[113.98818,22.25625]]},"properties":{"TRAIL_ID":"lt_1","TRAIL_NAME_EN":"LANTAU TRAIL","TRAIL_NAME_TC":"鳳凰徑","SECTION_NO":"1","TYPE_EN":"Long Distance Trail","TYPE_TC":"長途遠足徑","DIFFICULTY_EN":"Easy","DIFFICULTY_TC":"易行","REGION_EN":"Lantau Island","REGION_TC":"大嶼山","STARTpt_EN":"Mui Wo","STARTpt_TC":"梅窩","FINISHpt_EN":"Nam Shan","FINISHpt_TC":"南山","WEBSITE":"https://www.hiking.gov.hk/trail/info/id/YUNwM2czOWpZU2hrTXF3NlRTU3hNZz09","TEL":"1823","MEASURE_LEN":2500,"name_en":"Lantau Trail Section 1","name_tc":"鳳凰徑第一段","parent_id":"lt","parent_en":"Lantau Trail","parent_tc":"鳳凰徑","parks_en":[],"parks_tc":[],"has_distance_posts":true,"mapped_length_m":2211,"length_mismatch":true,"branching":false,"direction_verified_by":"distance_posts","loop":false}},{"type":"Feature","geometry":{"type":"LineString","coordinates":[[113.91781,22.22147],[113.91774,22.2217],[113.91757,22.22169],[113.91678,22.22193],[113.91626,22.22268],[113.91565,22.22323],[113.9156,22.22344],[113.91545,22.22361],[113.91541,22.22385],[113.91522,22.22394],[113.91451,22.22466],[113.91447,22.22524],[113.91472,22.22556],[113.9149,22.22597],[113.91509,22.22622],[113.91622,22.22674],[113.91665,22.22739],[113.91685,22.22744],[113.91722,22.2272],[113.91744,22.22723],[113.91771,22.2277],[113.9179,22.22788],[113.91823,22.22786],[113.9184,22.2276],[113.91856,22.22752],[113.92004,22.22734],[113.92021,22.22744],[113.92037,22.22786],[113.92048,22.22795],[113.92134,22.22824],[113.92167,22.22818],[113.92256,22.22828],[113.92299,22.22864],[113.92308,22.22895],[113.92378,22.22933],[113.92398,22.22931],[113.92464,22.22896],[113.92509,22.22922],[113.92564,22.22933],[113.92575,22.22948],[113.92579,22.2302],[113.92565,22.23042],[113.92528,22.23067],[113.92525,22.23079],[113.92559,22.23108],[113.92559,22.23141],[113.92575,22.23168],[113.92565,22.23199],[113.9259,22.23229],[113.92596,22.2329],[113.92651,22.23312],[113.92667,22.23363],[113.92728,22.23364],[113.92761,22.23409],[113.92791,22.23412],[113.92829,22.234],[113.92849,22.23405],[113.92878,22.23453],[113.92886,22.23481],[113.92909,22.23505],[113.92927,22.23506],[113.92946,22.23484],[113.9296,22.2343],[113.92992,22.23406],[113.93006,22.23375],[113.93038,22.23357],[113.93045,22.23315],[113.93075,22.23294],[113.93076,22.23278],[113.93054,22.23245],[113.93051,22.23227],[113.9306,22.23213],[113.93097,22.23188],[113.93122,22.23184],[113.93198,22.23216],[113.93235,22.23223],[113.93266,22.23197],[113.93333,22.23173],[113.93382,22.23182],[113.93464,22.23133],[113.93544,22.23109],[113.93653,22.23156],[113.93685,22.23159],[113.93722,22.23189],[113.93725,22.23222],[113.93733,22.23229],[113.93787,22.23218],[113.93845,22.23263],[113.93929,22.23227],[113.93938,22.23235],[113.93942,22.23263],[113.93956,22.23274],[113.94099,22.23304],[113.94107,22.23318],[113.94103,22.23356],[113.94162,22.23404],[113.942,22.23407],[113.94268,22.23388],[113.94294,22.23417],[113.94342,22.23427],[113.94356,22.23485],[113.94339,22.23523],[113.94335,22.23571],[113.94345,22.23583],[113.9438,22.23589],[113.94389,22.23601],[113.94375,22.2369],[113.9438,22.23698],[113.94418,22.23708],[113.94426,22.23717],[113.94426,22.23734],[113.94408,22.23764],[113.94411,22.23779],[113.94425,22.23795],[113.94467,22.23801],[113.94565,22.23879],[113.94608,22.23891]]},"properties":{"TRAIL_ID":"lt_10","TRAIL_NAME_EN":"LANTAU TRAIL","TRAIL_NAME_TC":"鳳凰徑","SECTION_NO":"10","TYPE_EN":"Long Distance Trail","TYPE_TC":"長途遠足徑","DIFFICULTY_EN":"Moderate","DIFFICULTY_TC":"普通","REGION_EN":"Lantau Island","REGION_TC":"大嶼山","STARTpt_EN":"Shui Hau","STARTpt_TC":"水口","FINISHpt_EN":"Cheung Sha","FINISHpt_TC":"長沙","WEBSITE":"https://www.hiking.gov.hk/trail/info/id/YS9XR04yWE5GRnBRZTFFS3E3bjlKdz09","TEL":"1823","MEASURE_LEN":6500,"name_en":"Lantau Trail Section 10","name_tc":"鳳凰徑第十段","parent_id":"lt","parent_en":"Lantau Trail","parent_tc":"鳳凰徑","parks_en":["Lantau South Country Park"],"parks_tc":["南大嶼郊野公園"],"has_distance_posts":true,"mapped_length_m":5773,"length_mismatch":true,"branching":false,"direction_verified_by":"distance_posts","loop":false}},{"type":"Feature","geometry":{"type":"LineString","coordinates":[[113.94608,22.23891],[113.94647,22.23887],[113.94695,22.2391],[113.94727,22.23948],[113.94758,22.2395],[113.94832,22.23914],[113.94878,22.23926],[113.94954,22.23916],[113.94994,22.23863],[113.9503,22.23848],[113.95055,22.23819],[113.95074,22.23814],[113.95155,22.2385],[113.95234,22.23834],[113.95258,22.23837],[113.95321,22.23867],[113.95339,22.23882],[113.95375,22.23886],[113.95407,22.23903],[113.95446,22.23902],[113.95493,22.23934],[113.9554,22.23913],[113.95583,22.23924],[113.95593,22.23933],[113.95596,22.23975],[113.95609,22.23992],[113.95624,22.23995],[113.95671,22.23969],[113.95728,22.23981],[113.95785,22.24052],[113.95795,22.2405],[113.95834,22.24015],[113.95878,22.24027],[113.95913,22.24021],[113.95942,22.24001],[113.95958,22.23999],[113.95988,22.24027],[113.96033,22.24114],[113.96071,22.24129],[113.96089,22.24176],[113.96127,22.24243],[113.9616,22.24253],[113.96205,22.24247],[113.96238,22.24291],[113.96291,22.24327],[113.96352,22.24312],[113.96409,22.24341],[113.96447,22.24334],[113.96471,22.24302],[113.96547,22.24289],[113.96606,22.24321],[113.96616,22.24401],[113.96632,22.24414],[113.9666,22.24422],[113.96683,22.24444],[113.96707,22.24445],[113.96712,22.24419],[113.96741,22.24412],[113.96757,22.24426],[113.96757,22.24446],[113.96781,22.24457],[113.968,22.24458],[113.96844,22.24434],[113.96866,22.24466],[113.96893,22.24481],[113.96966,22.24477],[113.96974,22.24465],[113.96966,22.2442],[113.96986,22.24402],[113.96996,22.24382],[113.97031,22.24415],[113.97072,22.24427],[113.97081,22.24449],[113.97095,22.24457],[113.97148,22.24461],[113.97165,22.24438],[113.97181,22.24436],[113.97275,22.24458],[113.97325,22.24442],[113.97351,22.24394],[113.97346,22.24348],[113.97405,22.24306],[113.97431,22.24306],[113.97501,22.24331],[113.97663,22.24332]]},"properties":{"TRAIL_ID":"lt_11","TRAIL_NAME_EN":"LANTAU TRAIL","TRAIL_NAME_TC":"鳳凰徑","SECTION_NO":"11","TYPE_EN":"Long Distance Trail","TYPE_TC":"長途遠足徑","DIFFICULTY_EN":"Moderate","DIFFICULTY_TC":"普通","REGION_EN":"Lantau Island","REGION_TC":"大嶼山","STARTpt_EN":"Cheung Sha","STARTpt_TC":"長沙","FINISHpt_EN":"Pui O","FINISHpt_TC":"貝澳","WEBSITE":"https://www.hiking.gov.hk/trail/info/id/NktmYXJYQWVwNmMrM016d09JbkYrQT09","TEL":"1823","MEASURE_LEN":4500,"name_en":"Lantau Trail Section 11","name_tc":"鳳凰徑第十一段","parent_id":"lt","parent_en":"Lantau Trail","parent_tc":"鳳凰徑","parks_en":["Lantau South Country Park"],"parks_tc":["南大嶼郊野公園"],"has_distance_posts":true,"mapped_length_m":4168,"length_mismatch":false,"branching":false,"direction_verified_by":"distance_posts","loop":false}},{"type":"Feature","geometry":{"type":"LineString","coordinates":[[113.97663,22.24332],[113.97662,22.24264],[113.97696,22.24177],[113.9782,22.24124],[113.97852,22.24127],[113.9788,22.24172],[113.97914,22.24187],[113.9793,22.24211],[113.97947,22.24219],[113.97996,22.24216],[113.98063,22.24172],[113.9806,22.2414],[113.98047,22.2413],[113.98018,22.24062],[113.98069,22.2399],[113.98093,22.23926],[113.9813,22.23897],[113.98182,22.23883],[113.98266,22.23902],[113.9831,22.23852],[113.98308,22.23839],[113.98212,22.23757],[113.98194,22.23707],[113.98166,22.2369],[113.98195,22.23637],[113.9822,22.23635],[113.98261,22.23645],[113.98318,22.23675],[113.98339,22.237],[113.98382,22.23725],[113.98446,22.23736],[113.98483,22.2377],[113.98515,22.2378],[113.98536,22.238],[113.9861,22.23819],[113.9865,22.23862],[113.98711,22.23891],[113.98746,22.23889],[113.98752,22.23911],[113.9877,22.23916],[113.98765,22.23936],[113.98783,22.23951],[113.98775,22.24005],[113.98789,22.24039],[113.98786,22.24074],[113.98772,22.24092],[113.98736,22.24104],[113.98706,22.24131],[113.98629,22.24124],[113.98604,22.2413],[113.9858,22.24162],[113.98584,22.2418],[113.98563,22.2422],[113.98558,22.24249],[113.98564,22.24273],[113.98554,22.24289],[113.98502,22.2432],[113.98545,22.24358],[113.98658,22.2453],[113.98677,22.24539],[113.98716,22.24534],[113.98749,22.2455],[113.98837,22.24628],[113.98858,22.24633],[113.98891,22.24671],[113.98929,22.24695],[113.98963,22.24745],[113.98973,22.24769],[113.98933,22.24786],[113.98928,22.248],[113.98969,22.24868],[113.9898,22.24905],[113.98973,22.24957],[113.99011,22.25024],[113.99001,22.2503],[113.99013,22.25109],[113.99033,22.25155],[113.9902,22.25217],[113.99007,22.25246],[113.99079,22.25355],[113.99131,22.25386],[113.99211,22.25417],[113.99239,22.25409],[113.99277,22.2538],[113.99295,22.25352],[113.99333,22.25321],[113.9938,22.25244],[113.99417,22.25212],[113.99452,22.25196],[113.99488,22.25228],[113.99495,22.25274],[113.99513,22.25302],[113.9952,22.2538],[113.99567,22.25414],[113.99601,22.25501],[113.99639,22.25532],[113.99653,22.25566],[113.99697,22.25591],[113.99731,22.256],[113.99787,22.256],[113.99821,22.25634],[113.99857,22.25586],[113.99914,22.25572],[113.99939,22.25545],[113.9994,22.25532],[113.99925,22.25508],[113.99948,22.25467],[114.00023,22.25419],[114.00076,22.25427],[114.00088,22.25403],[114.00171,22.25349],[114.00222,22.25353],[114.00243,22.25345],[114.00288,22.2535],[114.00344,22.25337],[114.00382,22.25364],[114.00494,22.25378],[114.00523,22.25406],[114.00553,22.25417],[114.0065,22.25431],[114.00732,22.25411],[114.00779,22.25387],[114.00819,22.2538],[114.00838,22.25357],[114.00858,22.25351],[114.00938,22.2535],[114.00935,22.25385],[114.00906,22.25427],[114.00897,22.25466],[114.00879,22.25487],[114.00879,22.25541],[114.00857,22.25564],[114.00797,22.25574],[114.0078,22.25592],[114.00777,22.25653],[114.00785,22.25714],[114.00771,22.25725],[114.00692,22.25751],[114.00665,22.25771],[114.00693,22.258],[114.00698,22.25821],[114.00678,22.25856],[114.00636,22.25873],[114.00613,22.25897],[114.00611,22.25912],[114.00634,22.25952],[114.00628,22.25972],[114.00535,22.26033],[114.0047,22.26059],[114.00281,22.26156],[114.00157,22.26187],[114.00166,22.26219],[114.0011,22.26231],[114.00098,22.26241],[114.00096,22.26261],[114.00108,22.26275],[114.00193,22.26286],[114.0021,22.26303],[114.00184,22.26492]]},"properties":{"TRAIL_ID":"lt_12","TRAIL_NAME_EN":"LANTAU TRAIL","TRAIL_NAME_TC":"鳳凰徑","SECTION_NO":"12","TYPE_EN":"Long Distance Trail","TYPE_TC":"長途遠足徑","DIFFICULTY_EN":"Demanding","DIFFICULTY_TC":"費力","REGION_EN":"Lantau Island","REGION_TC":"大嶼山","STARTpt_EN":"Pui O","STARTpt_TC":"貝澳","FINISHpt_EN":"Mui Wo","FINISHpt_TC":"梅窩","WEBSITE":"https://www.hiking.gov.hk/trail/info/id/aU9nYU5ZRzBPU0VIWWJ0NUhkK1NWZz09","TEL":"1823","MEASURE_LEN":9000,"name_en":"Lantau Trail Section 12","name_tc":"鳳凰徑第十二段","parent_id":"lt","parent_en":"Lantau Trail","parent_tc":"鳳凰徑","parks_en":["Lantau South Country Park"],"parks_tc":["南大嶼郊野公園"],"has_distance_posts":true,"mapped_length_m":9003,"length_mismatch":false,"branching":false,"direction_verified_by":"distance_posts","loop":false}},{"type":"Feature","geometry":{"type":"LineString","coordinates":[[113.98818,22.25625],[113.98802,22.25656],[113.98772,22.2565],[113.98695,22.25667],[113.98673,22.25679],[113.9866,22.25703],[113.98634,22.25699],[113.98603,22.25705],[113.98587,22.25698],[113.9855,22.25709],[113.98485,22.25745],[113.98447,22.25748],[113.98427,22.25768],[113.98366,22.25806],[113.98273,22.25827],[113.98232,22.2583],[113.98203,22.25802],[113.98199,22.25815],[113.9818,22.25786],[113.98138,22.25779],[113.98135,22.25756],[113.9809,22.25787],[113.98069,22.25837],[113.98042,22.25866],[113.97988,22.259],[113.97963,22.25944],[113.97977,22.25954],[113.97979,22.25969],[113.97917,22.26006],[113.97879,22.26048],[113.97835,22.26047],[113.978,22.2607],[113.97781,22.26073],[113.9777,22.26104],[113.97755,22.26114],[113.97722,22.26099],[113.97672,22.2609],[113.97658,22.2605],[113.97638,22.26039],[113.9762,22.26044],[113.9761,22.26057],[113.97552,22.26036],[113.97527,22.26036],[113.97493,22.26055],[113.97524,22.26068],[113.97456,22.26075],[113.9744,22.26082],[113.97386,22.2608],[113.97353,22.26108],[113.97258,22.2612],[113.97209,22.26158],[113.9718,22.26192],[113.97153,22.26181],[113.97152,22.26162],[113.9711,22.2614],[113.97091,22.26111],[113.97066,22.2611],[113.97022,22.26095],[113.96978,22.26061],[113.96892,22.26033],[113.96842,22.26087],[113.96825,22.2608],[113.96818,22.26068],[113.96752,22.26112],[113.96714,22.26119],[113.96686,22.26109],[113.96654,22.26126],[113.96598,22.26124],[113.96543,22.26138],[113.96464,22.26107],[113.96441,22.26111],[113.96422,22.26103],[113.96381,22.2611],[113.9634,22.26104],[113.96319,22.26091],[113.963,22.2609],[113.96276,22.26059],[113.96239,22.26037],[113.9623,22.26018],[113.96179,22.26023],[113.96162,22.26013],[113.96147,22.25975],[113.96115,22.25965],[113.96117,22.25944],[113.96107,22.25925],[113.96078,22.25893],[113.96065,22.25859],[113.96045,22.25845],[113.96008,22.25843],[113.95951,22.25819],[113.95905,22.25828],[113.95831,22.25808],[113.95789,22.25794],[113.9571,22.25742],[113.95706,22.2571],[113.95751,22.25674],[113.95751,22.25665],[113.95702,22.25647],[113.95661,22.25595],[113.95568,22.25502],[113.9555,22.25503],[113.95482,22.25473],[113.9545,22.25447],[113.95395,22.25448],[113.95378,22.2544],[113.95338,22.25445],[113.9528,22.25413],[113.95258,22.25389],[113.95251,22.25345],[113.95229,22.25314],[113.9522,22.25268],[113.95206,22.25251],[113.951,22.25232],[113.95043,22.25205],[113.95027,22.25191],[113.95021,22.25195],[113.95,22.25189],[113.94989,22.25164],[113.94951,22.25142],[113.94922,22.25139],[113.94837,22.25154],[113.94815,22.25145],[113.9479,22.25111],[113.9473,22.25062],[113.94689,22.25074],[113.94606,22.25054],[113.94576,22.25029],[113.94574,22.25011],[113.94555,22.25006],[113.94559,22.24988],[113.9455,22.24983],[113.94551,22.2497],[113.94517,22.24936],[113.94488,22.24919],[113.94464,22.24921],[113.94443,22.24899],[113.94425,22.24901],[113.94419,22.2489],[113.94371,22.24873],[113.94342,22.2487],[113.94311,22.24849],[113.94327,22.24824],[113.94325,22.24817]]},"properties":{"TRAIL_ID":"lt_2","TRAIL_NAME_EN":"LANTAU TRAIL","TRAIL_NAME_TC":"鳳凰徑","SECTION_NO":"2","TYPE_EN":"Long Distance Trail","TYPE_TC":"長途遠足徑","DIFFICULTY_EN":"Difficult","DIFFICULTY_TC":"難行","REGION_EN":"Lantau Island","REGION_TC":"大嶼山","STARTpt_EN":"Nam Shan","STARTpt_TC":"南山","FINISHpt_EN":"Pak Kung Au","FINISHpt_TC":"伯公坳","WEBSITE":"https://www.hiking.gov.hk/trail/info/id/SVdvZDdnTENQZXl0byt5QndsQ0NmZz09","TEL":"1823","MEASURE_LEN":6500,"name_en":"Lantau Trail Section 2","name_tc":"鳳凰徑第二段","parent_id":"lt","parent_en":"Lantau Trail","parent_tc":"鳳凰徑","parks_en":["Lantau North Country Park","Lantau South Country Park"],"parks_tc":["北大嶼郊野公園","南大嶼郊野公園"],"has_distance_posts":true,"mapped_length_m":6338,"length_mismatch":false,"branching":false,"direction_verified_by":"distance_posts","loop":false}},{"type":"Feature","geometry":{"type":"LineString","coordinates":[[113.94325,22.24817],[113.94293,22.24847],[113.94287,22.24843],[113.9431,22.24816],[113.94267,22.24835],[113.94237,22.24835],[113.94182,22.24819],[113.94129,22.24826],[113.94088,22.24801],[113.94061,22.24793],[113.9399,22.24799],[113.93976,22.24787],[113.93959,22.24789],[113.93933,22.24776],[113.93892,22.24729],[113.93844,22.24741],[113.93818,22.2474],[113.9378,22.24714],[113.93766,22.24688],[113.93757,22.24647],[113.93735,22.24635],[113.93693,22.24589],[113.93666,22.24573],[113.93647,22.24572],[113.93574,22.24622],[113.93537,22.24656],[113.93426,22.24714],[113.9342,22.24743],[113.93408,22.2476],[113.93363,22.24802],[113.9331,22.24803],[113.93289,22.24817],[113.9326,22.24814],[113.93172,22.2488],[113.93098,22.24883],[113.93043,22.24871],[113.93014,22.24875],[113.92977,22.24893],[113.92884,22.24886],[113.92879,22.24895],[113.92859,22.24899],[113.92832,22.24934],[113.92808,22.2494],[113.92759,22.24911],[113.92693,22.24906],[113.92637,22.24881],[113.92542,22.24884],[113.92491,22.24879],[113.92416,22.24893],[113.92397,22.2488],[113.92367,22.24885],[113.92338,22.24876],[113.92255,22.24878],[113.92216,22.24867],[113.92172,22.24879],[113.92156,22.24876],[113.92138,22.24884],[113.92123,22.24903],[113.92027,22.24923],[113.92007,22.24918],[113.91981,22.24878],[113.91977,22.24834],[113.91958,22.24795],[113.91898,22.24765],[113.91895,22.24751],[113.91839,22.24711],[113.91807,22.24673],[113.91774,22.24668],[113.91731,22.2468],[113.91726,22.24689],[113.91714,22.24687],[113.91711,22.24693],[113.91704,22.2469],[113.91702,22.247],[113.91693,22.247],[113.91671,22.24723],[113.91658,22.24725],[113.91639,22.24742],[113.91618,22.24736],[113.91609,22.24744],[113.91601,22.24737],[113.91599,22.24746],[113.91591,22.24742],[113.91591,22.24755],[113.91579,22.24755],[113.91568,22.24811],[113.91555,22.24822],[113.91534,22.24824],[113.91534,22.24835],[113.91517,22.24847],[113.91446,22.24854],[113.91428,22.24884],[113.9139,22.24909],[113.91389,22.24973],[113.91374,22.24999],[113.91369,22.25028],[113.91354,22.25044],[113.91326,22.25101],[113.9133,22.25136],[113.91339,22.2515],[113.91329,22.25198],[113.91315,22.25214],[113.91292,22.25205],[113.91266,22.2521],[113.91245,22.25256],[113.9125,22.2528]]},"properties":{"TRAIL_ID":"lt_3","TRAIL_NAME_EN":"LANTAU TRAIL","TRAIL_NAME_TC":"鳳凰徑","SECTION_NO":"3","TYPE_EN":"Long Distance Trail","TYPE_TC":"長途遠足徑","DIFFICULTY_EN":"Difficult","DIFFICULTY_TC":"難行","REGION_EN":"Lantau Island","REGION_TC":"大嶼山","STARTpt_EN":"Pak Kung Au","STARTpt_TC":"伯公坳","FINISHpt_EN":"Ngong Ping","FINISHpt_TC":"昂坪","WEBSITE":"https://www.hiking.gov.hk/trail/info/id/NWJYSHpGd0d5NmZNdXdtQmM4UTBRdz09","TEL":"1823","MEASURE_LEN":4500,"name_en":"Lantau Trail Section 3","name_tc":"鳳凰徑第三段","parent_id":"lt","parent_en":"Lantau Trail","parent_tc":"鳳凰徑","parks_en":["Lantau South Country Park"],"parks_tc":["南大嶼郊野公園"],"has_distance_posts":true,"mapped_length_m":4452,"length_mismatch":false,"branching":false,"direction_verified_by":"distance_posts","loop":false}},{"type":"Feature","geometry":{"type":"LineString","coordinates":[[113.9125,22.2528],[113.91252,22.2533],[113.91321,22.25373],[113.91336,22.2539],[113.91362,22.25489],[113.91384,22.25517],[113.91396,22.25553],[113.91402,22.25627],[113.91423,22.25673],[113.91353,22.25658],[113.91315,22.2569],[113.91257,22.25694],[113.91232,22.25721],[113.91198,22.25721],[113.91152,22.25732],[113.91117,22.25787],[113.91053,22.25821],[113.91012,22.2581],[113.90955,22.25821],[113.90876,22.25866],[113.90792,22.25896],[113.90755,22.25939],[113.90661,22.2598],[113.90649,22.25992],[113.90615,22.26076],[113.90625,22.26115],[113.90604,22.26147],[113.9059,22.26155],[113.9059,22.26115],[113.90558,22.26067],[113.90571,22.26029],[113.9055,22.26021],[113.90545,22.25988],[113.90531,22.25955],[113.90511,22.25934],[113.90472,22.25943],[113.90455,22.25906],[113.90415,22.25861],[113.90335,22.25816],[113.90218,22.2579],[113.9018,22.2571],[113.90199,22.25692],[113.90169,22.25669],[113.90172,22.25666],[113.90181,22.25672],[113.90253,22.2566],[113.90358,22.25559],[113.90381,22.25553],[113.90382,22.25546],[113.9032,22.2554],[113.9027,22.25513],[113.90215,22.25453],[113.90112,22.25398],[113.89972,22.25277],[113.89955,22.25241],[113.89967,22.2518],[113.89965,22.2515],[113.89951,22.25122],[113.89922,22.25089],[113.89918,22.25035],[113.89904,22.25013],[113.89859,22.2499],[113.89818,22.2494],[113.89727,22.24897],[113.89661,22.24839],[113.89619,22.24824],[113.8959,22.24828],[113.89541,22.24854],[113.8951,22.24863],[113.89474,22.24853],[113.89417,22.24817],[113.89382,22.24816],[113.89356,22.24839],[113.89328,22.2492],[113.89232,22.24989],[113.89213,22.2497],[113.89219,22.24955],[113.89256,22.24924],[113.89269,22.24897],[113.89307,22.24645],[113.8929,22.24606],[113.89186,22.24486],[113.89171,22.2448],[113.89171,22.24469]]},"properties":{"TRAIL_ID":"lt_4","TRAIL_NAME_EN":"LANTAU TRAIL","TRAIL_NAME_TC":"鳳凰徑","SECTION_NO":"4","TYPE_EN":"Long Distance Trail","TYPE_TC":"長途遠足徑","DIFFICULTY_EN":"Moderate","DIFFICULTY_TC":"普通","REGION_EN":"Lantau Island","REGION_TC":"大嶼山","STARTpt_EN":"Ngong Ping","STARTpt_TC":"昂坪","FINISHpt_EN":"Sham Wat Road","FINISHpt_TC":"深屈道","WEBSITE":"https://www.hiking.gov.hk/trail/info/id/bFFXSU03dVRuU1VQSHpMRThST3Zldz09","TEL":"1823","MEASURE_LEN":4000,"name_en":"Lantau Trail Section 4","name_tc":"鳳凰徑第四段","parent_id":"lt","parent_en":"Lantau Trail","parent_tc":"鳳凰徑","parks_en":["Lantau North Country Park","Lantau South Country Park"],"parks_tc":["北大嶼郊野公園","南大嶼郊野公園"],"has_distance_posts":true,"mapped_length_m":5198,"length_mismatch":true,"branching":false,"direction_verified_by":"distance_posts","loop":false}},{"type":"Feature","geometry":{"type":"LineString","coordinates":[[113.89171,22.24469],[113.8911,22.24417],[113.89104,22.24399],[113.89126,22.24349],[113.89095,22.24348],[113.89079,22.24362],[113.89006,22.24341],[113.88998,22.2433],[113.89035,22.24298],[113.89034,22.24289],[113.88958,22.24265],[113.88936,22.24228],[113.88897,22.24207],[113.88896,22.2419],[113.88873,22.24166],[113.88884,22.24162],[113.88847,22.24116],[113.88865,22.24108],[113.8887,22.24064],[113.88834,22.2402],[113.8877,22.23982],[113.8875,22.23909],[113.8873,22.23887],[113.88704,22.23834],[113.88684,22.23817],[113.88676,22.23789],[113.88616,22.23731],[113.88604,22.23692],[113.88556,22.23642],[113.8854,22.23609],[113.88544,22.2357],[113.88511,22.2355],[113.88512,22.23527],[113.88486,22.23538],[113.88482,22.23529],[113.88489,22.23525],[113.88462,22.23511],[113.88437,22.2347],[113.88388,22.23423],[113.88312,22.2338],[113.88297,22.23359],[113.88267,22.23343],[113.88238,22.23293],[113.88229,22.23225],[113.88204,22.23191],[113.88181,22.23184],[113.8812,22.23193],[113.88103,22.23173],[113.88077,22.23159],[113.88028,22.23149],[113.87986,22.23152],[113.87951,22.23146],[113.87917,22.23155],[113.87895,22.23172],[113.87874,22.23173],[113.87852,22.23157],[113.87842,22.2314],[113.87814,22.23143],[113.87789,22.23106],[113.87768,22.23105],[113.87719,22.23126],[113.87681,22.23119],[113.87656,22.23107],[113.87639,22.23075],[113.87599,22.23074],[113.87562,22.23052],[113.87514,22.2305],[113.87411,22.23068],[113.87364,22.2305],[113.87344,22.23031],[113.87337,22.2301],[113.87315,22.22996],[113.87253,22.22979],[113.87247,22.22956],[113.8728,22.22905],[113.8728,22.22892],[113.87251,22.22877],[113.87253,22.22857],[113.87271,22.22823],[113.8727,22.22807],[113.8725,22.22772],[113.87255,22.22738],[113.87228,22.22673],[113.87178,22.2266],[113.87154,22.22612],[113.87156,22.22534],[113.87171,22.22503],[113.87155,22.22492],[113.87101,22.22491],[113.87046,22.22453],[113.86989,22.22425],[113.86972,22.22391],[113.86984,22.22356],[113.86982,22.22304],[113.86946,22.22275],[113.86904,22.2222],[113.86837,22.22215],[113.86781,22.22147],[113.86758,22.22137],[113.8674,22.22148],[113.8673,22.22139],[113.86725,22.22145],[113.86723,22.22128],[113.86713,22.22131],[113.86667,22.22107],[113.8664,22.22075],[113.86606,22.22057],[113.86571,22.22024],[113.86541,22.22022],[113.86493,22.22007],[113.86471,22.21984],[113.86447,22.21976],[113.8645,22.2199],[113.86415,22.22002],[113.86407,22.22013],[113.86408,22.2206],[113.86417,22.22082],[113.86406,22.22128],[113.86435,22.22155],[113.86474,22.22206],[113.86512,22.22222],[113.86515,22.22248],[113.86529,22.22264],[113.86522,22.22433],[113.86545,22.22436],[113.86622,22.2248],[113.86663,22.22454],[113.86675,22.22463],[113.86677,22.22485],[113.86736,22.22517],[113.86729,22.22525],[113.86732,22.22536],[113.86708,22.22564],[113.86711,22.22579],[113.86683,22.22649],[113.86647,22.22671],[113.86627,22.22708],[113.86621,22.22751],[113.86575,22.22842],[113.8658,22.22872],[113.86609,22.22889],[113.86652,22.22893],[113.86675,22.22911],[113.86742,22.22867],[113.86752,22.22871],[113.86769,22.22865],[113.86787,22.2289],[113.86784,22.22907],[113.86809,22.22929],[113.86838,22.22938],[113.8684,22.22947],[113.86829,22.22978],[113.8678,22.22989],[113.86773,22.23021],[113.86779,22.23051],[113.86761,22.23071],[113.86754,22.23101],[113.8675,22.23195],[113.86719,22.23295],[113.8671,22.23305],[113.86711,22.23319],[113.8678,22.23367],[113.86806,22.23363],[113.86831,22.2337],[113.8685,22.23405],[113.86886,22.23428],[113.8693,22.23474],[113.87022,22.23489],[113.87036,22.23525],[113.87024,22.2354],[113.87029,22.23548],[113.87015,22.23586],[113.87036,22.2362],[113.87038,22.23647]]},"properties":{"TRAIL_ID":"lt_5","TRAIL_NAME_EN":"LANTAU TRAIL","TRAIL_NAME_TC":"鳳凰徑","SECTION_NO":"5","TYPE_EN":"Long Distance Trail","TYPE_TC":"長途遠足徑","DIFFICULTY_EN":"Demanding","DIFFICULTY_TC":"費力","REGION_EN":"Lantau Island","REGION_TC":"大嶼山","STARTpt_EN":"Sham Wat Road","STARTpt_TC":"深屈道","FINISHpt_EN":"Man Cheung Po","FINISHpt_TC":"萬丈布","WEBSITE":"https://www.hiking.gov.hk/trail/info/id/ckcwQUpQUHEzcWRhZVdDYkZsQlR2UT09","TEL":"1823","MEASURE_LEN":7500,"name_en":"Lantau Trail Section 5","name_tc":"鳳凰徑第五段","parent_id":"lt","parent_en":"Lantau Trail","parent_tc":"鳳凰徑","parks_en":["Lantau North Country Park","Lantau South Country Park"],"parks_tc":["北大嶼郊野公園","南大嶼郊野公園"],"has_distance_posts":true,"mapped_length_m":7771,"length_mismatch":false,"branching":false,"direction_verified_by":"distance_posts","loop":false}},{"type":"Feature","geometry":{"type":"LineString","coordinates":[[113.87038,22.23647],[113.87036,22.23685],[113.87014,22.23736],[113.8702,22.23831],[113.87003,22.23851],[113.87051,22.23876],[113.87053,22.23898],[113.87007,22.23937],[113.86978,22.2398],[113.8695,22.2399],[113.86983,22.24024],[113.86986,22.24048],[113.87009,22.24081],[113.86999,22.24101],[113.86951,22.24117],[113.86954,22.24166],[113.8697,22.24228],[113.86985,22.24253],[113.8698,22.24279],[113.86947,22.24343],[113.86928,22.24362],[113.86939,22.24423],[113.86955,22.2446],[113.86951,22.24484],[113.86897,22.24543],[113.86846,22.24555],[113.86718,22.24613],[113.86702,22.24631],[113.8666,22.24656],[113.86665,22.2467],[113.86617,22.24685],[113.86591,22.24679],[113.86578,22.24684],[113.86538,22.24728],[113.86506,22.24742],[113.86463,22.24789],[113.86431,22.24811],[113.86357,22.24798]]},"properties":{"TRAIL_ID":"lt_6","TRAIL_NAME_EN":"LANTAU TRAIL","TRAIL_NAME_TC":"鳳凰徑","SECTION_NO":"6","TYPE_EN":"Long Distance Trail","TYPE_TC":"長途遠足徑","DIFFICULTY_EN":"Moderate","DIFFICULTY_TC":"普通","REGION_EN":"Lantau Island","REGION_TC":"大嶼山","STARTpt_EN":"Man Cheung Po","STARTpt_TC":"萬丈布","FINISHpt_EN":"Tai O","FINISHpt_TC":"大澳","WEBSITE":"https://www.hiking.gov.hk/trail/info/id/NjVmZUw2OURKcjZkQldxYlN3TjJXQT09","TEL":"1823","MEASURE_LEN":2500,"name_en":"Lantau Trail Section 6","name_tc":"鳳凰徑第六段","parent_id":"lt","parent_en":"Lantau Trail","parent_tc":"鳳凰徑","parks_en":["Lantau North Country Park","Lantau South Country Park"],"parks_tc":["北大嶼郊野公園","南大嶼郊野公園"],"has_distance_posts":true,"mapped_length_m":1892,"length_mismatch":true,"branching":false,"direction_verified_by":"distance_posts","loop":false}},{"type":"Feature","geometry":{"type":"LineString","coordinates":[[113.86357,22.24798],[113.86294,22.24731],[113.86213,22.24709],[113.86205,22.24694],[113.86151,22.24664],[113.86088,22.24603],[113.86066,22.24592],[113.85922,22.24547],[113.85896,22.24522],[113.85814,22.24498],[113.85683,22.24475],[113.85613,22.24479],[113.85489,22.24447],[113.85388,22.24402],[113.85314,22.24394],[113.85285,22.24352],[113.85256,22.2433],[113.85227,22.24322],[113.85208,22.243],[113.8517,22.24275],[113.85156,22.24222],[113.85167,22.24146],[113.85148,22.24112],[113.85158,22.24089],[113.85156,22.24076],[113.85187,22.23988],[113.85208,22.23969],[113.85241,22.23904],[113.85274,22.23869],[113.85252,22.23809],[113.85246,22.23753],[113.85262,22.23718],[113.85281,22.23636],[113.85272,22.23585],[113.85287,22.23401],[113.8528,22.23351],[113.85268,22.23323],[113.85276,22.23309],[113.85182,22.23173],[113.85158,22.23165],[113.85139,22.23137],[113.85122,22.23136],[113.8512,22.23103],[113.85103,22.23078],[113.85081,22.23067],[113.84992,22.23058],[113.84945,22.23069],[113.84937,22.23025],[113.84958,22.22969],[113.84932,22.22951],[113.8488,22.22886],[113.84855,22.22799],[113.84782,22.22654],[113.84783,22.22614],[113.84791,22.22599],[113.84816,22.22593],[113.84842,22.2257],[113.8483,22.22473],[113.84806,22.22455],[113.84764,22.22445],[113.84716,22.2238],[113.84709,22.22359],[113.84718,22.22345],[113.84719,22.22321],[113.84695,22.22294],[113.84692,22.22224],[113.84664,22.22218],[113.84644,22.22199],[113.84605,22.22205],[113.84586,22.22195],[113.84574,22.2218],[113.84566,22.22145],[113.84523,22.22126],[113.84469,22.22084],[113.84448,22.22044],[113.84384,22.21967],[113.84379,22.2191],[113.84347,22.21858],[113.84353,22.2181],[113.84391,22.2176],[113.84378,22.21729],[113.84358,22.21707],[113.84358,22.21689],[113.84363,22.21655],[113.8441,22.21579],[113.84418,22.21551],[113.84401,22.21469],[113.84377,22.21421],[113.84366,22.21369],[113.84373,22.2132],[113.84414,22.21285],[113.84436,22.21235],[113.84457,22.21226],[113.84501,22.21173],[113.84531,22.21104],[113.84545,22.21088],[113.84524,22.21025],[113.84571,22.20878],[113.84589,22.20843],[113.84708,22.20716],[113.84725,22.20675],[113.8475,22.20656],[113.84779,22.20602],[113.848,22.20578],[113.84821,22.20524],[113.84864,22.20492],[113.84916,22.20432],[113.84923,22.20394],[113.84942,22.20364],[113.84944,22.20326],[113.85048,22.20329],[113.85119,22.20298],[113.85128,22.20279],[113.85167,22.20267],[113.85202,22.20285],[113.85224,22.20288],[113.85253,22.20272],[113.85278,22.20271],[113.85295,22.20279],[113.85307,22.20299],[113.85331,22.20294],[113.8544,22.20314],[113.85486,22.2034],[113.85498,22.20365],[113.85551,22.20372],[113.85559,22.20387],[113.85578,22.20395],[113.85632,22.2038],[113.85671,22.20405],[113.85736,22.20425],[113.85751,22.20428],[113.85775,22.2042],[113.85829,22.20429],[113.85836,22.20436],[113.85818,22.20503],[113.85824,22.20509],[113.85901,22.20496],[113.85931,22.20495],[113.85945,22.20501],[113.85973,22.20526],[113.86003,22.20593],[113.86007,22.20639],[113.85997,22.20656],[113.86019,22.20683],[113.86013,22.20711],[113.86024,22.20727],[113.86066,22.20742],[113.86085,22.20765],[113.86075,22.20819],[113.86037,22.20868],[113.8604,22.20888],[113.8603,22.20895],[113.86095,22.20933],[113.86124,22.20968],[113.8613,22.21013],[113.86124,22.21099],[113.86106,22.21145],[113.86117,22.21185],[113.86145,22.21216],[113.86159,22.21212],[113.86187,22.21157],[113.86232,22.21136],[113.86259,22.21108],[113.86307,22.21086],[113.86368,22.21024],[113.86461,22.20951],[113.86468,22.20939],[113.86466,22.20895],[113.86504,22.20848],[113.86609,22.20808],[113.86665,22.20774],[113.86718,22.2073]]},"properties":{"TRAIL_ID":"lt_7","TRAIL_NAME_EN":"LANTAU TRAIL","TRAIL_NAME_TC":"鳳凰徑","SECTION_NO":"7","TYPE_EN":"Long Distance Trail","TYPE_TC":"長途遠足徑","DIFFICULTY_EN":"Demanding","DIFFICULTY_TC":"費力","REGION_EN":"Lantau Island","REGION_TC":"大嶼山","STARTpt_EN":"Tai O","STARTpt_TC":"大澳","FINISHpt_EN":"Kau Ling Chung","FINISHpt_TC":"狗嶺涌","WEBSITE":"https://www.hiking.gov.hk/trail/info/id/Qk9WL0ZDY2huUFJSYVg4Rm5Gb3h3Zz09","TEL":"1823","MEASURE_LEN":10500,"name_en":"Lantau Trail Section 7","name_tc":"鳳凰徑第七段","parent_id":"lt","parent_en":"Lantau Trail","parent_tc":"鳳凰徑","parks_en":["Lantau North Country Park","Lantau South Country Park"],"parks_tc":["北大嶼郊野公園","南大嶼郊野公園"],"has_distance_posts":true,"mapped_length_m":9841,"length_mismatch":false,"branching":false,"direction_verified_by":"distance_posts","loop":false}},{"type":"Feature","geometry":{"type":"LineString","coordinates":[[113.86718,22.2073],[113.86749,22.20737],[113.86848,22.20833],[113.86855,22.20852],[113.86856,22.20916],[113.86966,22.21004],[113.86974,22.21046],[113.86998,22.21068],[113.87016,22.21098],[113.87045,22.21109],[113.87071,22.21132],[113.87141,22.21122],[113.87166,22.21101],[113.87218,22.21122],[113.87218,22.21156],[113.87238,22.21183],[113.87224,22.21214],[113.87227,22.21225],[113.87242,22.21231],[113.87283,22.21224],[113.87307,22.21233],[113.87323,22.21256],[113.8733,22.21295],[113.87361,22.21342],[113.87366,22.21369],[113.87425,22.21385],[113.87448,22.21385],[113.87463,22.21401],[113.87464,22.21425],[113.87438,22.21449],[113.87397,22.21463],[113.87391,22.21475],[113.87394,22.21487],[113.87434,22.21522],[113.87559,22.21549],[113.8759,22.21572],[113.87634,22.21574],[113.87668,22.21565],[113.87784,22.21613],[113.87794,22.21632],[113.87783,22.21655],[113.87784,22.21672],[113.87839,22.21674],[113.87865,22.21683],[113.87897,22.21709],[113.87905,22.21742],[113.87964,22.21799],[113.88054,22.21852],[113.88062,22.21888],[113.88094,22.21919],[113.88095,22.21956],[113.88141,22.21993],[113.88149,22.2201],[113.88143,22.22028],[113.8813,22.22039],[113.88034,22.22046],[113.88018,22.22064],[113.88039,22.22103],[113.88001,22.22153],[113.88004,22.22204],[113.87993,22.22248],[113.88004,22.22272],[113.88027,22.22294],[113.88022,22.22343],[113.88055,22.224],[113.88077,22.22408],[113.88134,22.22394],[113.88219,22.22414],[113.88247,22.22404],[113.88287,22.22403],[113.88373,22.22417],[113.88407,22.22397],[113.88448,22.22409],[113.8851,22.22394],[113.88597,22.22437],[113.88674,22.22432],[113.88695,22.22447],[113.88718,22.22453],[113.88751,22.22477],[113.88781,22.2252],[113.88824,22.22556],[113.88861,22.22531],[113.88916,22.22515],[113.88921,22.22503],[113.88917,22.22466],[113.88941,22.2245],[113.8896,22.22452],[113.88993,22.22504],[113.89042,22.22542],[113.8906,22.22567],[113.8909,22.22578],[113.89136,22.22636],[113.89134,22.22695],[113.89106,22.22735],[113.89109,22.22788],[113.89087,22.2282],[113.89087,22.22832]]},"properties":{"TRAIL_ID":"lt_8","TRAIL_NAME_EN":"LANTAU TRAIL","TRAIL_NAME_TC":"鳳凰徑","SECTION_NO":"8","TYPE_EN":"Long Distance Trail","TYPE_TC":"長途遠足徑","DIFFICULTY_EN":"Moderate","DIFFICULTY_TC":"普通","REGION_EN":"Lantau Island","REGION_TC":"大嶼山","STARTpt_EN":"Kau Ling Chung","STARTpt_TC":"狗嶺涌","FINISHpt_EN":"Shek Pik","FINISHpt_TC":"石壁","WEBSITE":"https://www.hiking.gov.hk/trail/info/id/Nk5VMHQ4YmlkMFZkV0JxdDdtSS94Zz09","TEL":"1823","MEASURE_LEN":5500,"name_en":"Lantau Trail Section 8","name_tc":"鳳凰徑第八段","parent_id":"lt","parent_en":"Lantau Trail","parent_tc":"鳳凰徑","parks_en":["Lantau South Country Park"],"parks_tc":["南大嶼郊野公園"],"has_distance_posts":true,"mapped_length_m":4735,"length_mismatch":true,"branching":false,"direction_verified_by":"distance_posts","loop":false}},{"type":"Feature","geometry":{"type":"LineString","coordinates":[[113.89087,22.22832],[113.89122,22.22821],[113.89184,22.22833],[113.89239,22.22826],[113.89442,22.22776],[113.89625,22.22699],[113.89793,22.22597],[113.89788,22.22538],[113.89773,22.22498],[113.89773,22.22415],[113.8979,22.22312],[113.89825,22.22269],[113.89887,22.22241],[113.89911,22.22207],[113.8996,22.221],[113.8995,22.2207],[113.89881,22.22024],[113.89865,22.22],[113.89888,22.21981],[113.89895,22.21934],[113.89895,22.21917],[113.89868,22.21902],[113.89954,22.21818],[113.89995,22.21762],[113.90028,22.21735],[113.90048,22.21707],[113.90079,22.21628],[113.90125,22.21619],[113.9015,22.21604],[113.90195,22.21602],[113.90242,22.21576],[113.90295,22.21577],[113.90318,22.21539],[113.90338,22.21524],[113.9037,22.2153],[113.90386,22.2155],[113.90399,22.21542],[113.90422,22.21512],[113.90416,22.2149],[113.90422,22.21478],[113.905,22.2144],[113.90511,22.2138],[113.90456,22.21308],[113.90455,22.21278],[113.90466,22.21253],[113.9051,22.21225],[113.90528,22.21204],[113.90547,22.21202],[113.90593,22.21149],[113.90618,22.21153],[113.90661,22.21107],[113.90705,22.21085],[113.90741,22.21028],[113.90797,22.20993],[113.90828,22.20979],[113.90854,22.20977],[113.90906,22.20951],[113.9092,22.20919],[113.90912,22.20889],[113.90936,22.20846],[113.90992,22.20832],[113.91013,22.20802],[113.91051,22.20775],[113.91086,22.20779],[113.91107,22.2079],[113.9115,22.20877],[113.91187,22.2092],[113.912,22.2096],[113.91196,22.20986],[113.91215,22.21008],[113.91219,22.21062],[113.91256,22.21119],[113.91262,22.21141],[113.91259,22.21172],[113.91287,22.21219],[113.91304,22.2122],[113.9135,22.21248],[113.91363,22.21272],[113.91387,22.21273],[113.91438,22.21257],[113.91444,22.21242],[113.91498,22.21219],[113.91603,22.21207],[113.91625,22.2118],[113.91644,22.2119],[113.91635,22.2124],[113.91649,22.21312],[113.91662,22.21341],[113.91607,22.21451],[113.91581,22.21553],[113.91605,22.21603],[113.91589,22.21664],[113.91587,22.21716],[113.91527,22.21757],[113.9152,22.21802],[113.9151,22.21817],[113.91413,22.21882],[113.91423,22.21925],[113.91395,22.21968],[113.91371,22.22028],[113.91371,22.22068],[113.91379,22.2208],[113.91548,22.22185],[113.91587,22.22186],[113.91596,22.22176],[113.91695,22.22141],[113.91735,22.22139],[113.91781,22.22147]]},"properties":{"TRAIL_ID":"lt_9","TRAIL_NAME_EN":"LANTAU TRAIL","TRAIL_NAME_TC":"鳳凰徑","SECTION_NO":"9","TYPE_EN":"Long Distance Trail","TYPE_TC":"長途遠足徑","DIFFICULTY_EN":"Moderate","DIFFICULTY_TC":"普通","REGION_EN":"Lantau Island","REGION_TC":"大嶼山","STARTpt_EN":"Shek Pik","STARTpt_TC":"石壁","FINISHpt_EN":"Shui Hau","FINISHpt_TC":"水口","WEBSITE":"https://www.hiking.gov.hk/trail/info/id/ZjQ0ZG5zT3FFbm5HYUlwVmNtck5QUT09","TEL":"1823","MEASURE_LEN":6500,"name_en":"Lantau Trail Section 9","name_tc":"鳳凰徑第九段","parent_id":"lt","parent_en":"Lantau Trail","parent_tc":"鳳凰徑","parks_en":["Lantau South Country Park"],"parks_tc":["南大嶼郊野公園"],"has_distance_posts":true,"mapped_length_m":6416,"length_mismatch":false,"branching":false,"direction_verified_by":"distance_posts","loop":false}},{"type":"Feature","geometry":{"type":"LineString","coordinates":[[114.32391,22.40006],[114.32438,22.39996],[114.32468,22.3998],[114.32543,22.39914],[114.32575,22.39812],[114.326,22.39771],[114.32592,22.39767],[114.32684,22.39651],[114.32796,22.39587],[114.32877,22.39574],[114.32921,22.39559],[114.3302,22.39481],[114.33068,22.39389],[114.33088,22.39382],[114.33095,22.39372],[114.33141,22.39235],[114.33203,22.39185],[114.33215,22.39149],[114.33247,22.39115],[114.33279,22.39055],[114.33317,22.38963],[114.33334,22.38955],[114.33363,22.38955],[114.33388,22.38944],[114.334,22.38926],[114.33405,22.38885],[114.33419,22.38864],[114.33464,22.38818],[114.3354,22.3877],[114.33574,22.38736],[114.33603,22.38678],[114.33598,22.38639],[114.33606,22.3857],[114.3353,22.38444],[114.33501,22.38379],[114.33455,22.38312],[114.33447,22.38287],[114.33456,22.38259],[114.33473,22.38243],[114.33522,22.3822],[114.33588,22.38127],[114.33673,22.38076],[114.33716,22.38034],[114.33742,22.37994],[114.33767,22.37917],[114.33789,22.37884],[114.33811,22.37868],[114.33883,22.37839],[114.33904,22.37819],[114.33919,22.37785],[114.33925,22.37739],[114.33915,22.37704],[114.33881,22.37664],[114.33881,22.37642],[114.3398,22.37525],[114.34078,22.37387],[114.34148,22.37257],[114.34213,22.3709],[114.34231,22.3708],[114.34268,22.37084],[114.34381,22.37017],[114.34386,22.37003],[114.34379,22.36963],[114.34421,22.36921],[114.34411,22.36857],[114.34551,22.36782],[114.34564,22.36742],[114.34649,22.36685],[114.34676,22.36636],[114.34721,22.36603],[114.34733,22.36578],[114.3476,22.36498],[114.3476,22.36449],[114.34798,22.36439],[114.34831,22.3645],[114.34866,22.36444],[114.34924,22.36354],[114.34948,22.36283],[114.34971,22.36259],[114.35026,22.36221],[114.35054,22.36171],[114.35091,22.36159],[114.35123,22.36138],[114.35143,22.36136],[114.35158,22.36147],[114.35164,22.36182],[114.3518,22.36198],[114.35248,22.36195],[114.35284,22.36211],[114.35306,22.36193],[114.35307,22.36153],[114.35321,22.36143],[114.35335,22.36144],[114.35413,22.3621],[114.35402,22.36269],[114.35418,22.36297],[114.35518,22.36323],[114.35565,22.36373],[114.35608,22.36379],[114.3568,22.36339],[114.35809,22.36242],[114.35875,22.36181],[114.35942,22.36054],[114.35958,22.35992],[114.35991,22.35949],[114.36018,22.35943],[114.36073,22.35961],[114.36095,22.35952],[114.36121,22.35919],[114.36186,22.359],[114.36209,22.35903],[114.3624,22.35961],[114.36262,22.35973],[114.36322,22.35952],[114.36397,22.35966],[114.36452,22.35938],[114.36544,22.35981],[114.3661,22.3596],[114.36677,22.35999],[114.36811,22.36022],[114.3684,22.36041],[114.3688,22.36031],[114.36911,22.36065],[114.36964,22.36048],[114.3702,22.36044],[114.37057,22.36026],[114.37123,22.36037],[114.37143,22.36054],[114.37144,22.36065],[114.37115,22.36124],[114.3711,22.36164],[114.37166,22.36202],[114.37211,22.36336],[114.37263,22.36422],[114.3734,22.36508],[114.37402,22.36549],[114.37406,22.36563],[114.37381,22.36575],[114.37357,22.36601],[114.37359,22.36643],[114.37419,22.36708],[114.3747,22.36843],[114.37463,22.36858],[114.3747,22.36895],[114.37464,22.3692],[114.37472,22.3698],[114.37457,22.37048],[114.37426,22.37081],[114.3737,22.37107],[114.37362,22.37118],[114.37348,22.37118],[114.37337,22.37169],[114.37314,22.37194]]},"properties":{"TRAIL_ID":"mc_1","TRAIL_NAME_EN":"MACLEHOSE TRAIL","TRAIL_NAME_TC":"麥理浩徑","SECTION_NO":"1","TYPE_EN":"Long Distance Trail","TYPE_TC":"長途遠足徑","DIFFICULTY_EN":"Demanding","DIFFICULTY_TC":"費力","REGION_EN":"Sai Kung","REGION_TC":"西貢","STARTpt_EN":"Pak Tam Chung","STARTpt_TC":"北潭湧","FINISHpt_EN":"Long Ke","FINISHpt_TC":"浪茄","WEBSITE":"https://www.hiking.gov.hk/trail/info/id/VFFUbFFNOXNXTHNWU2FqT09UTjlOZz09","TEL":"1823","MEASURE_LEN":10600,"name_en":"MacLehose Trail Section 1","name_tc":"麥理浩徑第一段","parent_id":"mc","parent_en":"MacLehose Trail","parent_tc":"麥理浩徑","parks_en":["Sai Kung East Country Park"],"parks_tc":["西貢東郊野公園"],"has_distance_posts":true,"mapped_length_m":10097,"length_mismatch":false,"branching":false,"direction_verified_by":"distance_posts","loop":false}},{"type":"Feature","geometry":{"type":"LineString","coordinates":[[114.06603,22.3905],[114.06554,22.39042],[114.06497,22.39013],[114.06471,22.38987],[114.06429,22.38998],[114.06394,22.38967],[114.06376,22.38962],[114.06351,22.38969],[114.06327,22.39011],[114.06285,22.3905],[114.06249,22.39043],[114.06234,22.39056],[114.06204,22.39065],[114.06194,22.39081],[114.06205,22.39118],[114.06209,22.39181],[114.06188,22.39207],[114.06144,22.39202],[114.06133,22.3926],[114.06091,22.39283],[114.06087,22.39294],[114.06125,22.3935],[114.06092,22.39377],[114.06074,22.39411],[114.06043,22.39423],[114.05993,22.39421],[114.05958,22.3944],[114.05941,22.39466],[114.05932,22.39537],[114.05924,22.39549],[114.05896,22.39559],[114.05893,22.39583],[114.05821,22.39601],[114.05763,22.39644],[114.0571,22.39645],[114.05672,22.39676],[114.05603,22.39667],[114.05565,22.39691],[114.05512,22.39688],[114.05481,22.39711],[114.05373,22.39756],[114.05291,22.39771],[114.05149,22.39721],[114.05046,22.39696],[114.04988,22.39701],[114.04906,22.39769],[114.04846,22.39848],[114.0483,22.39855],[114.04808,22.39847],[114.04775,22.39811],[114.04759,22.39768],[114.04734,22.39737],[114.04713,22.39734],[114.04693,22.39757],[114.04682,22.39758],[114.04641,22.39701],[114.04623,22.39657],[114.04598,22.39628],[114.04564,22.3962],[114.045,22.39657],[114.04459,22.39665],[114.04435,22.39681],[114.04394,22.39683],[114.04367,22.39697],[114.04297,22.39706],[114.04254,22.39735],[114.04225,22.39737],[114.04191,22.39725],[114.04049,22.39711],[114.03941,22.39743],[114.03923,22.39741],[114.03898,22.39725],[114.03884,22.39726],[114.03837,22.39789],[114.0379,22.39801],[114.03746,22.39783],[114.03711,22.39786],[114.03567,22.39891],[114.03507,22.39904],[114.0346,22.39946],[114.03405,22.39943],[114.03382,22.39928],[114.03376,22.39912],[114.03388,22.39864],[114.03374,22.39836],[114.03367,22.39764],[114.03398,22.39716],[114.03395,22.39703],[114.03369,22.3968],[114.03329,22.39677],[114.03291,22.39688],[114.03266,22.39678],[114.03234,22.39649],[114.03172,22.39648],[114.03102,22.39636],[114.03092,22.39625],[114.03098,22.39611],[114.0308,22.39593],[114.03036,22.39569],[114.0298,22.39566],[114.0292,22.39512],[114.02874,22.39491],[114.0279,22.39495],[114.02761,22.39517],[114.02699,22.39515],[114.0268,22.39342],[114.02655,22.39342],[114.02637,22.39316],[114.02593,22.39301],[114.0255,22.39292],[114.02527,22.39297],[114.02491,22.39287],[114.02435,22.39245],[114.02419,22.3925],[114.02409,22.39269],[114.02375,22.39264],[114.02367,22.39269],[114.02358,22.39285],[114.02354,22.39323],[114.02332,22.39334],[114.02317,22.39318],[114.02335,22.39281],[114.0234,22.39229],[114.02303,22.39171],[114.02285,22.39156],[114.02259,22.39166],[114.02244,22.39157],[114.02219,22.39162],[114.02197,22.39152],[114.02162,22.39177],[114.02091,22.39171],[114.0208,22.39199],[114.02051,22.39189],[114.02009,22.39201],[114.02001,22.39196],[114.01998,22.39184],[114.02016,22.39157],[114.02022,22.39118],[114.02011,22.39092],[114.02036,22.39077],[114.02034,22.39054],[114.02043,22.39031],[114.02038,22.39],[114.02023,22.38976],[114.02028,22.38936],[114.01995,22.38904],[114.0197,22.38895],[114.01966,22.38883],[114.02004,22.388],[114.02039,22.38794],[114.02084,22.38734],[114.02073,22.38666],[114.02085,22.38618],[114.02107,22.38594],[114.02106,22.38577],[114.02045,22.38554],[114.02013,22.3851],[114.01991,22.38511],[114.01964,22.38529],[114.01942,22.38523],[114.01956,22.38461],[114.01921,22.38443],[114.01903,22.38395],[114.01867,22.38396],[114.0184,22.38378],[114.01826,22.38355],[114.01795,22.38369],[114.01802,22.38337],[114.01779,22.38325],[114.01771,22.38301],[114.01737,22.38271],[114.01718,22.38238],[114.01673,22.38207],[114.0163,22.38198],[114.01578,22.38174],[114.01554,22.38176],[114.01548,22.38178],[114.01549,22.38213],[114.01477,22.38221],[114.01441,22.38294],[114.01427,22.38293],[114.01402,22.38265],[114.01389,22.38215],[114.01361,22.38209],[114.0134,22.38176],[114.01274,22.3817],[114.01209,22.38146],[114.01175,22.38162],[114.01136,22.38139],[114.01092,22.38136],[114.01072,22.38106],[114.01031,22.38102],[114.01016,22.38065],[114.00949,22.38023],[114.00906,22.38028],[114.00879,22.3802],[114.00849,22.38033],[114.00821,22.38029],[114.00743,22.38001],[114.00718,22.37978],[114.0066,22.37976],[114.00572,22.37935],[114.00506,22.37928],[114.00491,22.37939],[114.00505,22.37994],[114.00499,22.38004],[114.00451,22.37996],[114.00401,22.38006],[114.00342,22.37956],[114.003,22.37933],[114.00258,22.37923],[114.00228,22.37888],[114.00217,22.37857],[114.00178,22.37834],[114.00162,22.37841],[114.00149,22.3788],[114.00059,22.37925],[114.0001,22.37924],[113.99961,22.37905],[113.9992,22.37901],[113.99875,22.37941],[113.9986,22.37931],[113.99853,22.37917],[113.99861,22.37862],[113.998,22.3785],[113.99778,22.37808],[113.99757,22.37797],[113.99726,22.37796],[113.99704,22.3781],[113.9969,22.37841],[113.99703,22.37879],[113.99693,22.37904],[113.99675,22.37911],[113.99663,22.37906],[113.99613,22.37839],[113.99548,22.37818],[113.99394,22.37822],[113.99353,22.37844],[113.99262,22.37818],[113.99208,22.37881],[113.99173,22.37885],[113.9914,22.3788],[113.99118,22.37892],[113.99107,22.37888],[113.99092,22.37863],[113.99002,22.37827],[113.98971,22.37842],[113.98928,22.37842],[113.98912,22.37865],[113.98908,22.37898],[113.98896,22.37906],[113.98855,22.37911],[113.98804,22.37883],[113.9876,22.37929],[113.98689,22.37918],[113.98655,22.37938],[113.98594,22.37962],[113.98564,22.37959],[113.98545,22.37978],[113.98485,22.37999],[113.98454,22.38025],[113.98458,22.38049],[113.98478,22.38075],[113.98465,22.38092],[113.9841,22.38138],[113.98354,22.38141],[113.98327,22.38176],[113.9832,22.38192],[113.9833,22.38213],[113.98369,22.38224],[113.98396,22.3827],[113.98395,22.38313],[113.98411,22.38331],[113.98411,22.3836],[113.98393,22.38395],[113.98399,22.38448],[113.98415,22.38478],[113.98383,22.38579],[113.98386,22.3863],[113.98371,22.3867],[113.98379,22.38695],[113.98369,22.38722],[113.9838,22.38743],[113.98382,22.38796],[113.98345,22.38823],[113.9832,22.3889],[113.98317,22.3894],[113.98336,22.3896],[113.98338,22.38977],[113.98303,22.3902],[113.98311,22.39102],[113.98324,22.39135],[113.983,22.39162],[113.98305,22.39191],[113.98258,22.39267],[113.98259,22.39295],[113.98236,22.39317],[113.98228,22.39336],[113.98243,22.39369],[113.98258,22.39381],[113.98272,22.39439],[113.98252,22.39447],[113.98231,22.39436],[113.98215,22.39437],[113.98209,22.39426],[113.98177,22.39415],[113.98159,22.39399],[113.98141,22.3942],[113.98101,22.3942],[113.9806,22.39442],[113.9806,22.39463],[113.98042,22.39474],[113.98019,22.39473],[113.98009,22.39492],[113.97944,22.39515],[113.97922,22.39538],[113.9791,22.3954],[113.97904,22.39532],[113.97855,22.39532],[113.97817,22.39513],[113.97787,22.3953]]},"properties":{"TRAIL_ID":"mc_10","TRAIL_NAME_EN":"MACLEHOSE TRAIL","TRAIL_NAME_TC":"麥理浩徑","SECTION_NO":"10","TYPE_EN":"Long Distance Trail","TYPE_TC":"長途遠足徑","DIFFICULTY_EN":"Difficult","DIFFICULTY_TC":"難行","REGION_EN":"West New Territories","REGION_TC":"新界西區","STARTpt_EN":"Tin Fu Tsai","STARTpt_TC":"田夫仔","FINISHpt_EN":"Tuen Mun","FINISHpt_TC":"屯門","WEBSITE":"https://www.hiking.gov.hk/trail/info/id/N2ptQ3BGSUdScnRGTzllNXZ6Uk8vUT09","TEL":"1823","MEASURE_LEN":15600,"name_en":"MacLehose Trail Section 10","name_tc":"麥理浩徑第十段","parent_id":"mc","parent_en":"MacLehose Trail","parent_tc":"麥理浩徑","parks_en":["Tai Lam Country Park"],"parks_tc":["大欖郊野公園"],"has_distance_posts":true,"mapped_length_m":15224,"length_mismatch":false,"branching":false,"direction_verified_by":"distance_posts","loop":false}},{"type":"Feature","geometry":{"type":"LineString","coordinates":[[114.37314,22.37194],[114.37326,22.37199],[114.3734,22.37222],[114.37414,22.37273],[114.37402,22.37298],[114.37416,22.37337],[114.37414,22.37415],[114.37424,22.37417],[114.37464,22.37393],[114.37493,22.37384],[114.37563,22.37408],[114.37587,22.37436],[114.37597,22.37475],[114.37585,22.37554],[114.37598,22.3758],[114.37623,22.37603],[114.37635,22.37606],[114.37646,22.37626],[114.37643,22.37662],[114.37652,22.37689],[114.37632,22.37738],[114.37634,22.37768],[114.3765,22.37769],[114.37674,22.37792],[114.37717,22.37784],[114.37737,22.37803],[114.37757,22.37807],[114.37761,22.37817],[114.37799,22.37837],[114.37816,22.37876],[114.37832,22.37864],[114.3788,22.37895],[114.37905,22.3789],[114.3792,22.37902],[114.37954,22.37893],[114.37952,22.37899],[114.3796,22.37904],[114.37999,22.37903],[114.37999,22.37914],[114.37971,22.37943],[114.37964,22.37991],[114.3797,22.38019],[114.3796,22.38023],[114.37962,22.38057],[114.37943,22.38086],[114.37953,22.38102],[114.37933,22.3816],[114.37898,22.38178],[114.3788,22.38232],[114.37838,22.38263],[114.37809,22.38274],[114.37815,22.38313],[114.37828,22.38341],[114.37828,22.38378],[114.37822,22.38407],[114.37798,22.38443],[114.37813,22.38477],[114.37806,22.38507],[114.37823,22.38535],[114.37825,22.38564],[114.37809,22.38585],[114.37801,22.38647],[114.37783,22.38676],[114.37784,22.38697],[114.37752,22.38739],[114.37714,22.38837],[114.37702,22.38854],[114.37702,22.38894],[114.37684,22.38898],[114.37656,22.38891],[114.37603,22.38906],[114.37595,22.38943],[114.37568,22.38973],[114.37534,22.3893],[114.3752,22.38945],[114.37517,22.38968],[114.37492,22.3899],[114.37484,22.38988],[114.37474,22.39012],[114.37401,22.39011],[114.37383,22.38995],[114.3738,22.38969],[114.37296,22.38965],[114.37268,22.38933],[114.37227,22.38928],[114.37218,22.38879],[114.37195,22.38862],[114.37188,22.38834],[114.37174,22.38817],[114.37118,22.38781],[114.37111,22.38765],[114.37081,22.38756],[114.37074,22.38737],[114.37049,22.38724],[114.37027,22.3872],[114.36993,22.38736],[114.36962,22.38735],[114.36919,22.38718],[114.36833,22.38721],[114.36761,22.38755],[114.3671,22.38808],[114.36684,22.38822],[114.36665,22.38855],[114.36667,22.38887],[114.36644,22.3893],[114.36644,22.38954],[114.3663,22.38979],[114.36648,22.39002],[114.36617,22.39013],[114.36619,22.39048],[114.3661,22.39065],[114.36589,22.3906],[114.36554,22.39082],[114.3656,22.39102],[114.36581,22.39105],[114.366,22.39129],[114.36643,22.39129],[114.36631,22.3914],[114.36688,22.39148],[114.36804,22.39198],[114.36825,22.39213],[114.36834,22.39248],[114.369,22.39268],[114.36926,22.39291],[114.36949,22.39367],[114.36997,22.39428],[114.36979,22.39474],[114.36988,22.39527],[114.37024,22.39578],[114.37053,22.39664],[114.37083,22.39685],[114.37104,22.39711],[114.37097,22.39744],[114.37101,22.39773],[114.37084,22.398],[114.37061,22.39804],[114.37044,22.39819],[114.37021,22.3982],[114.37013,22.39828],[114.36929,22.39953],[114.36873,22.39981],[114.36848,22.4001],[114.36815,22.40075],[114.36827,22.40097],[114.36836,22.40095],[114.36876,22.4008],[114.36932,22.40032],[114.36951,22.40028],[114.36988,22.40049],[114.36995,22.40089],[114.37013,22.40114],[114.37131,22.40122],[114.37144,22.40129],[114.37158,22.40147],[114.37157,22.4016],[114.37109,22.40218],[114.37108,22.40258],[114.37145,22.40278],[114.37152,22.40316],[114.37171,22.40342],[114.37205,22.40365],[114.37217,22.40364],[114.37231,22.4038],[114.37269,22.40385],[114.3729,22.40423],[114.37287,22.40463],[114.37311,22.40486],[114.37334,22.40524],[114.37366,22.40529],[114.3739,22.40546],[114.37388,22.40569],[114.37398,22.40566],[114.37391,22.40587],[114.37332,22.40646],[114.3733,22.40658],[114.3734,22.40675],[114.37413,22.4072],[114.37419,22.40745],[114.37445,22.40782],[114.37424,22.40821],[114.37405,22.40838],[114.374,22.40907],[114.37385,22.40968],[114.3743,22.41019],[114.37441,22.41082],[114.37307,22.4124],[114.37301,22.41283],[114.37281,22.4129],[114.37264,22.41323],[114.37245,22.41324],[114.37256,22.41359],[114.3725,22.41388],[114.37237,22.41401],[114.37207,22.41403],[114.37198,22.4141],[114.37206,22.41461],[114.37224,22.41469],[114.37235,22.41494],[114.37222,22.41505],[114.3722,22.41525],[114.37213,22.41527],[114.37219,22.41548],[114.37193,22.4159],[114.37213,22.41631],[114.37199,22.41722],[114.37181,22.41718],[114.37156,22.41729],[114.37142,22.41756],[114.37128,22.41767],[114.37126,22.41799],[114.37112,22.41818],[114.37119,22.41847],[114.37106,22.41903],[114.37068,22.41935],[114.37002,22.41936],[114.3697,22.41922],[114.36835,22.41935],[114.3681,22.4192],[114.36779,22.4192],[114.36771,22.41934],[114.36748,22.41944],[114.36739,22.41982],[114.3672,22.41997],[114.36745,22.42111],[114.36733,22.421],[114.36633,22.42076],[114.36603,22.42085],[114.36575,22.42108],[114.36547,22.42114],[114.36458,22.42068],[114.36437,22.42043],[114.36328,22.42043],[114.36293,22.4203],[114.36257,22.42039],[114.36235,22.42055],[114.36204,22.42047],[114.36185,22.42059],[114.36171,22.42081],[114.36132,22.421],[114.36087,22.42093],[114.36056,22.42111],[114.36031,22.42141],[114.359,22.42136],[114.35795,22.42155],[114.35769,22.42154],[114.3575,22.42144],[114.35716,22.42156],[114.35693,22.42154],[114.35662,22.42169],[114.35636,22.42161],[114.35622,22.42165],[114.35608,22.42153],[114.35561,22.42168],[114.35535,22.42155],[114.35493,22.42178],[114.35424,22.42185],[114.35367,22.42218],[114.35341,22.42201],[114.3523,22.42205],[114.35208,22.42215],[114.3517,22.42256],[114.35153,22.42261],[114.35112,22.42252],[114.35082,22.4222],[114.35074,22.42168],[114.35064,22.42154],[114.35022,22.42145],[114.34991,22.42147],[114.34991,22.42139],[114.34891,22.42159],[114.34852,22.42157],[114.34818,22.4218],[114.34781,22.42187],[114.34781,22.42201],[114.34739,22.42212],[114.34706,22.42236],[114.34693,22.42211],[114.34685,22.42251],[114.34653,22.42289],[114.34628,22.423],[114.34566,22.42309],[114.34533,22.42322],[114.34517,22.42314],[114.34484,22.42312],[114.34462,22.42343],[114.34419,22.42338],[114.34413,22.42347],[114.3439,22.42351],[114.34378,22.42369],[114.34334,22.42379],[114.34327,22.42407],[114.34294,22.42439],[114.34285,22.42459],[114.34266,22.42469],[114.34265,22.42498],[114.34205,22.42486],[114.34171,22.42489],[114.34125,22.42477],[114.34091,22.4248],[114.34075,22.42467],[114.34057,22.42474],[114.34012,22.4246],[114.33981,22.42466],[114.33925,22.42457],[114.33906,22.42494],[114.3388,22.42483],[114.33857,22.42483],[114.33778,22.4251],[114.33761,22.42507],[114.33745,22.42493],[114.33727,22.42503],[114.33666,22.42471],[114.33649,22.42427],[114.33594,22.42413],[114.33505,22.42367],[114.33493,22.42345],[114.33463,22.42328],[114.33411,22.42272],[114.33334,22.42214],[114.33321,22.42196],[114.33284,22.42168],[114.33247,22.42161],[114.33249,22.42144],[114.33233,22.42129],[114.33222,22.42132],[114.33182,22.42069]]},"properties":{"TRAIL_ID":"mc_2","TRAIL_NAME_EN":"MACLEHOSE TRAIL","TRAIL_NAME_TC":"麥理浩徑","SECTION_NO":"2","TYPE_EN":"Long Distance Trail","TYPE_TC":"長途遠足徑","DIFFICULTY_EN":"Very Difficult","DIFFICULTY_TC":"非常難行","REGION_EN":"Sai Kung","REGION_TC":"西貢","STARTpt_EN":"Long Ke","STARTpt_TC":"浪茄","FINISHpt_EN":"Pak Tam Au","FINISHpt_TC":"北潭凹","WEBSITE":"https://www.hiking.gov.hk/trail/info/id/d0pFSWc1N1dWdkh3aStSajBvUHlmUT09","TEL":"1823","MEASURE_LEN":13500,"name_en":"MacLehose Trail Section 2","name_tc":"麥理浩徑第二段","parent_id":"mc","parent_en":"MacLehose Trail","parent_tc":"麥理浩徑","parks_en":["Sai Kung East Country Park"],"parks_tc":["西貢東郊野公園"],"has_distance_posts":true,"mapped_length_m":14332,"length_mismatch":false,"branching":false,"direction_verified_by":"distance_posts","loop":false}},{"type":"Feature","geometry":{"type":"LineString","coordinates":[[114.33182,22.42069],[114.33151,22.42048],[114.33132,22.42055],[114.33086,22.42125],[114.33058,22.42135],[114.33061,22.42167],[114.33039,22.42169],[114.33008,22.42189],[114.32996,22.4221],[114.32973,22.42226],[114.32961,22.42251],[114.32834,22.42292],[114.32768,22.42286],[114.32699,22.42222],[114.32652,22.42206],[114.32627,22.42213],[114.32616,22.42231],[114.32585,22.42238],[114.32526,22.42211],[114.32397,22.42214],[114.3237,22.4223],[114.32351,22.42223],[114.32283,22.42223],[114.32256,22.42205],[114.3223,22.42216],[114.32146,22.42231],[114.3211,22.42246],[114.32094,22.42264],[114.32039,22.42271],[114.32016,22.42289],[114.31981,22.423],[114.3196,22.42331],[114.31938,22.42345],[114.31929,22.42383],[114.31878,22.42386],[114.31854,22.42408],[114.31803,22.42431],[114.31767,22.42462],[114.3173,22.42473],[114.31709,22.42507],[114.31679,22.42523],[114.31655,22.42526],[114.31634,22.42569],[114.31534,22.42595],[114.31491,22.42592],[114.31475,22.42605],[114.31425,22.4262],[114.31345,22.42626],[114.31282,22.42661],[114.31207,22.42648],[114.31164,22.4266],[114.31149,22.42671],[114.31089,22.42751],[114.31022,22.42808],[114.30978,22.42862],[114.30892,22.42862],[114.30821,22.4284],[114.30738,22.42854],[114.30698,22.42819],[114.30699,22.42794],[114.30728,22.42738],[114.30801,22.42682],[114.30803,22.42655],[114.30824,22.42612],[114.30812,22.4259],[114.30766,22.4256],[114.30749,22.4254],[114.30746,22.42507],[114.3076,22.42476],[114.30746,22.42411],[114.30726,22.42386],[114.30711,22.42383],[114.30705,22.42371],[114.3069,22.42363],[114.30695,22.42351],[114.30685,22.42344],[114.30692,22.42329],[114.30674,22.4231],[114.30692,22.42268],[114.30658,22.42251],[114.3061,22.42159],[114.30608,22.42135],[114.30638,22.42118],[114.30653,22.42088],[114.30681,22.42066],[114.30705,22.42037],[114.307,22.42026],[114.30709,22.42022],[114.307,22.42014],[114.30704,22.41978],[114.30694,22.41956],[114.30651,22.41933],[114.30646,22.419],[114.30628,22.41892],[114.30643,22.41876],[114.30606,22.41881],[114.30565,22.41859],[114.30565,22.41805],[114.30583,22.41768],[114.30635,22.41697],[114.30635,22.41688],[114.30614,22.41663],[114.30594,22.41654],[114.30571,22.41654],[114.30536,22.4161],[114.30492,22.41591],[114.30442,22.41552],[114.3041,22.41543],[114.30359,22.41503],[114.30338,22.41493],[114.30282,22.41485],[114.30235,22.415],[114.3017,22.41508],[114.30052,22.41546],[114.29991,22.41575],[114.29899,22.41555],[114.29878,22.41544],[114.29875,22.41526],[114.29856,22.41513],[114.29804,22.41525],[114.29779,22.41538],[114.29756,22.4153],[114.29728,22.41545],[114.29706,22.41542],[114.29669,22.41562],[114.29639,22.41562],[114.29602,22.41575],[114.29567,22.41564],[114.29522,22.4157],[114.29499,22.41566],[114.29423,22.41544],[114.29406,22.41529],[114.29393,22.41543],[114.29369,22.41543],[114.29373,22.41561],[114.29356,22.4156],[114.29386,22.41588],[114.29404,22.41616],[114.2931,22.416],[114.29241,22.41601],[114.29229,22.4162],[114.29191,22.41622],[114.2912,22.41659],[114.29095,22.4166],[114.29069,22.41619],[114.29023,22.41596],[114.28994,22.41566],[114.2895,22.41541],[114.2884,22.41522],[114.28767,22.41445],[114.28756,22.41379],[114.28741,22.41354],[114.28757,22.4132],[114.28761,22.41289],[114.28745,22.41277],[114.28715,22.41231],[114.28694,22.41211],[114.28661,22.41195],[114.28652,22.41181],[114.28662,22.41155],[114.28727,22.41118],[114.28734,22.41088],[114.28714,22.41037],[114.28693,22.41013],[114.28664,22.41019],[114.28617,22.41042],[114.286,22.41064],[114.28471,22.41078],[114.28425,22.41069],[114.28364,22.41029],[114.28298,22.41011],[114.28268,22.40971],[114.28253,22.40895],[114.28236,22.4089],[114.28215,22.40864],[114.28215,22.40844],[114.28201,22.40816],[114.28185,22.40808],[114.2816,22.40759],[114.28141,22.40739],[114.28143,22.40696],[114.28087,22.40602],[114.2807,22.40503],[114.28073,22.40484],[114.28043,22.40465],[114.27966,22.40478],[114.27947,22.4049],[114.27924,22.40485]]},"properties":{"TRAIL_ID":"mc_3","TRAIL_NAME_EN":"MACLEHOSE TRAIL","TRAIL_NAME_TC":"麥理浩徑","SECTION_NO":"3","TYPE_EN":"Long Distance Trail","TYPE_TC":"長途遠足徑","DIFFICULTY_EN":"Difficult","DIFFICULTY_TC":"難行","REGION_EN":"Sai Kung","REGION_TC":"西貢","STARTpt_EN":"Pak Tam Au","STARTpt_TC":"北潭凹","FINISHpt_EN":"Kei Ling Ha","FINISHpt_TC":"企嶺下","WEBSITE":"https://www.hiking.gov.hk/trail/info/id/aG1rVm1JUWVFcUVyT2RXL3Z5RnpUdz09","TEL":"1823","MEASURE_LEN":10200,"name_en":"MacLehose Trail Section 3","name_tc":"麥理浩徑第三段","parent_id":"mc","parent_en":"MacLehose Trail","parent_tc":"麥理浩徑","parks_en":["Sai Kung West Country Park"],"parks_tc":["西貢西郊野公園"],"has_distance_posts":true,"mapped_length_m":9138,"length_mismatch":true,"branching":false,"direction_verified_by":"distance_posts","loop":false}},{"type":"Feature","geometry":{"type":"LineString","coordinates":[[114.27924,22.40485],[114.27928,22.40472],[114.27967,22.40429],[114.27977,22.40384],[114.27976,22.40352],[114.27964,22.40346],[114.27868,22.4036],[114.2782,22.40272],[114.278,22.40252],[114.27782,22.40252],[114.27698,22.40284],[114.27677,22.40283],[114.27597,22.40219],[114.27573,22.40209],[114.27526,22.40231],[114.27493,22.40264],[114.27428,22.40282],[114.27407,22.40277],[114.27364,22.40169],[114.27366,22.40108],[114.27354,22.39999],[114.2734,22.39966],[114.27312,22.39936],[114.27284,22.39866],[114.27271,22.39856],[114.27233,22.39848],[114.27211,22.39807],[114.2717,22.39814],[114.27079,22.3979],[114.2707,22.39795],[114.27065,22.39812],[114.27064,22.39894],[114.27011,22.3993],[114.26994,22.39956],[114.27037,22.40019],[114.27048,22.40048],[114.2704,22.40061],[114.27029,22.40066],[114.26995,22.40061],[114.26961,22.40096],[114.26915,22.40119],[114.26885,22.40122],[114.26843,22.40154],[114.26806,22.40166],[114.26754,22.40156],[114.26694,22.40119],[114.26655,22.4012],[114.26601,22.40171],[114.26577,22.40181],[114.26566,22.40202],[114.26544,22.40214],[114.26475,22.40215],[114.26452,22.40223],[114.26432,22.40267],[114.26448,22.40282],[114.26471,22.40332],[114.26463,22.4037],[114.26409,22.40366],[114.26399,22.40358],[114.26394,22.40333],[114.26378,22.40335],[114.26347,22.4032],[114.2633,22.40347],[114.26285,22.40382],[114.26267,22.40408],[114.2628,22.40457],[114.26282,22.40539],[114.26248,22.40583],[114.26237,22.40612],[114.26225,22.40616],[114.26158,22.40585],[114.26129,22.40623],[114.26104,22.40628],[114.26088,22.40656],[114.26063,22.4066],[114.26017,22.40694],[114.26022,22.40657],[114.26006,22.40664],[114.25999,22.40678],[114.25977,22.40674],[114.2596,22.40657],[114.25931,22.40661],[114.25886,22.40655],[114.2584,22.40689],[114.25806,22.40686],[114.25744,22.40699],[114.25723,22.40692],[114.25686,22.40704],[114.25655,22.40701],[114.25628,22.40721],[114.25604,22.4072],[114.25594,22.40697],[114.25535,22.40708],[114.25504,22.40697],[114.25485,22.40704],[114.25435,22.40698],[114.25404,22.40704],[114.25348,22.40676],[114.25303,22.40666],[114.25277,22.40617],[114.2528,22.40584],[114.25265,22.40542],[114.25278,22.40524],[114.25337,22.40498],[114.25366,22.40447],[114.25371,22.40419],[114.25367,22.40391],[114.25342,22.40367],[114.25343,22.4035],[114.2533,22.40338],[114.25325,22.40314],[114.25312,22.40306],[114.25313,22.40297],[114.25346,22.40272],[114.25357,22.40246],[114.25391,22.40225],[114.25447,22.40144],[114.25451,22.40123],[114.25393,22.40082],[114.25381,22.40055],[114.25364,22.40043],[114.2532,22.39989],[114.25308,22.4002],[114.2529,22.40032],[114.25287,22.40013],[114.25264,22.39986],[114.25265,22.39959],[114.25285,22.3991],[114.25272,22.39875],[114.25255,22.39872],[114.25242,22.39883],[114.25229,22.39884],[114.25168,22.39869],[114.25163,22.39843],[114.25143,22.39839],[114.25105,22.39816],[114.25101,22.39804],[114.2511,22.39785],[114.25097,22.39768],[114.25078,22.39762],[114.2506,22.39744],[114.25024,22.39735],[114.25009,22.3969],[114.24977,22.39675],[114.24951,22.39628],[114.24897,22.39592],[114.24912,22.39572],[114.2497,22.39531],[114.25,22.39517],[114.25031,22.39517],[114.25052,22.39502],[114.25079,22.39506],[114.251,22.39497],[114.25121,22.39464],[114.25186,22.39425],[114.25203,22.39383],[114.25206,22.39348],[114.252,22.3933],[114.25209,22.39304],[114.25205,22.39265],[114.25219,22.39232],[114.25218,22.39187],[114.25228,22.39163],[114.25201,22.39059],[114.25197,22.39017],[114.25188,22.39003],[114.2516,22.38995],[114.25127,22.38971],[114.25012,22.38946],[114.24961,22.38916],[114.24864,22.3889],[114.24846,22.38894],[114.24812,22.38887],[114.24796,22.38872],[114.24727,22.38844],[114.24701,22.38817],[114.24685,22.3877],[114.24656,22.38753],[114.24661,22.38701],[114.24655,22.38688],[114.24717,22.38622],[114.2472,22.38598],[114.24735,22.38577],[114.24741,22.38532],[114.2472,22.38469],[114.24699,22.38432],[114.2468,22.38364],[114.24638,22.38332],[114.24639,22.38316],[114.24672,22.38274],[114.24674,22.38257],[114.24583,22.38169],[114.24584,22.38121],[114.24527,22.38072],[114.24476,22.38048],[114.24471,22.38018],[114.24484,22.38],[114.24464,22.3798],[114.24351,22.37947],[114.24275,22.37896],[114.24221,22.3781],[114.24184,22.37784],[114.24197,22.3776],[114.24183,22.37733],[114.24164,22.37738],[114.24151,22.37719],[114.24107,22.37691],[114.24104,22.37648],[114.24093,22.37639],[114.24072,22.37639],[114.24059,22.37628],[114.24042,22.37572],[114.24004,22.37539],[114.23958,22.37519],[114.23943,22.375],[114.23928,22.37496],[114.23911,22.37463],[114.23892,22.3746],[114.23825,22.37398],[114.23802,22.37383],[114.23778,22.37381],[114.2374,22.37331],[114.23571,22.37294],[114.23494,22.37248],[114.23453,22.37173],[114.23418,22.37172],[114.23405,22.37155],[114.23357,22.37132],[114.23316,22.37125],[114.23221,22.37088],[114.23171,22.37079],[114.23104,22.37086],[114.23051,22.37082],[114.22998,22.37086],[114.22977,22.37096],[114.2294,22.37082],[114.22924,22.37089],[114.2291,22.37079],[114.2287,22.37078],[114.22849,22.37067],[114.22805,22.37078],[114.22778,22.37059],[114.22739,22.3707],[114.22699,22.37071],[114.2267,22.37023],[114.22688,22.3697],[114.22676,22.36941],[114.22693,22.36928],[114.22696,22.36897],[114.22678,22.36884],[114.22682,22.36862],[114.22657,22.36857],[114.22633,22.36789],[114.22572,22.3672],[114.22569,22.3671],[114.22583,22.36689],[114.22581,22.36678],[114.22557,22.36662],[114.22545,22.36639],[114.22515,22.3651],[114.22424,22.36423],[114.22381,22.36417],[114.22361,22.36404],[114.22344,22.36373],[114.22291,22.36347],[114.22268,22.3631],[114.22239,22.36297],[114.22244,22.36238],[114.22228,22.36214],[114.22222,22.36186],[114.22185,22.36172],[114.22132,22.36182],[114.2209,22.36153],[114.22084,22.36136],[114.22093,22.36125]]},"properties":{"TRAIL_ID":"mc_4","TRAIL_NAME_EN":"MACLEHOSE TRAIL","TRAIL_NAME_TC":"麥理浩徑","SECTION_NO":"4","TYPE_EN":"Long Distance Trail","TYPE_TC":"長途遠足徑","DIFFICULTY_EN":"Very Difficult","DIFFICULTY_TC":"非常難行","REGION_EN":"Sai Kung","REGION_TC":"西貢","STARTpt_EN":"Kei Ling Ha","STARTpt_TC":"企嶺下","FINISHpt_EN":"Tate's Cairn","FINISHpt_TC":"大老山","WEBSITE":"https://www.hiking.gov.hk/trail/info/id/aWhDRVFZbmpET0pMazRxdWhhU0hIUT09","TEL":"1823","MEASURE_LEN":12700,"name_en":"MacLehose Trail Section 4","name_tc":"麥理浩徑第四段","parent_id":"mc","parent_en":"MacLehose Trail","parent_tc":"麥理浩徑","parks_en":["Ma On Shan Country Park"],"parks_tc":["馬鞍山郊野公園"],"has_distance_posts":true,"mapped_length_m":12836,"length_mismatch":false,"branching":false,"direction_verified_by":"distance_posts","loop":false}},{"type":"Feature","geometry":{"type":"LineString","coordinates":[[114.22093,22.36125],[114.22057,22.36121],[114.22018,22.36145],[114.22009,22.3616],[114.22005,22.36202],[114.2198,22.36236],[114.21978,22.3622],[114.21989,22.3618],[114.21985,22.36158],[114.22001,22.36112],[114.21969,22.361],[114.21942,22.36101],[114.21933,22.36084],[114.21903,22.36064],[114.21885,22.36031],[114.21867,22.36038],[114.21847,22.36074],[114.21833,22.36074],[114.21791,22.36098],[114.21738,22.36071],[114.21685,22.36025],[114.21645,22.36004],[114.21596,22.35966],[114.21576,22.35938],[114.21545,22.35937],[114.21522,22.35922],[114.21492,22.35913],[114.2147,22.35938],[114.21427,22.35959],[114.2138,22.35956],[114.21374,22.35973],[114.21364,22.35978],[114.21308,22.35972],[114.21282,22.3598],[114.213,22.35928],[114.21317,22.35923],[114.21318,22.3591],[114.2131,22.35901],[114.21339,22.35888],[114.2132,22.35868],[114.2134,22.35857],[114.21316,22.3584],[114.21332,22.35839],[114.21324,22.35822],[114.21356,22.35812],[114.21326,22.35797],[114.21355,22.35782],[114.21343,22.35771],[114.21362,22.35761],[114.21347,22.35738],[114.21355,22.35722],[114.21351,22.35714],[114.21378,22.35702],[114.21391,22.35685],[114.21413,22.35632],[114.21419,22.35589],[114.21437,22.35578],[114.21329,22.35578],[114.21106,22.3552],[114.21085,22.35523],[114.21057,22.35539],[114.21015,22.3554],[114.20983,22.35558],[114.20961,22.35581],[114.20913,22.35592],[114.20893,22.35585],[114.2081,22.35516],[114.20728,22.35499],[114.20679,22.35463],[114.2063,22.35492],[114.20473,22.35498],[114.20445,22.35489],[114.2037,22.35434],[114.20336,22.35442],[114.20306,22.35434],[114.20263,22.35438],[114.20219,22.3547],[114.20123,22.35443],[114.20069,22.35469],[114.20016,22.35461],[114.19988,22.35512],[114.1996,22.35539],[114.19891,22.35557],[114.19873,22.35546],[114.19839,22.35567],[114.19834,22.3556],[114.1983,22.35568],[114.19826,22.35559],[114.19826,22.3554],[114.19813,22.3555],[114.19809,22.35536],[114.19792,22.35528],[114.19759,22.35555],[114.19706,22.35566],[114.19586,22.35568],[114.19542,22.3556],[114.19456,22.35578],[114.1942,22.35568],[114.19387,22.35593],[114.19359,22.35627],[114.19348,22.35631],[114.1931,22.35685],[114.19292,22.35676],[114.19276,22.3569],[114.19255,22.35656],[114.19238,22.35649],[114.1924,22.35624],[114.19218,22.35609],[114.192,22.35617],[114.19171,22.35556],[114.19153,22.35547],[114.19106,22.35555],[114.19082,22.35511],[114.19087,22.35491],[114.19058,22.35462],[114.18997,22.35491],[114.18986,22.35512],[114.18959,22.3553],[114.18939,22.35526],[114.18927,22.35483],[114.18907,22.35466],[114.1889,22.35487],[114.18873,22.35494],[114.1885,22.35495],[114.18823,22.3548],[114.18799,22.3548],[114.18792,22.35505],[114.1878,22.35517],[114.18726,22.35526],[114.18717,22.35519],[114.18711,22.35484],[114.18684,22.35481],[114.18657,22.35458],[114.18636,22.35453],[114.18631,22.3544],[114.18598,22.35432],[114.18588,22.35416],[114.18577,22.35415],[114.18561,22.35425],[114.1855,22.35395],[114.18507,22.35376],[114.18404,22.35391],[114.18378,22.35377],[114.18362,22.35378],[114.18339,22.35394],[114.18327,22.35421],[114.18307,22.35426],[114.18291,22.35412],[114.18299,22.35399],[114.18294,22.35378],[114.18255,22.35342],[114.18262,22.353],[114.18257,22.35285],[114.18235,22.35267],[114.18222,22.35242],[114.18189,22.35229],[114.18187,22.35209],[114.18174,22.35195],[114.1818,22.3509],[114.18085,22.35013],[114.18071,22.35019],[114.18047,22.35017],[114.17938,22.34996],[114.17877,22.35006],[114.17851,22.34994],[114.17824,22.35003],[114.17769,22.34998],[114.17744,22.35018],[114.17708,22.35027],[114.17657,22.35015],[114.1763,22.35051],[114.17613,22.35063],[114.17575,22.35056],[114.17497,22.35065],[114.17445,22.35054],[114.17417,22.35042],[114.1739,22.35019],[114.17356,22.35009],[114.17305,22.35031],[114.17276,22.35021],[114.17239,22.35026],[114.17208,22.35013],[114.17187,22.35016],[114.17139,22.34996],[114.17093,22.34991],[114.17068,22.34981],[114.17052,22.34964],[114.17059,22.34927],[114.17035,22.34907],[114.1702,22.34903],[114.16997,22.34915],[114.16952,22.34959],[114.16929,22.34966],[114.16929,22.34979],[114.16917,22.34992],[114.16904,22.34997],[114.1687,22.34986],[114.16857,22.3499],[114.1682,22.3505],[114.16788,22.35059],[114.16765,22.35075],[114.16742,22.35074],[114.16694,22.35063],[114.1668,22.35049],[114.16673,22.35032],[114.16683,22.34995],[114.16678,22.34974],[114.16661,22.34942],[114.16614,22.34899],[114.16573,22.3488],[114.1655,22.34888],[114.16525,22.34885],[114.16502,22.34906],[114.16483,22.3491],[114.16475,22.3493],[114.16457,22.34917],[114.16415,22.34905],[114.16391,22.34876],[114.16382,22.34851],[114.16362,22.34867],[114.16333,22.34855],[114.16348,22.34877],[114.16336,22.34888],[114.16336,22.34897],[114.16297,22.34897],[114.16291,22.34932],[114.16256,22.34946],[114.16262,22.34965],[114.16252,22.34988],[114.1623,22.34986],[114.16217,22.3501],[114.16185,22.35029],[114.16181,22.35041],[114.16196,22.35072],[114.16158,22.35079],[114.16125,22.35062],[114.16113,22.35044],[114.16143,22.34993],[114.16137,22.34983],[114.16074,22.35015],[114.16046,22.35014],[114.16032,22.35003],[114.16014,22.34962],[114.15983,22.34959],[114.15944,22.34941],[114.1593,22.34949],[114.15939,22.34971],[114.1593,22.34996],[114.15905,22.34988],[114.15891,22.34975],[114.1587,22.34978],[114.15824,22.34917],[114.15855,22.34865],[114.15826,22.34848],[114.158,22.34868],[114.1578,22.34872],[114.15777,22.3494],[114.1575,22.34953],[114.15751,22.34982],[114.15713,22.3498],[114.15699,22.34968],[114.15678,22.34964],[114.15628,22.34993],[114.15632,22.35016],[114.15619,22.35048],[114.15621,22.35062],[114.15597,22.35059],[114.15575,22.35069],[114.15555,22.35049],[114.15516,22.3503],[114.15541,22.35057],[114.15519,22.3505],[114.15501,22.35031],[114.15462,22.35011],[114.15448,22.3496],[114.15465,22.349],[114.15455,22.34884],[114.15429,22.34873],[114.15411,22.34856],[114.15399,22.34811],[114.1541,22.34785],[114.15381,22.3477],[114.15375,22.34738],[114.15358,22.3475],[114.15359,22.34807],[114.1537,22.34858],[114.1537,22.34909],[114.15356,22.34936]]},"properties":{"TRAIL_ID":"mc_5","TRAIL_NAME_EN":"MACLEHOSE TRAIL","TRAIL_NAME_TC":"麥理浩徑","SECTION_NO":"5","TYPE_EN":"Long Distance Trail","TYPE_TC":"長途遠足徑","DIFFICULTY_EN":"Difficult","DIFFICULTY_TC":"難行","REGION_EN":"Central New Territories","REGION_TC":"新界中區","STARTpt_EN":"Tate's Cairn","STARTpt_TC":"大老山","FINISHpt_EN":"Tai Po Road","FINISHpt_TC":"大埔公路","WEBSITE":"https://www.hiking.gov.hk/trail/info/id/MW45T1puY3I1OVJiaDRudGNuNEgxZz09","TEL":"1823","MEASURE_LEN":10600,"name_en":"MacLehose Trail Section 5","name_tc":"麥理浩徑第五段","parent_id":"mc","parent_en":"MacLehose Trail","parent_tc":"麥理浩徑","parks_en":["Lion Rock Country Park","Ma On Shan Country Park"],"parks_tc":["獅子山郊野公園","馬鞍山郊野公園"],"has_distance_posts":true,"mapped_length_m":11434,"length_mismatch":false,"branching":false,"direction_verified_by":"distance_posts","loop":false}},{"type":"Feature","geometry":{"type":"LineString","coordinates":[[114.15356,22.34936],[114.15376,22.34954],[114.1537,22.3497],[114.15385,22.35001],[114.15384,22.35045],[114.15409,22.35093],[114.15375,22.35122],[114.15376,22.35159],[114.15366,22.35181],[114.15377,22.35204],[114.15343,22.35251],[114.15329,22.35314],[114.15296,22.35342],[114.15245,22.35348],[114.1522,22.35376],[114.15202,22.35447],[114.15184,22.35461],[114.15143,22.35469],[114.15131,22.35484],[114.15136,22.35503],[114.15176,22.35527],[114.15179,22.35547],[114.15092,22.35702],[114.151,22.35748],[114.151,22.35784],[114.15086,22.35833],[114.15093,22.35869],[114.15066,22.35905],[114.15077,22.35936],[114.15059,22.35963],[114.15065,22.35998],[114.15052,22.36018],[114.15052,22.36042],[114.1501,22.36117],[114.1502,22.36156],[114.14998,22.36255],[114.14974,22.36287],[114.14974,22.36303],[114.14994,22.36321],[114.14999,22.36336],[114.14988,22.3635],[114.14963,22.3636],[114.14957,22.36373],[114.1497,22.36403],[114.14968,22.36429],[114.14989,22.36472],[114.15045,22.36544],[114.15077,22.36563],[114.15137,22.36572],[114.15147,22.36627],[114.15121,22.36674],[114.15123,22.36702],[114.15116,22.36711],[114.14999,22.36764],[114.14977,22.36791],[114.14909,22.36845],[114.14836,22.36854],[114.14812,22.36865],[114.14812,22.36875],[114.14798,22.36883],[114.14809,22.36889],[114.1479,22.36901],[114.14771,22.3698],[114.14739,22.36993],[114.14744,22.37008],[114.14738,22.37039],[114.14721,22.37063],[114.14719,22.37081],[114.14683,22.37082],[114.14654,22.3713],[114.14624,22.37153],[114.14611,22.37191],[114.14595,22.37207],[114.14553,22.37224],[114.14561,22.3725],[114.14553,22.37268],[114.14558,22.37298],[114.14529,22.37331],[114.14512,22.37333],[114.14496,22.37359],[114.14505,22.37402],[114.14498,22.37422],[114.14518,22.37445],[114.14539,22.37447],[114.14537,22.37468],[114.14558,22.37491],[114.14553,22.37508],[114.14587,22.37525],[114.14588,22.37565],[114.14559,22.37587],[114.1455,22.3764],[114.14518,22.37657],[114.14498,22.37678],[114.14443,22.3769],[114.14462,22.37753],[114.14436,22.37787],[114.14429,22.37809]]},"properties":{"TRAIL_ID":"mc_6","TRAIL_NAME_EN":"MACLEHOSE TRAIL","TRAIL_NAME_TC":"麥理浩徑","SECTION_NO":"6","TYPE_EN":"Long Distance Trail","TYPE_TC":"長途遠足徑","DIFFICULTY_EN":"Moderate","DIFFICULTY_TC":"普通","REGION_EN":"Central New Territories","REGION_TC":"新界中區","STARTpt_EN":"Tai Po Road","STARTpt_TC":"大埔公路","FINISHpt_EN":"Shing Mun","FINISHpt_TC":"城門","WEBSITE":"https://www.hiking.gov.hk/trail/info/id/bStIb016ZGszVk5WWElJN2FzdTdRdz09","TEL":"1823","MEASURE_LEN":4600,"name_en":"MacLehose Trail Section 6","name_tc":"麥理浩徑第六段","parent_id":"mc","parent_en":"MacLehose Trail","parent_tc":"麥理浩徑","parks_en":["Kam Shan Country Park","Shing Mun Country Park"],"parks_tc":["金山郊野公園","城門郊野公園"],"has_distance_posts":true,"mapped_length_m":4202,"length_mismatch":false,"branching":false,"direction_verified_by":"distance_posts","loop":false}},{"type":"Feature","geometry":{"type":"LineString","coordinates":[[114.14429,22.37809],[114.14445,22.37813],[114.14465,22.37849],[114.14529,22.37864],[114.14594,22.37831],[114.1462,22.3779],[114.14635,22.37788],[114.14705,22.3786],[114.14724,22.37874],[114.14759,22.37879],[114.1476,22.37887],[114.14903,22.38022],[114.14937,22.38012],[114.14924,22.38036],[114.14946,22.38031],[114.14982,22.38046],[114.15006,22.38044],[114.15082,22.38086],[114.1516,22.38115],[114.15176,22.38143],[114.15205,22.38132],[114.15221,22.38133],[114.15235,22.3815],[114.15271,22.38153],[114.15336,22.38193],[114.15374,22.38192],[114.15427,22.3816],[114.15461,22.38175],[114.15494,22.38199],[114.15531,22.38212],[114.15566,22.38281],[114.15578,22.38278],[114.15682,22.38295],[114.15703,22.38324],[114.15707,22.38345],[114.15721,22.38352],[114.15738,22.3838],[114.15706,22.38427],[114.15705,22.38471],[114.15744,22.38508],[114.1578,22.38511],[114.15806,22.3853],[114.15851,22.38547],[114.15858,22.3856],[114.15927,22.3861],[114.16059,22.38681],[114.16076,22.38727],[114.1612,22.38769],[114.16133,22.38798],[114.16152,22.38811],[114.16216,22.38944],[114.16251,22.38981],[114.16275,22.39048],[114.16277,22.39091],[114.16299,22.39119],[114.16366,22.39162],[114.1643,22.39179],[114.16475,22.39222],[114.16516,22.39226],[114.16528,22.39268],[114.16556,22.3929],[114.16678,22.39336],[114.16743,22.3937],[114.16779,22.39412],[114.16813,22.39479],[114.16814,22.39508],[114.16763,22.39566],[114.16769,22.39595],[114.16758,22.39684],[114.16772,22.39742],[114.16729,22.39778],[114.16689,22.39795],[114.16674,22.39818],[114.1665,22.39826],[114.16623,22.39825],[114.16623,22.39838],[114.16648,22.39851],[114.16647,22.39857],[114.16612,22.39853],[114.16596,22.39866],[114.16613,22.39908],[114.1664,22.39911],[114.16697,22.39945],[114.16726,22.40036],[114.16756,22.40058],[114.1679,22.40107],[114.16727,22.40193],[114.16761,22.40226],[114.16769,22.40253],[114.16763,22.40263],[114.16735,22.40251],[114.16719,22.40257],[114.16734,22.40314],[114.16709,22.40391],[114.16723,22.40455],[114.16771,22.40491],[114.16773,22.40501],[114.16731,22.40547],[114.16716,22.40584],[114.16666,22.40621],[114.16673,22.40665],[114.1665,22.40694],[114.16649,22.40735],[114.16601,22.40773],[114.16525,22.40902],[114.16522,22.40966],[114.16566,22.41008],[114.16561,22.41083],[114.16516,22.41131],[114.16488,22.41135],[114.16459,22.41153],[114.16353,22.41155],[114.16295,22.41179],[114.16278,22.4118],[114.16265,22.41172],[114.16225,22.41188],[114.1621,22.41186],[114.1614,22.4123],[114.16043,22.4126],[114.16008,22.41264],[114.16003,22.41275],[114.15995,22.41262],[114.16014,22.41213],[114.16009,22.41208],[114.15988,22.41237],[114.15953,22.41251],[114.15879,22.41302],[114.15867,22.4129],[114.15889,22.4124],[114.15875,22.41221]]},"properties":{"TRAIL_ID":"mc_7","TRAIL_NAME_EN":"MACLEHOSE TRAIL","TRAIL_NAME_TC":"麥理浩徑","SECTION_NO":"7","TYPE_EN":"Long Distance Trail","TYPE_TC":"長途遠足徑","DIFFICULTY_EN":"Difficult","DIFFICULTY_TC":"難行","REGION_EN":"Central New Territories","REGION_TC":"新界中區","STARTpt_EN":"Shing Mun","STARTpt_TC":"城門","FINISHpt_EN":"Lead Mine Pass","FINISHpt_TC":"鉛鑛坳","WEBSITE":"https://www.hiking.gov.hk/trail/info/id/MzVpUXNrWFZsM3NvcEppamc4emhIZz09","TEL":"1823","MEASURE_LEN":6200,"name_en":"MacLehose Trail Section 7","name_tc":"麥理浩徑第七段","parent_id":"mc","parent_en":"MacLehose Trail","parent_tc":"麥理浩徑","parks_en":["Shing Mun Country Park"],"parks_tc":["城門郊野公園"],"has_distance_posts":true,"mapped_length_m":7004,"length_mismatch":true,"branching":false,"direction_verified_by":"distance_posts","loop":false}},{"type":"Feature","geometry":{"type":"LineString","coordinates":[[114.15875,22.41221],[114.15843,22.41215],[114.15822,22.41183],[114.15755,22.41224],[114.1572,22.41214],[114.15672,22.41214],[114.15599,22.41245],[114.15574,22.41246],[114.1555,22.41277],[114.15529,22.41288],[114.155,22.41284],[114.15496,22.41299],[114.15472,22.41294],[114.15425,22.41299],[114.15391,22.41288],[114.15315,22.41285],[114.1529,22.41301],[114.15241,22.41314],[114.15221,22.41312],[114.15217,22.41342],[114.15195,22.41356],[114.15185,22.41373],[114.15107,22.41416],[114.15092,22.41446],[114.15053,22.41469],[114.15025,22.41475],[114.15013,22.41498],[114.14969,22.41513],[114.14929,22.41542],[114.14868,22.41562],[114.14846,22.4158],[114.14822,22.41631],[114.14792,22.41658],[114.14783,22.41662],[114.14756,22.4165],[114.14723,22.41671],[114.1467,22.41688],[114.14641,22.41679],[114.14609,22.41679],[114.14576,22.41659],[114.14498,22.41642],[114.14435,22.41615],[114.14419,22.41598],[114.14381,22.41579],[114.14343,22.41573],[114.14274,22.4159],[114.14246,22.4159],[114.14225,22.41601],[114.14194,22.416],[114.14185,22.41613],[114.14146,22.41632],[114.14092,22.4168],[114.14047,22.41705],[114.13995,22.41707],[114.13944,22.41737],[114.13898,22.41719],[114.13839,22.41722],[114.13833,22.41744],[114.13773,22.4176],[114.13722,22.41745],[114.13705,22.41721],[114.13682,22.41708],[114.13646,22.41722],[114.1358,22.41717],[114.13562,22.41708],[114.13526,22.41714],[114.13498,22.41699],[114.13483,22.41681],[114.13445,22.41675],[114.13387,22.41652],[114.1331,22.41683],[114.13204,22.4167],[114.13149,22.4168],[114.13128,22.41673],[114.13105,22.41653],[114.13081,22.41647],[114.13051,22.41652],[114.13001,22.41676],[114.1295,22.41668],[114.12832,22.41688],[114.12787,22.41678],[114.12785,22.41641],[114.12685,22.41641],[114.12636,22.41622],[114.12579,22.4162],[114.12511,22.41549],[114.12502,22.41497],[114.12469,22.41484],[114.12437,22.41428],[114.12401,22.41412],[114.12351,22.41404],[114.12359,22.41391],[114.12444,22.41373],[114.12434,22.4136],[114.12383,22.41349],[114.12376,22.41317],[114.1236,22.4129],[114.12376,22.41287],[114.12415,22.41312],[114.12432,22.41306],[114.12467,22.4123],[114.12492,22.41195],[114.12501,22.41144],[114.12536,22.41134],[114.12571,22.41094],[114.12568,22.41062],[114.12581,22.41014],[114.12576,22.4099],[114.1255,22.40978],[114.12557,22.40936],[114.12533,22.40886],[114.12536,22.40857],[114.12527,22.40835],[114.12431,22.40833],[114.12408,22.4084],[114.12405,22.40831],[114.12417,22.40823],[114.12482,22.4082],[114.12513,22.40797],[114.12537,22.40799],[114.12543,22.40793],[114.12519,22.40787],[114.12472,22.40804],[114.124,22.40795],[114.12347,22.40833],[114.12344,22.40824],[114.12389,22.40777],[114.12421,22.4077],[114.12452,22.40746],[114.12476,22.40757],[114.1248,22.40747],[114.12431,22.40713],[114.12389,22.40702],[114.12349,22.40678],[114.12293,22.40706],[114.12263,22.4069],[114.12254,22.40691],[114.12225,22.40709],[114.12222,22.40741],[114.12209,22.40742],[114.12217,22.40669],[114.12242,22.40645],[114.12211,22.40607],[114.12196,22.40607],[114.12184,22.40617],[114.12177,22.40645],[114.12152,22.40676],[114.12138,22.40728],[114.1216,22.40782],[114.12141,22.40805],[114.12158,22.40831],[114.12152,22.40856],[114.12131,22.40871],[114.1208,22.4087],[114.12044,22.40882],[114.12019,22.40925],[114.1202,22.40954],[114.1199,22.40984],[114.11988,22.41008],[114.11961,22.41037],[114.11926,22.41059],[114.11915,22.41096],[114.11877,22.41161],[114.11864,22.41163],[114.11829,22.4115],[114.11804,22.41161],[114.11786,22.41159],[114.1176,22.41175],[114.11753,22.4113],[114.11721,22.41098],[114.1172,22.41065],[114.11703,22.41037],[114.11691,22.41031],[114.11655,22.41029],[114.11617,22.4104],[114.11494,22.40988],[114.11445,22.40955],[114.11403,22.40951],[114.11349,22.4096],[114.11246,22.40928],[114.11198,22.40891],[114.11172,22.40836],[114.11157,22.40828],[114.11093,22.40829],[114.11028,22.40799],[114.10999,22.40807],[114.10956,22.40796],[114.10881,22.40832],[114.1086,22.40825],[114.10845,22.40815],[114.1083,22.40791],[114.10784,22.40776],[114.10758,22.40734],[114.10763,22.40725],[114.10742,22.40704],[114.10698,22.40707],[114.10644,22.40679],[114.10642,22.40658],[114.10656,22.4064],[114.10644,22.40626],[114.10654,22.40614],[114.10636,22.40587],[114.10598,22.40586],[114.10573,22.4063],[114.10547,22.40635],[114.10553,22.40646],[114.10548,22.40693],[114.10523,22.40689],[114.10528,22.40662]]},"properties":{"TRAIL_ID":"mc_8","TRAIL_NAME_EN":"MACLEHOSE TRAIL","TRAIL_NAME_TC":"麥理浩徑","SECTION_NO":"8","TYPE_EN":"Long Distance Trail","TYPE_TC":"長途遠足徑","DIFFICULTY_EN":"Difficult","DIFFICULTY_TC":"難行","REGION_EN":"Central New Territories","REGION_TC":"新界中區","STARTpt_EN":"Lead Mine Pass","STARTpt_TC":"鉛鑛坳","FINISHpt_EN":"Route Twisk","FINISHpt_TC":"荃錦公路","WEBSITE":"https://www.hiking.gov.hk/trail/info/id/cm1EdG9ycVhDTEFrT3NGYmFsYXdWdz09","TEL":"1823","MEASURE_LEN":9700,"name_en":"MacLehose Trail Section 8","name_tc":"麥理浩徑第八段","parent_id":"mc","parent_en":"MacLehose Trail","parent_tc":"麥理浩徑","parks_en":["Shing Mun Country Park","Tai Mo Shan Country Park"],"parks_tc":["城門郊野公園","大帽山郊野公園"],"has_distance_posts":true,"mapped_length_m":9415,"length_mismatch":false,"branching":false,"direction_verified_by":"distance_posts","loop":false}},{"type":"Feature","geometry":{"type":"LineString","coordinates":[[114.10528,22.40662],[114.1052,22.40662],[114.10506,22.40688],[114.10469,22.40708],[114.10459,22.4073],[114.10433,22.40743],[114.10387,22.40731],[114.10322,22.40731],[114.10204,22.40755],[114.10147,22.40716],[114.10124,22.40716],[114.10081,22.40734],[114.10074,22.40705],[114.10045,22.40703],[114.10024,22.4069],[114.10007,22.40647],[114.09956,22.40588],[114.09764,22.40437],[114.09754,22.40387],[114.09742,22.40372],[114.09684,22.40351],[114.09689,22.403],[114.09672,22.40287],[114.09624,22.40276],[114.0961,22.40267],[114.09599,22.40208],[114.09517,22.40139],[114.09499,22.40088],[114.09414,22.40037],[114.0936,22.40019],[114.09337,22.39982],[114.093,22.39969],[114.09274,22.39969],[114.09222,22.39937],[114.092,22.39937],[114.09164,22.39949],[114.09136,22.39927],[114.09112,22.39925],[114.09077,22.39951],[114.09037,22.39948],[114.09023,22.39974],[114.08992,22.39994],[114.08975,22.40027],[114.08942,22.40064],[114.08933,22.40127],[114.08912,22.40145],[114.08837,22.40153],[114.08797,22.40137],[114.08728,22.40156],[114.08716,22.40171],[114.08693,22.40178],[114.08683,22.40196],[114.08671,22.40202],[114.08637,22.40201],[114.08589,22.40179],[114.08528,22.40177],[114.08486,22.40154],[114.0845,22.40083],[114.0838,22.40048],[114.08323,22.40043],[114.08262,22.39977],[114.08241,22.39868],[114.08203,22.39846],[114.08119,22.39818],[114.08111,22.39772],[114.08085,22.3975],[114.08025,22.39738],[114.07932,22.39696],[114.07851,22.39728],[114.07832,22.39718],[114.07824,22.39689],[114.07752,22.39674],[114.07707,22.39642],[114.07543,22.39663],[114.07469,22.39635],[114.07435,22.39637],[114.07414,22.39623],[114.07386,22.39561],[114.07358,22.3953],[114.07333,22.39477],[114.07338,22.3945],[114.07381,22.3942],[114.07415,22.39367],[114.07418,22.39347],[114.07401,22.39324],[114.07392,22.39325],[114.07382,22.3936],[114.07361,22.39371],[114.07367,22.3934],[114.07356,22.39328],[114.07243,22.39298],[114.0719,22.39254],[114.0717,22.39263],[114.07162,22.39297],[114.07108,22.39287],[114.0709,22.39276],[114.07066,22.39238],[114.07044,22.39248],[114.07025,22.39287],[114.06982,22.39298],[114.06961,22.3933],[114.06924,22.39336],[114.06914,22.39322],[114.06927,22.39282],[114.06918,22.39262],[114.06895,22.39252],[114.0684,22.39263],[114.06815,22.39254],[114.06745,22.39201],[114.06711,22.3914],[114.06692,22.39123],[114.06677,22.39124],[114.06649,22.39155],[114.06626,22.3916],[114.06609,22.39184],[114.06592,22.3918],[114.06587,22.39152],[114.06626,22.3906],[114.06621,22.39051],[114.06603,22.3905]]},"properties":{"TRAIL_ID":"mc_9","TRAIL_NAME_EN":"MACLEHOSE TRAIL","TRAIL_NAME_TC":"麥理浩徑","SECTION_NO":"9","TYPE_EN":"Long Distance Trail","TYPE_TC":"長途遠足徑","DIFFICULTY_EN":"Moderate","DIFFICULTY_TC":"普通","REGION_EN":"West New Territories","REGION_TC":"新界西區","STARTpt_EN":"Route Twisk","STARTpt_TC":"荃錦公路","FINISHpt_EN":"Tin Fu Tsai","FINISHpt_TC":"田夫仔","WEBSITE":"https://www.hiking.gov.hk/trail/info/id/VGdKd0dZMzBTK3lKYjR3Z1dTR291UT09","TEL":"1823","MEASURE_LEN":6300,"name_en":"MacLehose Trail Section 9","name_tc":"麥理浩徑第九段","parent_id":"mc","parent_en":"MacLehose Trail","parent_tc":"麥理浩徑","parks_en":["Tai Lam Country Park"],"parks_tc":["大欖郊野公園"],"has_distance_posts":true,"mapped_length_m":6154,"length_mismatch":false,"branching":false,"direction_verified_by":"distance_posts","loop":false}},{"type":"Feature","geometry":{"type":"LineString","coordinates":[[114.22324,22.45025],[114.22372,22.45026],[114.22438,22.45008],[114.22472,22.45009],[114.22505,22.44944],[114.22503,22.44899],[114.22521,22.44901],[114.22599,22.44943],[114.22627,22.44985],[114.22701,22.45052],[114.22813,22.45093],[114.22902,22.45085],[114.22957,22.45105],[114.22975,22.45131],[114.23006,22.45147],[114.23086,22.4527],[114.23105,22.45315],[114.23212,22.45352],[114.2329,22.45436],[114.23338,22.45507],[114.23348,22.45535],[114.23345,22.45619]]},"properties":{"TRAIL_ID":"nat_1","TRAIL_NAME_EN":"MA SHI CHAU NATURE TRAIL","TRAIL_NAME_TC":"馬屎洲自然教育徑","SECTION_NO":"0","TYPE_EN":"Nature Trail Geo Route","TYPE_TC":"自然教育徑 地質路線","DIFFICULTY_EN":"Easy","DIFFICULTY_TC":"易行","REGION_EN":"North New Territories","REGION_TC":"新界北區","STARTpt_EN":"Sam Mun Tsai","STARTpt_TC":"三門仔","FINISHpt_EN":"Ma Shi Chau","FINISHpt_TC":"馬屎洲","WEBSITE":"https://www.hiking.gov.hk/trail/info/id/MGRDbkwxQmtSSzV3OUliRlRhWE5DUT09","TEL":"1823","MEASURE_LEN":1500,"name_en":"Ma Shi Chau Nature Trail","name_tc":"馬屎洲自然教育徑","parent_id":null,"parent_en":null,"parent_tc":null,"parks_en":[],"parks_tc":[],"has_distance_posts":false,"mapped_length_m":1586,"length_mismatch":false,"branching":false,"direction_verified_by":"place_names","loop":false}},{"type":"Feature","geometry":{"type":"LineString","coordinates":[[114.15401,22.34783],[114.15411,22.3479],[114.154,22.34814],[114.15411,22.34856],[114.15439,22.34881],[114.15452,22.34883],[114.15465,22.34903],[114.15448,22.34959],[114.15463,22.35007],[114.15507,22.35028],[114.15549,22.35064],[114.15538,22.35105],[114.15558,22.35121],[114.1559,22.35096],[114.15622,22.35099],[114.15629,22.35093],[114.15625,22.35039],[114.15636,22.35015],[114.15635,22.34991],[114.1568,22.34962],[114.15716,22.3498],[114.15753,22.34981],[114.15749,22.34955],[114.15776,22.34941],[114.15781,22.34872],[114.15798,22.34868],[114.15823,22.34849],[114.15853,22.34862],[114.15849,22.34883],[114.15825,22.34916],[114.15868,22.34976],[114.15889,22.34975],[114.15904,22.34988],[114.15932,22.34994],[114.15939,22.34968],[114.15931,22.34947],[114.15947,22.34941],[114.15981,22.34958],[114.16014,22.34962],[114.16029,22.34998],[114.16045,22.35014],[114.16074,22.35015],[114.16135,22.34982],[114.16141,22.34999],[114.16113,22.35045],[114.16134,22.35069],[114.16161,22.35079],[114.16197,22.35072],[114.16199,22.35064],[114.16182,22.35042],[114.16185,22.35027],[114.16217,22.3501],[114.16229,22.34986],[114.16252,22.34988],[114.16262,22.34966],[114.16256,22.34946],[114.16293,22.34929],[114.16297,22.34897],[114.16332,22.349],[114.16348,22.34877],[114.16333,22.34855],[114.16289,22.34847],[114.1626,22.3482],[114.16224,22.34809],[114.16171,22.34775],[114.16124,22.34775],[114.16085,22.34754],[114.16076,22.34757],[114.16069,22.34776],[114.16018,22.34768],[114.15964,22.34686],[114.15977,22.34661],[114.15974,22.34593],[114.15963,22.34583],[114.15947,22.34584],[114.15935,22.34576],[114.15906,22.34488],[114.15872,22.34501],[114.15775,22.34512],[114.15765,22.34524],[114.15766,22.34554],[114.15749,22.34572],[114.15704,22.34576],[114.15664,22.34556],[114.15639,22.34559],[114.15604,22.3455],[114.15578,22.34568],[114.15579,22.34601],[114.15573,22.34607],[114.15533,22.34599],[114.15505,22.34608],[114.15475,22.34598],[114.15419,22.34616],[114.15392,22.34636],[114.15375,22.3464],[114.15365,22.34666],[114.15378,22.34761],[114.15401,22.34783]]},"properties":{"TRAIL_ID":"nat_10","TRAIL_NAME_EN":"EAGLE'S NEST NATURE TRAIL","TRAIL_NAME_TC":"鷹巢山自然教育徑","SECTION_NO":"0","TYPE_EN":"Nature Trail","TYPE_TC":"自然教育徑","DIFFICULTY_EN":"Easy","DIFFICULTY_TC":"易行","REGION_EN":"Central New Territories","REGION_TC":"新界中區","STARTpt_EN":"Tai Po Road","STARTpt_TC":"大埔公路","FINISHpt_EN":"Tai Po Road","FINISHpt_TC":"大埔公路","WEBSITE":"https://www.hiking.gov.hk/trail/info/id/N0s2OTlzeWN5NzF0bG9BTmZsTWRsZz09","TEL":"1823","MEASURE_LEN":3200,"name_en":"Eagle's Nest Nature Trail","name_tc":"鷹巢山自然教育徑","parent_id":null,"parent_en":null,"parent_tc":null,"parks_en":[],"parks_tc":[],"has_distance_posts":false,"mapped_length_m":3801,"length_mismatch":true,"branching":false,"direction_verified_by":null,"loop":true}},{"type":"Feature","geometry":{"type":"LineString","coordinates":[[114.32191,22.39891],[114.32218,22.39857],[114.32196,22.39827],[114.3225,22.39731],[114.32254,22.39666],[114.32242,22.39643],[114.32204,22.3962],[114.32185,22.39575],[114.32165,22.39474],[114.32173,22.39429],[114.32164,22.39419],[114.3212,22.39238],[114.32102,22.39208],[114.32093,22.39139],[114.321,22.3912]]},"properties":{"TRAIL_ID":"nat_11","TRAIL_NAME_EN":"PAK TAM CHUNG NATURE TRAIL","TRAIL_NAME_TC":"北潭涌自然教育徑","SECTION_NO":"0","TYPE_EN":"Nature Trail","TYPE_TC":"自然教育徑","DIFFICULTY_EN":"Easy","DIFFICULTY_TC":"易行","REGION_EN":"Sai Kung","REGION_TC":"西貢","STARTpt_EN":"Tai Mong Tsai Road Fuk Hing Bridge","STARTpt_TC":"復興橋","FINISHpt_EN":"Sheung Yiu Folk Museum","FINISHpt_TC":"上窰民俗文物館","WEBSITE":"https://www.hiking.gov.hk/trail/info/id/akp1K09abERSMDBzaGZFWDZQTkxMZz09","TEL":"1823","MEASURE_LEN":900,"name_en":"Pak Tam Chung Nature Trail","name_tc":"北潭涌自然教育徑","parent_id":null,"parent_en":null,"parent_tc":null,"parks_en":[],"parks_tc":[],"has_distance_posts":false,"mapped_length_m":937,"length_mismatch":false,"branching":false,"direction_verified_by":null,"loop":false}},{"type":"Feature","geometry":{"type":"LineString","coordinates":[[114.26557,22.37452],[114.26571,22.37453],[114.26631,22.3744],[114.2667,22.37301],[114.26682,22.37279],[114.26657,22.37242],[114.26592,22.37292],[114.26564,22.37297],[114.26524,22.37332],[114.2657,22.37363],[114.26593,22.37404],[114.26566,22.3745],[114.26557,22.37452],[114.26562,22.37482],[114.26548,22.37518],[114.26498,22.37528],[114.26478,22.37502],[114.2649,22.37497]]},"properties":{"TRAIL_ID":"nat_12","TRAIL_NAME_EN":"TSIU HANG NATURE TRAIL","TRAIL_NAME_TC":"蕉坑自然教育徑","SECTION_NO":"0","TYPE_EN":"Nature Trail","TYPE_TC":"自然教育徑","DIFFICULTY_EN":"Easy","DIFFICULTY_TC":"易行","REGION_EN":"Sai Kung","REGION_TC":"西貢","STARTpt_EN":"Lions Nature Education Centre","STARTpt_TC":"獅子會自然教育中心","FINISHpt_EN":"Lions Nature Education Centre Insectarium","FINISHpt_TC":"獅子會自然教育中心昆蟲館","WEBSITE":"https://www.hiking.gov.hk/trail/info/id/QW83RFlqandJamIvZGprRFlzNkdsZz09","TEL":"1823","MEASURE_LEN":900,"name_en":"Tsiu Hang Nature Trail","name_tc":"蕉坑自然教育徑","parent_id":null,"parent_en":null,"parent_tc":null,"parks_en":[],"parks_tc":[],"has_distance_posts":false,"mapped_length_m":849,"length_mismatch":false,"branching":false,"direction_verified_by":null,"loop":false}},{"type":"Feature","geometry":{"type":"LineString","coordinates":[[114.18499,22.43179],[114.18474,22.43161],[114.18509,22.43142],[114.18586,22.43133],[114.18597,22.43102],[114.18579,22.43051],[114.1855,22.43019],[114.18545,22.42996],[114.185,22.42946],[114.18428,22.42921],[114.18394,22.42896],[114.18278,22.42862],[114.18266,22.42844],[114.18272,22.42815],[114.18262,22.42774],[114.18229,22.4276],[114.18197,22.42732],[114.18151,22.42739],[114.18112,22.42759],[114.1807,22.42805],[114.18059,22.42829],[114.18065,22.42852]]},"properties":{"TRAIL_ID":"nat_13","TRAIL_NAME_EN":"TAI PO KAU NATURE TRAIL","TRAIL_NAME_TC":"大埔滘自然教育徑","SECTION_NO":"0","TYPE_EN":"Nature Trail","TYPE_TC":"自然教育徑","DIFFICULTY_EN":"Moderate","DIFFICULTY_TC":"普通","REGION_EN":"North New Territories","REGION_TC":"新界北區","STARTpt_EN":"Tsung Tsai Yuen","STARTpt_TC":"松仔園","FINISHpt_EN":"Picnic Site no.1, Tai Po Kau Nature Reserve","FINISHpt_TC":"大埔滘自然護理區1號郊遊地點","WEBSITE":"https://www.hiking.gov.hk/trail/info/id/K3VwN1BwU0c5b0tZMHFKRlBrdEM0QT09","TEL":"1823","MEASURE_LEN":1000,"name_en":"Tai Po Kau Nature Trail","name_tc":"大埔滘自然教育徑","parent_id":null,"parent_en":null,"parent_tc":null,"parks_en":[],"parks_tc":[],"has_distance_posts":false,"mapped_length_m":1057,"length_mismatch":false,"branching":false,"direction_verified_by":"place_names","loop":false}},{"type":"Feature","geometry":{"type":"MultiLineString","coordinates":[[[114.26373,22.52551],[114.26343,22.5253],[114.26324,22.52471],[114.26306,22.52464],[114.26304,22.52483],[114.26269,22.52494],[114.26219,22.52528],[114.26196,22.52531],[114.26181,22.52546],[114.26166,22.52545],[114.26144,22.52563],[114.26134,22.52577],[114.26147,22.526],[114.26163,22.52588],[114.26176,22.52592],[114.26171,22.52612],[114.26162,22.52619],[114.2616,22.52639],[114.26117,22.52654],[114.26081,22.52674],[114.26087,22.52689],[114.26061,22.52715],[114.26036,22.52686],[114.2595,22.52723],[114.25877,22.52733],[114.25876,22.52718],[114.25853,22.52668],[114.25822,22.52642],[114.25819,22.52631]],[[114.26145,22.52645],[114.2615,22.52662],[114.26178,22.5266],[114.26169,22.52639],[114.26161,22.52635]]]},"properties":{"TRAIL_ID":"nat_15","TRAIL_NAME_EN":"LAI CHI WO NATURE TRAIL","TRAIL_NAME_TC":"荔枝窩自然步道","SECTION_NO":"0","TYPE_EN":"Nature Trail","TYPE_TC":"自然教育徑","DIFFICULTY_EN":"Easy","DIFFICULTY_TC":"易行","REGION_EN":"North New Territories","REGION_TC":"新界北區","STARTpt_EN":"Lai Chi Wo","STARTpt_TC":"荔枝窩","FINISHpt_EN":"Lai Chi Wo","FINISHpt_TC":"荔枝窩","WEBSITE":"https://www.hiking.gov.hk/trail/info/id/NHJCWmlmZFNNcWRVVWVTYVBJZVh1UT09","TEL":"1823","MEASURE_LEN":1200,"name_en":"Lai Chi Wo Nature Trail","name_tc":"荔枝窩自然步道","parent_id":null,"parent_en":null,"parent_tc":null,"parks_en":[],"parks_tc":[],"has_distance_posts":false,"mapped_length_m":1083,"length_mismatch":false,"branching":true,"direction_verified_by":null,"loop":false}},{"type":"Feature","geometry":{"type":"LineString","coordinates":[[114.10693,22.4039],[114.10704,22.40401],[114.1071,22.40398],[114.10747,22.40346],[114.10787,22.40327],[114.10786,22.40289],[114.10839,22.40257],[114.10903,22.40182],[114.10935,22.40081],[114.10922,22.40046],[114.10924,22.40003],[114.10934,22.39984],[114.10944,22.39921],[114.10979,22.39869],[114.10977,22.39826]]},"properties":{"TRAIL_ID":"nat_16","TRAIL_NAME_EN":"ROTARY PARK NATURE TRAIL","TRAIL_NAME_TC":"扶輪公園自然教育徑","SECTION_NO":"0","TYPE_EN":"Nature Trail","TYPE_TC":"自然教育徑","DIFFICULTY_EN":"Easy","DIFFICULTY_TC":"易行","REGION_EN":"West New Territories","REGION_TC":"新界西區","STARTpt_EN":"Rotary Park","STARTpt_TC":"扶輪公園","FINISHpt_EN":"Route Twisk","FINISHpt_TC":"荃錦公路","WEBSITE":"https://www.hiking.gov.hk/trail/info/id/WFc2Tm45WTVOR0ZMQ3hLeTJHUDRldz09","TEL":"1823","MEASURE_LEN":800,"name_en":"Rotary Park Nature Trail","name_tc":"扶輪公園自然教育徑","parent_id":null,"parent_en":null,"parent_tc":null,"parks_en":[],"parks_tc":[],"has_distance_posts":false,"mapped_length_m":778,"length_mismatch":false,"branching":false,"direction_verified_by":null,"loop":false}},{"type":"Feature","geometry":{"type":"LineString","coordinates":[[114.03454,22.39946],[114.03425,22.3994],[114.03404,22.39943],[114.03377,22.3992],[114.03387,22.39863],[114.03374,22.39831],[114.03368,22.3976],[114.03397,22.39725],[114.03399,22.39694],[114.03439,22.39687],[114.03465,22.39636],[114.03521,22.39633],[114.03572,22.39613],[114.03618,22.39642],[114.03661,22.39626],[114.03721,22.39647],[114.03741,22.39631],[114.03801,22.39645],[114.03867,22.39676],[114.0393,22.39677],[114.03958,22.39692],[114.04026,22.39708],[114.04198,22.39726],[114.04222,22.39737],[114.04258,22.39734],[114.043,22.39705],[114.04362,22.39699],[114.04393,22.39684],[114.04435,22.39682],[114.04455,22.39666],[114.04494,22.3966],[114.04551,22.39626],[114.04574,22.39619],[114.04596,22.39627],[114.04623,22.39657],[114.04641,22.39701],[114.04681,22.39758],[114.04691,22.3976],[114.04712,22.39734],[114.04729,22.39734],[114.0476,22.39768],[114.04772,22.39808],[114.04799,22.39831],[114.04804,22.39827],[114.04821,22.3979],[114.0482,22.39767],[114.04797,22.39695],[114.04779,22.39671],[114.04791,22.39624],[114.04775,22.39606],[114.04771,22.39573],[114.04756,22.39555],[114.04751,22.39531],[114.04738,22.39522],[114.04671,22.39514],[114.04685,22.3947],[114.04667,22.3945],[114.04573,22.39458],[114.04541,22.39421],[114.04537,22.39386],[114.04491,22.39329],[114.04495,22.39289],[114.04514,22.3927],[114.04558,22.39193],[114.04545,22.39179],[114.04491,22.39168],[114.04468,22.39154],[114.04458,22.39118],[114.04458,22.3904],[114.04424,22.38986],[114.04326,22.38904],[114.04288,22.38848],[114.04242,22.38837],[114.04243,22.38793],[114.04233,22.38782],[114.04224,22.38753],[114.04212,22.3875],[114.04185,22.38758],[114.04166,22.38754],[114.04149,22.38734],[114.04122,22.38718],[114.04101,22.38676],[114.04099,22.38664],[114.04112,22.38634],[114.04101,22.38618],[114.04047,22.38623],[114.04015,22.38574],[114.03936,22.38577],[114.03886,22.3855],[114.03848,22.38496],[114.03792,22.3846],[114.0375,22.38382],[114.03785,22.38333],[114.03866,22.38294],[114.03912,22.38281],[114.03933,22.38265],[114.03954,22.38234],[114.04,22.38203],[114.04019,22.38159],[114.04049,22.38125],[114.04063,22.38064],[114.04081,22.3805],[114.04157,22.38049],[114.04235,22.38033],[114.04253,22.38038],[114.04273,22.3806],[114.04318,22.38066],[114.04377,22.38014],[114.04465,22.37995],[114.04494,22.37978],[114.04511,22.37952],[114.04524,22.3795],[114.04581,22.37949],[114.04641,22.37964],[114.04668,22.37979],[114.04697,22.38008],[114.04736,22.38022],[114.04761,22.38057],[114.04769,22.38054],[114.04767,22.3801],[114.04798,22.37988],[114.04818,22.37988],[114.04855,22.38013],[114.04884,22.37999],[114.04899,22.37964],[114.04923,22.37944],[114.04936,22.37921],[114.04903,22.37861],[114.04884,22.37844],[114.0486,22.37747],[114.04845,22.3773],[114.04863,22.37692],[114.04875,22.37605],[114.0488,22.37599],[114.04913,22.37613],[114.04932,22.37608],[114.0503,22.37439],[114.05039,22.37404],[114.05001,22.37317],[114.04964,22.37259],[114.04933,22.37231],[114.04927,22.37197],[114.04958,22.3716],[114.04974,22.37154],[114.05055,22.37176],[114.05134,22.37209],[114.05177,22.3721],[114.05186,22.37186],[114.05183,22.37164],[114.05151,22.37075],[114.05102,22.37031],[114.05105,22.37005]]},"properties":{"TRAIL_ID":"nat_19","TRAIL_NAME_EN":"TAI LAM NATURE TRAIL","TRAIL_NAME_TC":"大欖自然教育徑","SECTION_NO":"0","TYPE_EN":"Nature Trail","TYPE_TC":"自然教育徑","DIFFICULTY_EN":"Demanding","DIFFICULTY_TC":"費力","REGION_EN":"West New Territories","REGION_TC":"新界西區","STARTpt_EN":"Tai Tong","STARTpt_TC":"大棠","FINISHpt_EN":"Tsing Lung Tau","FINISHpt_TC":"青龍頭","WEBSITE":"https://www.hiking.gov.hk/trail/info/id/TnN4ZEZ2M0dnZ0EzdEJMYnpLOXp4UT09","TEL":"1823","MEASURE_LEN":8000,"name_en":"Tai Lam Nature Trail","name_tc":"大欖自然教育徑","parent_id":null,"parent_en":null,"parent_tc":null,"parks_en":[],"parks_tc":[],"has_distance_posts":false,"mapped_length_m":7671,"length_mismatch":false,"branching":false,"direction_verified_by":null,"loop":false}},{"type":"Feature","geometry":{"type":"LineString","coordinates":[[114.10476,22.40704],[114.10455,22.40691],[114.1042,22.40644],[114.1037,22.40623],[114.10305,22.40574],[114.10298,22.40558],[114.10282,22.40553],[114.10251,22.40502],[114.1025,22.40472],[114.10217,22.40428],[114.10137,22.40419],[114.10123,22.40445],[114.10145,22.40482],[114.10149,22.40503],[114.10188,22.40528],[114.10175,22.40582],[114.10213,22.40609],[114.10215,22.40636],[114.10192,22.40681],[114.10178,22.4069],[114.10101,22.40705],[114.10069,22.40694],[114.10045,22.40698],[114.10046,22.40748],[114.10069,22.40774],[114.10117,22.40797],[114.10158,22.40832],[114.10192,22.40849],[114.10321,22.4087],[114.10363,22.40864],[114.10431,22.40887],[114.10462,22.40828],[114.10445,22.40781],[114.10478,22.40737],[114.10476,22.40704]]},"properties":{"TRAIL_ID":"nat_2","TRAIL_NAME_EN":"TWISK NATURE TRAIL","TRAIL_NAME_TC":"荃錦自然教育徑","SECTION_NO":"0","TYPE_EN":"Nature Trail","TYPE_TC":"自然教育徑","DIFFICULTY_EN":"Easy","DIFFICULTY_TC":"易行","REGION_EN":"West New Territories","REGION_TC":"新界西區","STARTpt_EN":"Tsuen Kam Au","STARTpt_TC":"荃錦坳","FINISHpt_EN":"Tsuen Kam Au","FINISHpt_TC":"荃錦坳","WEBSITE":"https://www.hiking.gov.hk/trail/info/id/RUloUlprQ09aZ2FyMC9VVTlYWGtidz09","TEL":"1823","MEASURE_LEN":2000,"name_en":"Twisk Nature Trail","name_tc":"荃錦自然教育徑","parent_id":null,"parent_en":null,"parent_tc":null,"parks_en":[],"parks_tc":[],"has_distance_posts":false,"mapped_length_m":1759,"length_mismatch":true,"branching":false,"direction_verified_by":null,"loop":true}},{"type":"Feature","geometry":{"type":"LineString","coordinates":[[114.23613,22.47715],[114.23614,22.47727],[114.23541,22.47771],[114.23516,22.47797],[114.23479,22.47797],[114.23475,22.478],[114.23487,22.47814],[114.23466,22.47811],[114.23464,22.47818],[114.23489,22.47837],[114.23523,22.47919],[114.23558,22.47928],[114.23587,22.47952],[114.23584,22.47986],[114.23596,22.48001],[114.23606,22.48038],[114.2366,22.4802],[114.237,22.48047],[114.23719,22.48152],[114.2375,22.48193],[114.23791,22.48201],[114.23808,22.48238],[114.23812,22.48283],[114.23821,22.48298],[114.23799,22.48311],[114.23783,22.4837],[114.23769,22.48394],[114.2375,22.48405],[114.23744,22.48453],[114.2372,22.48486],[114.2375,22.48526],[114.23742,22.48551],[114.23775,22.48632],[114.23773,22.48669],[114.23654,22.48816],[114.23636,22.48874],[114.23621,22.48894],[114.23574,22.48921],[114.23526,22.48885],[114.23509,22.48886],[114.23502,22.48933],[114.23484,22.48965],[114.23451,22.48951],[114.2343,22.48931],[114.23403,22.48928],[114.23402,22.48942],[114.23429,22.48967],[114.23426,22.48996],[114.23368,22.4904],[114.23316,22.49038],[114.23299,22.49064],[114.23312,22.4908],[114.23309,22.49113],[114.23299,22.49118],[114.23277,22.49113],[114.23269,22.49144],[114.23238,22.4914],[114.23241,22.49191],[114.23231,22.49224],[114.23215,22.4924],[114.2321,22.49265],[114.23168,22.49281],[114.23129,22.49267],[114.23121,22.49303],[114.23102,22.49331],[114.22983,22.49334],[114.22976,22.49352],[114.23,22.49403],[114.22991,22.4945],[114.2301,22.49486],[114.23018,22.49522],[114.22986,22.49585],[114.23004,22.4962],[114.23062,22.49655],[114.23097,22.49722],[114.23105,22.49795],[114.23114,22.4981],[114.2311,22.49834],[114.23155,22.49882],[114.23133,22.4992],[114.2315,22.50019],[114.23146,22.50054],[114.23155,22.50071],[114.23177,22.50086],[114.23207,22.50092],[114.23344,22.50103],[114.23391,22.50113],[114.23445,22.50111],[114.23537,22.50184],[114.23551,22.50214],[114.23532,22.50242],[114.23549,22.50268],[114.23589,22.5028],[114.23601,22.50295],[114.23644,22.50313]]},"properties":{"TRAIL_ID":"nat_4","TRAIL_NAME_EN":"PAT SIN LENG NATURE TRAIL","TRAIL_NAME_TC":"八仙嶺自然教育徑","SECTION_NO":"0","TYPE_EN":"Nature Trail","TYPE_TC":"自然教育徑","DIFFICULTY_EN":"Moderate","DIFFICULTY_TC":"普通","REGION_EN":"North New Territories","REGION_TC":"新界北區","STARTpt_EN":"Tai Mei Tuk Management Centre","STARTpt_TC":"大美督郊野公園管理站","FINISHpt_EN":"Bride's Pool","FINISHpt_TC":"新娘潭","WEBSITE":"https://www.hiking.gov.hk/trail/info/id/SmRaQXBzUy9DSHY1YlRSQjA3QVE5QT09","TEL":"1823","MEASURE_LEN":4000,"name_en":"Pat Sin Leng Nature Trail","name_tc":"八仙嶺自然教育徑","parent_id":null,"parent_en":null,"parent_tc":null,"parks_en":[],"parks_tc":[],"has_distance_posts":false,"mapped_length_m":4538,"length_mismatch":true,"branching":false,"direction_verified_by":"place_names","loop":false}},{"type":"Feature","geometry":{"type":"LineString","coordinates":[[114.23653,22.50322],[114.23647,22.50336],[114.23678,22.50352],[114.23754,22.50323],[114.23809,22.50318],[114.23879,22.50371],[114.23941,22.50367],[114.23957,22.50356],[114.23964,22.50335],[114.23958,22.50327],[114.23903,22.50311],[114.23892,22.50318],[114.23877,22.50283],[114.23877,22.50227],[114.23847,22.5023],[114.23825,22.50224],[114.23755,22.50243],[114.23721,22.5026],[114.23653,22.50322]]},"properties":{"TRAIL_ID":"nat_5","TRAIL_NAME_EN":"BRIDE'S POOL NATURE TRAIL","TRAIL_NAME_TC":"新娘潭自然教育徑","SECTION_NO":"0","TYPE_EN":"Nature Trail","TYPE_TC":"自然教育徑","DIFFICULTY_EN":"Easy","DIFFICULTY_TC":"易行","REGION_EN":"North New Territories","REGION_TC":"新界北區","STARTpt_EN":"Bride's Pool","STARTpt_TC":"新娘潭","FINISHpt_EN":"Bride's Pool","FINISHpt_TC":"新娘潭","WEBSITE":"https://www.hiking.gov.hk/trail/info/id/T2lic3MxTlFSUnVjZUQ2dGxOb25iQT09","TEL":"1823","MEASURE_LEN":700,"name_en":"Bride's Pool Nature Trail","name_tc":"新娘潭自然教育徑","parent_id":null,"parent_en":null,"parent_tc":null,"parks_en":[],"parks_tc":[],"has_distance_posts":false,"mapped_length_m":866,"length_mismatch":true,"branching":false,"direction_verified_by":null,"loop":true}},{"type":"Feature","geometry":{"type":"LineString","coordinates":[[114.03278,22.4096],[114.03309,22.40943],[114.0334,22.40937],[114.03355,22.40923],[114.03361,22.40894],[114.03373,22.40882],[114.03391,22.40911],[114.03387,22.40937],[114.03393,22.40953],[114.03423,22.40959],[114.03458,22.40948],[114.0348,22.40989],[114.03508,22.41003],[114.03536,22.40996],[114.03549,22.41002],[114.03555,22.41027],[114.03572,22.41051],[114.0362,22.41049],[114.03625,22.41063],[114.03618,22.41073],[114.03632,22.41097],[114.03641,22.41097],[114.03657,22.4108],[114.03674,22.41126],[114.03693,22.41141],[114.03706,22.41139],[114.03722,22.411],[114.03776,22.41054],[114.03766,22.41033],[114.03779,22.41016],[114.03776,22.40996],[114.03849,22.40973],[114.03889,22.40936],[114.03923,22.4092],[114.03937,22.4085],[114.03968,22.40823],[114.03987,22.40821],[114.0399,22.40803],[114.04017,22.40781],[114.04021,22.40747],[114.04054,22.40718],[114.0406,22.40679],[114.04088,22.40644],[114.04141,22.40538],[114.04192,22.40519],[114.04198,22.40493],[114.04248,22.40433],[114.04197,22.40425],[114.04168,22.40384],[114.04132,22.40397],[114.04072,22.40396],[114.03992,22.40445],[114.03995,22.40502],[114.03949,22.40548],[114.03915,22.40541],[114.03858,22.40563],[114.03821,22.40539],[114.03744,22.40533],[114.03726,22.40516],[114.03688,22.40507],[114.03667,22.40549],[114.03633,22.40554],[114.03617,22.40545],[114.03603,22.40572],[114.03594,22.40572]]},"properties":{"TRAIL_ID":"nat_6","TRAIL_NAME_EN":"TAI TONG NATURE TRAIL","TRAIL_NAME_TC":"大棠自然教育徑","SECTION_NO":"0","TYPE_EN":"Nature Trail","TYPE_TC":"自然教育徑","DIFFICULTY_EN":"Moderate","DIFFICULTY_TC":"普通","REGION_EN":"West New Territories","REGION_TC":"新界西區","STARTpt_EN":"Tai Tong Barbecue Area","STARTpt_TC":"大棠燒烤場","FINISHpt_EN":"Tai Tong Management Centre","FINISHpt_TC":"大棠郊野公園管理站","WEBSITE":"https://www.hiking.gov.hk/trail/info/id/d2pnTThIZnFwWWt5akVXc1NSeGxLdz09","TEL":"1823","MEASURE_LEN":3200,"name_en":"Tai Tong Nature Trail","name_tc":"大棠自然教育徑","parent_id":null,"parent_en":null,"parent_tc":null,"parks_en":[],"parks_tc":[],"has_distance_posts":false,"mapped_length_m":2707,"length_mismatch":true,"branching":false,"direction_verified_by":null,"loop":false}},{"type":"Feature","geometry":{"type":"LineString","coordinates":[[114.16045,22.25372],[114.16088,22.25304],[114.16093,22.25279],[114.16116,22.25247],[114.16131,22.25236],[114.16188,22.25146],[114.16255,22.251],[114.16282,22.25167],[114.16292,22.25218],[114.16327,22.25232],[114.16355,22.25235],[114.16361,22.25245],[114.16334,22.25283],[114.16333,22.25297],[114.16348,22.25321],[114.16336,22.2534],[114.16338,22.25371],[114.16322,22.25384],[114.1633,22.25406],[114.16325,22.25422],[114.16296,22.25422],[114.16276,22.25444],[114.16259,22.25447],[114.16233,22.25487],[114.16229,22.25521],[114.16216,22.25545],[114.16226,22.25563],[114.16255,22.25567],[114.16316,22.25546],[114.16347,22.25568],[114.16408,22.25583],[114.16427,22.25618],[114.16424,22.25642],[114.16337,22.25631]]},"properties":{"TRAIL_ID":"nat_7","TRAIL_NAME_EN":"ABERDEEN NATURE TRAIL","TRAIL_NAME_TC":"香港仔自然教育徑","SECTION_NO":"0","TYPE_EN":"Nature Trail","TYPE_TC":"自然教育徑","DIFFICULTY_EN":"Easy","DIFFICULTY_TC":"易行","REGION_EN":"Hong Kong Island","REGION_TC":"香港島","STARTpt_EN":"Lower Aberdeen Reservoir","STARTpt_TC":"香港仔下水塘","FINISHpt_EN":"Upper Aberdeen Reservoir","FINISHpt_TC":"香港仔上水塘水壩","WEBSITE":"https://www.hiking.gov.hk/trail/info/id/UUVxMEg3eGVJSFpjbHdVQWtoOVdrQT09","TEL":"1823","MEASURE_LEN":1200,"name_en":"Aberdeen Nature Trail","name_tc":"香港仔自然教育徑","parent_id":null,"parent_en":null,"parent_tc":null,"parks_en":[],"parks_tc":[],"has_distance_posts":false,"mapped_length_m":1414,"length_mismatch":true,"branching":false,"direction_verified_by":null,"loop":false}},{"type":"Feature","geometry":{"type":"LineString","coordinates":[[114.14396,22.38498],[114.1446,22.3852],[114.14471,22.38528],[114.14475,22.38554],[114.14492,22.38569],[114.1452,22.38572],[114.14569,22.38595],[114.14588,22.38632],[114.14619,22.38638],[114.14631,22.38679],[114.14623,22.3869],[114.14598,22.3869],[114.14586,22.38699],[114.14606,22.38706],[114.1463,22.3875],[114.14631,22.38789],[114.14658,22.38824],[114.1465,22.38871],[114.14656,22.38895],[114.14691,22.38915],[114.14653,22.38972],[114.14656,22.38979],[114.14677,22.38983],[114.14676,22.39001]]},"properties":{"TRAIL_ID":"nat_8","TRAIL_NAME_EN":"PINEAPPLE DAM NATURE TRAIL","TRAIL_NAME_TC":"菠蘿壩自然教育徑","SECTION_NO":"0","TYPE_EN":"Nature Trail","TYPE_TC":"自然教育徑","DIFFICULTY_EN":"Easy","DIFFICULTY_TC":"易行","REGION_EN":"Central New Territories","REGION_TC":"新界中區","STARTpt_EN":"Pineapple Dam","STARTpt_TC":"菠蘿壩","FINISHpt_EN":"Pineapple Dam","FINISHpt_TC":"菠蘿壩","WEBSITE":"https://www.hiking.gov.hk/trail/info/id/dUNQblk0eTArL1RqVWVFWForbytaZz09","TEL":"1823","MEASURE_LEN":800,"name_en":"Pineapple Dam Nature Trail","name_tc":"菠蘿壩自然教育徑","parent_id":null,"parent_en":null,"parent_tc":null,"parks_en":[],"parks_tc":[],"has_distance_posts":false,"mapped_length_m":835,"length_mismatch":false,"branching":false,"direction_verified_by":null,"loop":false}},{"type":"Feature","geometry":{"type":"LineString","coordinates":[[114.18143,22.36416],[114.18118,22.36399],[114.18163,22.36344],[114.18176,22.36307],[114.1816,22.36267],[114.18152,22.36266],[114.18143,22.36283],[114.18115,22.36291],[114.18081,22.36317],[114.18068,22.36316],[114.18047,22.3628],[114.18014,22.3627],[114.18012,22.36255],[114.17992,22.36228],[114.17992,22.36202],[114.17946,22.36178],[114.17912,22.36195],[114.17902,22.36161],[114.17865,22.3615],[114.17819,22.36112],[114.17884,22.36108],[114.17864,22.36089],[114.17863,22.36062],[114.17879,22.36071],[114.17884,22.36059],[114.17901,22.36063],[114.17939,22.36053],[114.17996,22.36073],[114.18067,22.3606],[114.18145,22.36019],[114.18158,22.36025],[114.18171,22.36065]]},"properties":{"TRAIL_ID":"nat_9","TRAIL_NAME_EN":"HUNG MUI KUK NATURE TRAIL","TRAIL_NAME_TC":"紅梅谷自然教育徑","SECTION_NO":"0","TYPE_EN":"Nature Trail","TYPE_TC":"自然教育徑","DIFFICULTY_EN":"Moderate","DIFFICULTY_TC":"普通","REGION_EN":"Central New Territories","REGION_TC":"新界中區","STARTpt_EN":"Hung Mui Kuk","STARTpt_TC":"紅梅谷","FINISHpt_EN":"water catchment","FINISHpt_TC":"引水道","WEBSITE":"https://www.hiking.gov.hk/trail/info/id/YVpWWkg5S0gzMFJrWmZaSWVDWHZJZz09","TEL":"1823","MEASURE_LEN":1300,"name_en":"Hung Mui Kuk Nature Trail","name_tc":"紅梅谷自然教育徑","parent_id":null,"parent_en":null,"parent_tc":null,"parks_en":[],"parks_tc":[],"has_distance_posts":false,"mapped_length_m":1252,"length_mismatch":false,"branching":false,"direction_verified_by":"place_names","loop":false}},{"type":"Feature","geometry":{"type":"MultiLineString","coordinates":[[[114.31985,22.39724],[114.32,22.39735],[114.32015,22.39732],[114.32019,22.39733],[114.32022,22.39735],[114.32024,22.39736],[114.32025,22.39737]],[[114.32118,22.39803],[114.32112,22.39793],[114.32108,22.39788],[114.32107,22.39785],[114.32104,22.39781],[114.32101,22.39778],[114.32098,22.39772],[114.32082,22.39755]],[[114.32083,22.39789],[114.32064,22.39779],[114.32025,22.39737],[114.32035,22.39729],[114.32039,22.39725],[114.3204,22.39723],[114.32057,22.39684],[114.32097,22.39665],[114.32092,22.39662],[114.32087,22.39668]],[[114.32113,22.39795],[114.32111,22.39797],[114.32109,22.39798],[114.32103,22.39808],[114.32091,22.398],[114.32091,22.39796],[114.32103,22.3979],[114.32104,22.39789],[114.32106,22.39787],[114.32107,22.39785]],[[114.32051,22.39736],[114.32058,22.3973],[114.32051,22.39724],[114.32045,22.3973],[114.32051,22.39736]],[[114.32051,22.39736],[114.32082,22.39755]],[[114.32074,22.39783],[114.3209,22.39776],[114.32082,22.39755]],[[114.32045,22.3973],[114.32045,22.39716],[114.32061,22.39707],[114.32069,22.39687],[114.3206,22.39684],[114.32057,22.39705]]]},"properties":{"TRAIL_ID":"oth_3","TRAIL_NAME_EN":"PAK TAM CHUNG WHEELCHAIR TRAIL","TRAIL_NAME_TC":"北潭涌輪椅徑","SECTION_NO":"0","TYPE_EN":"Other Route","TYPE_TC":"其他路線","DIFFICULTY_EN":null,"DIFFICULTY_TC":null,"REGION_EN":"Sai Kung","REGION_TC":"西貢","STARTpt_EN":null,"STARTpt_TC":null,"FINISHpt_EN":null,"FINISHpt_TC":null,"WEBSITE":null,"TEL":"1823","MEASURE_LEN":640,"name_en":"Pak Tam Chung Wheelchair Trail","name_tc":"北潭涌輪椅徑","parent_id":null,"parent_en":null,"parent_tc":null,"parks_en":[],"parks_tc":[],"has_distance_posts":false,"mapped_length_m":612,"length_mismatch":false,"branching":true,"direction_verified_by":null,"loop":false}},{"type":"Feature","geometry":{"type":"LineString","coordinates":[[114.16072,22.25458],[114.16081,22.25464],[114.16088,22.25453],[114.16079,22.25444],[114.16086,22.25425],[114.16068,22.25411],[114.16056,22.2541],[114.16047,22.25438],[114.16061,22.25431],[114.16065,22.25437],[114.16049,22.2545],[114.16072,22.25458]]},"properties":{"TRAIL_ID":"oth_5","TRAIL_NAME_EN":"ABERDEEN WHEEL CHAIR TRAIL","TRAIL_NAME_TC":"香港仔輪椅徑","SECTION_NO":"0","TYPE_EN":"Other Route","TYPE_TC":"其他路線","DIFFICULTY_EN":null,"DIFFICULTY_TC":null,"REGION_EN":"Hong Kong Island","REGION_TC":"香港島","STARTpt_EN":null,"STARTpt_TC":null,"FINISHpt_EN":null,"FINISHpt_TC":null,"WEBSITE":null,"TEL":"1823","MEASURE_LEN":200,"name_en":"Aberdeen Wheel Chair Trail","name_tc":"香港仔輪椅徑","parent_id":null,"parent_en":null,"parent_tc":null,"parks_en":[],"parks_tc":[],"has_distance_posts":false,"mapped_length_m":212,"length_mismatch":false,"branching":false,"direction_verified_by":null,"loop":true}},{"type":"Feature","geometry":{"type":"LineString","coordinates":[[114.32102,22.39778],[114.32123,22.39789],[114.32137,22.39783],[114.32127,22.39753],[114.3214,22.39736],[114.32112,22.39702],[114.321,22.39698],[114.32093,22.39674],[114.32085,22.39669],[114.32055,22.39684],[114.32038,22.39725]]},"properties":{"TRAIL_ID":"oth_7","TRAIL_NAME_EN":"PAK TAM CHUNG HIKING PRACTICE TRAIL","TRAIL_NAME_TC":"北潭涌遠足研習徑","SECTION_NO":"0","TYPE_EN":"Other Route","TYPE_TC":"其他路線","DIFFICULTY_EN":null,"DIFFICULTY_TC":null,"REGION_EN":"Sai Kung","REGION_TC":"西貢","STARTpt_EN":null,"STARTpt_TC":null,"FINISHpt_EN":null,"FINISHpt_TC":null,"WEBSITE":null,"TEL":"1823","MEASURE_LEN":400,"name_en":"Pak Tam Chung Hiking Practice Trail","name_tc":"北潭涌遠足研習徑","parent_id":null,"parent_en":null,"parent_tc":null,"parks_en":[],"parks_tc":[],"has_distance_posts":false,"mapped_length_m":289,"length_mismatch":true,"branching":false,"direction_verified_by":null,"loop":false}},{"type":"Feature","geometry":{"type":"LineString","coordinates":[[114.17229,22.41893],[114.1724,22.41915],[114.17283,22.41928],[114.17328,22.41958],[114.17334,22.42003],[114.17314,22.42039],[114.17382,22.42109],[114.17377,22.42154],[114.17355,22.42207],[114.17396,22.42227],[114.17414,22.42275],[114.174,22.42312],[114.17406,22.42334],[114.17388,22.42342],[114.17377,22.42363],[114.1739,22.424],[114.17417,22.42414],[114.17428,22.4243],[114.17438,22.42483],[114.17498,22.42489],[114.17554,22.42518],[114.17569,22.42543],[114.17611,22.42525],[114.17621,22.42502],[114.17639,22.42491],[114.17646,22.42468],[114.17701,22.42421],[114.17755,22.42402],[114.17802,22.424],[114.17847,22.42384],[114.17879,22.42386],[114.17921,22.42377],[114.17909,22.42412],[114.17911,22.42468],[114.17869,22.42532],[114.17889,22.42564],[114.17912,22.42578],[114.1791,22.42608],[114.1788,22.42633],[114.17838,22.42656],[114.17823,22.42657],[114.17812,22.42675],[114.17796,22.42681],[114.17782,22.42699],[114.1769,22.4272],[114.17642,22.42767],[114.17635,22.4278],[114.17648,22.42818],[114.17629,22.42847],[114.17624,22.4287],[114.17582,22.42914],[114.17535,22.42943],[114.17555,22.42996],[114.17582,22.43014],[114.17556,22.43035],[114.17564,22.4305],[114.17618,22.43049],[114.17662,22.4304],[114.1776,22.43062],[114.1779,22.43041],[114.17868,22.43028],[114.17892,22.43064],[114.17936,22.43079],[114.17982,22.43072],[114.18013,22.43101],[114.18038,22.43109],[114.18041,22.43127],[114.18016,22.43154],[114.18024,22.43164],[114.18066,22.43114],[114.18038,22.43068],[114.18053,22.43038],[114.18054,22.43011],[114.1801,22.43],[114.18006,22.42982],[114.18053,22.42955],[114.181,22.42954],[114.18094,22.42936],[114.18069,22.42919],[114.18029,22.42874],[114.18037,22.42856],[114.18063,22.42859],[114.18059,22.42829],[114.18074,22.42798],[114.18121,22.42751],[114.18195,22.42732],[114.18229,22.4276],[114.18262,22.42774],[114.18272,22.4284],[114.18298,22.4284],[114.18348,22.42855],[114.18389,22.42846],[114.18417,22.42821],[114.18427,22.42789],[114.18447,22.42767],[114.18434,22.42712],[114.18442,22.42678],[114.18436,22.42654],[114.18456,22.42639],[114.18454,22.42617],[114.1848,22.42604],[114.18495,22.42563],[114.18548,22.42533],[114.18599,22.42521],[114.18613,22.42496],[114.18698,22.42446],[114.18671,22.4237],[114.1866,22.42357],[114.18651,22.42309],[114.18629,22.42303],[114.18592,22.42308],[114.18552,22.42293],[114.1851,22.42263],[114.18479,22.42273],[114.18454,22.42253],[114.18417,22.42258],[114.18405,22.42253],[114.18407,22.42183],[114.18436,22.42126],[114.18439,22.4209],[114.18431,22.42043],[114.18409,22.42026],[114.1839,22.4199],[114.18399,22.41925],[114.1836,22.41928],[114.18353,22.41918],[114.18356,22.41899],[114.18242,22.41851],[114.18235,22.41839],[114.18243,22.41821],[114.18231,22.41796],[114.18214,22.41802],[114.18141,22.41804],[114.18094,22.41821],[114.18077,22.41802],[114.18046,22.41808],[114.18048,22.41792],[114.18076,22.4177],[114.18072,22.41753],[114.18082,22.41732],[114.18051,22.41709],[114.18071,22.41691],[114.18051,22.4166],[114.18047,22.41638],[114.18081,22.41618],[114.18085,22.416],[114.18079,22.41582],[114.18055,22.41571],[114.17872,22.41592],[114.17833,22.41577],[114.17813,22.41561],[114.17801,22.41568],[114.17794,22.41595],[114.17766,22.41611],[114.17749,22.4161],[114.17735,22.41597],[114.17714,22.41595],[114.17696,22.41579],[114.17666,22.41598],[114.17651,22.41595],[114.1763,22.41605],[114.17597,22.41588],[114.17589,22.41565],[114.17575,22.41565],[114.1755,22.41594],[114.17551,22.41629],[114.17542,22.4164],[114.17474,22.41641],[114.17454,22.4165],[114.17433,22.41678],[114.17412,22.41688],[114.17316,22.41689],[114.17346,22.41735],[114.17347,22.41774],[114.17323,22.41801],[114.17273,22.41818],[114.17273,22.41847],[114.1725,22.41859],[114.17243,22.41886],[114.17229,22.41893]]},"properties":{"TRAIL_ID":"oth_9","TRAIL_NAME_EN":"TAI PO KAU BROWN WALK","TRAIL_NAME_TC":"大埔滘棕路","SECTION_NO":"0","TYPE_EN":"Forest Walk","TYPE_TC":"林徑","DIFFICULTY_EN":null,"DIFFICULTY_TC":null,"REGION_EN":"North New Territories","REGION_TC":"新界北區","STARTpt_EN":null,"STARTpt_TC":null,"FINISHpt_EN":null,"FINISHpt_TC":null,"WEBSITE":null,"TEL":"1823","MEASURE_LEN":7500,"name_en":"Tai Po Kau Brown Walk","name_tc":"大埔滘棕路","parent_id":null,"parent_en":null,"parent_tc":null,"parks_en":[],"parks_tc":[],"has_distance_posts":false,"mapped_length_m":7728,"length_mismatch":false,"branching":false,"direction_verified_by":null,"loop":true}},{"type":"Feature","geometry":{"type":"LineString","coordinates":[[114.17618,22.42961],[114.1764,22.43006],[114.17673,22.43008],[114.17693,22.43025],[114.17723,22.43029],[114.17756,22.43044],[114.17775,22.4303],[114.17821,22.43028],[114.17842,22.43012],[114.1787,22.43012],[114.17902,22.42984],[114.17928,22.43012],[114.17924,22.43031],[114.17909,22.43049],[114.17936,22.43064],[114.17993,22.43067],[114.18013,22.43101],[114.18042,22.43114],[114.1804,22.43128],[114.18016,22.43154],[114.18017,22.43163],[114.18028,22.43161],[114.18066,22.43117],[114.18038,22.43068],[114.18053,22.43038],[114.18054,22.43011],[114.1801,22.43],[114.18006,22.42982],[114.18053,22.42955],[114.18096,22.42956],[114.18101,22.42948],[114.18032,22.42879],[114.18031,22.42862],[114.18045,22.42853],[114.18063,22.42859],[114.18059,22.42829],[114.1807,22.42805],[114.18118,22.42753],[114.18151,22.42739],[114.18175,22.42739],[114.18193,22.42731],[114.1822,22.42747],[114.18241,22.42704],[114.18228,22.42673],[114.18211,22.42658],[114.18223,22.42628],[114.18217,22.42618],[114.18204,22.42614],[114.18195,22.42574],[114.18206,22.42536],[114.18201,22.42473],[114.1817,22.42455],[114.18164,22.42427],[114.18124,22.42383],[114.18114,22.42359],[114.1806,22.42338],[114.18054,22.42313],[114.18032,22.42308],[114.18007,22.42328],[114.17993,22.42375],[114.18007,22.42401],[114.17997,22.42427],[114.18006,22.42443],[114.18009,22.42484],[114.18052,22.42505],[114.18041,22.42513],[114.18012,22.42513],[114.17998,22.42524],[114.18029,22.42565],[114.17983,22.42613],[114.17992,22.42667],[114.17982,22.4268],[114.17929,22.42681],[114.17896,22.42707],[114.17867,22.42703],[114.17835,22.42717],[114.17823,22.42745],[114.17835,22.4276],[114.17826,22.42772],[114.17787,22.42781],[114.17774,22.42792],[114.17754,22.42792],[114.17748,22.42811],[114.17734,22.42819],[114.17749,22.42849],[114.1773,22.4289],[114.17709,22.429],[114.17695,22.42893],[114.17681,22.42896],[114.17665,22.42929],[114.17635,22.42939],[114.17618,22.42961]]},"properties":{"TRAIL_ID":"oth_10","TRAIL_NAME_EN":"TAI PO KAU RED WALK","TRAIL_NAME_TC":"大埔滘紅路","SECTION_NO":"0","TYPE_EN":"Forest Walk","TYPE_TC":"林徑","DIFFICULTY_EN":null,"DIFFICULTY_TC":null,"REGION_EN":"North New Territories","REGION_TC":"新界北區","STARTpt_EN":null,"STARTpt_TC":null,"FINISHpt_EN":null,"FINISHpt_TC":null,"WEBSITE":null,"TEL":"1823","MEASURE_LEN":3000,"name_en":"Tai Po Kau Red Walk","name_tc":"大埔滘紅路","parent_id":null,"parent_en":null,"parent_tc":null,"parks_en":[],"parks_tc":[],"has_distance_posts":false,"mapped_length_m":3279,"length_mismatch":false,"branching":false,"direction_verified_by":null,"loop":true}},{"type":"Feature","geometry":{"type":"LineString","coordinates":[[114.17229,22.41893],[114.1724,22.41915],[114.17283,22.41928],[114.17328,22.41958],[114.17334,22.42003],[114.17314,22.42039],[114.17382,22.42109],[114.17377,22.42154],[114.17355,22.42207],[114.17396,22.42227],[114.17414,22.42275],[114.174,22.42312],[114.17406,22.42334],[114.17388,22.42342],[114.17377,22.42363],[114.1739,22.424],[114.17417,22.42414],[114.17428,22.4243],[114.17438,22.42483],[114.17498,22.42489],[114.17554,22.42518],[114.17569,22.42543],[114.17611,22.42525],[114.17621,22.42502],[114.17639,22.42491],[114.17646,22.42468],[114.17701,22.42421],[114.17755,22.42402],[114.17802,22.424],[114.17847,22.42384],[114.17879,22.42386],[114.17921,22.42377],[114.17909,22.42412],[114.17911,22.42468],[114.17869,22.42532],[114.17889,22.42564],[114.17912,22.42578],[114.1791,22.42608],[114.1788,22.42633],[114.17838,22.42656],[114.17823,22.42657],[114.17812,22.42675],[114.17796,22.42681],[114.17782,22.42699],[114.1769,22.4272],[114.17642,22.42767],[114.17635,22.4278],[114.17648,22.42818],[114.17629,22.42847],[114.17624,22.4287],[114.17582,22.42914],[114.17535,22.42943],[114.17555,22.42996],[114.17582,22.43014],[114.17556,22.43035],[114.17564,22.4305],[114.17618,22.43049],[114.17662,22.4304],[114.1776,22.43062],[114.1779,22.43041],[114.17868,22.43028],[114.17892,22.43064],[114.17936,22.43079],[114.17982,22.43072],[114.18013,22.43101],[114.18038,22.43109],[114.18041,22.43127],[114.18016,22.43154],[114.18024,22.43164],[114.18066,22.43114],[114.18038,22.43068],[114.18053,22.43038],[114.18054,22.43011],[114.1801,22.43],[114.18006,22.42982],[114.18053,22.42955],[114.181,22.42954],[114.18094,22.42936],[114.18069,22.42919],[114.18029,22.42874],[114.18037,22.42856],[114.18063,22.42859],[114.18059,22.42829],[114.18074,22.42798],[114.18121,22.42751],[114.18195,22.42732],[114.18229,22.4276],[114.18262,22.42774],[114.18272,22.4284],[114.18298,22.4284],[114.18348,22.42855],[114.18389,22.42846],[114.18417,22.42821],[114.18427,22.42789],[114.18447,22.42767],[114.18434,22.42712],[114.18442,22.42678],[114.18436,22.42654],[114.18456,22.42639],[114.18454,22.42617],[114.1848,22.42604],[114.18495,22.42563],[114.18548,22.42533],[114.18599,22.42521],[114.18613,22.42496],[114.18698,22.42446],[114.18693,22.42467],[114.18659,22.42484],[114.1864,22.42505],[114.18629,22.42542],[114.1858,22.42581],[114.18575,22.42621],[114.18551,22.42662],[114.1855,22.4269],[114.18564,22.42746],[114.18625,22.42761],[114.18651,22.42785],[114.18702,22.42806],[114.18765,22.42816],[114.18793,22.42832],[114.18841,22.42824],[114.18879,22.42835],[114.18907,22.42829],[114.18994,22.4283],[114.19035,22.4281],[114.19067,22.42809],[114.19092,22.42793],[114.19098,22.42776],[114.19096,22.42748],[114.19075,22.42718],[114.19073,22.42698],[114.19108,22.42662],[114.1918,22.42616],[114.19191,22.42596],[114.19196,22.42554],[114.19207,22.42531],[114.19205,22.42474],[114.19184,22.42468],[114.19173,22.42453],[114.19136,22.42445],[114.1911,22.42429],[114.19107,22.42392],[114.19056,22.4238],[114.19056,22.42347],[114.19049,22.42336],[114.19031,22.4233],[114.1899,22.42299],[114.18925,22.42358],[114.18907,22.42348],[114.18887,22.42322],[114.18828,22.42324],[114.18771,22.42309],[114.18774,22.4228],[114.18792,22.4226],[114.1879,22.42251],[114.18756,22.42243],[114.18733,22.42202],[114.18687,22.42219],[114.18665,22.42249],[114.1866,22.42208],[114.18645,22.42196],[114.18623,22.42194],[114.18593,22.42172],[114.18572,22.42132],[114.18572,22.42111],[114.18561,22.42104],[114.18563,22.42065],[114.18601,22.42044],[114.18598,22.42018],[114.1862,22.41981],[114.1865,22.41988],[114.18683,22.41976],[114.18679,22.41957],[114.18691,22.41922],[114.18719,22.41896],[114.1871,22.4186],[114.18739,22.41852],[114.18755,22.41825],[114.18791,22.41815],[114.18829,22.41815],[114.18854,22.41792],[114.18909,22.41786],[114.18918,22.41781],[114.18913,22.41775],[114.1884,22.41766],[114.18801,22.41746],[114.18695,22.41736],[114.18654,22.41716],[114.18629,22.41739],[114.18627,22.41759],[114.18603,22.41761],[114.18591,22.41776],[114.18566,22.41776],[114.18558,22.41759],[114.1853,22.41745],[114.18522,22.41728],[114.18494,22.41755],[114.18489,22.4174],[114.18468,22.41726],[114.18437,22.41722],[114.18423,22.41701],[114.18428,22.41674],[114.18422,22.41666],[114.18381,22.41668],[114.18372,22.41656],[114.18356,22.41656],[114.18349,22.41641],[114.18324,22.41633],[114.18319,22.41609],[114.18292,22.41594],[114.18232,22.41601],[114.18205,22.41623],[114.18192,22.41626],[114.18178,22.41611],[114.18085,22.416],[114.18079,22.41582],[114.18052,22.4157],[114.17872,22.41592],[114.17833,22.41577],[114.17813,22.41561],[114.17801,22.41568],[114.17791,22.41597],[114.17771,22.4161],[114.17749,22.4161],[114.17736,22.41597],[114.17714,22.41595],[114.17696,22.41579],[114.17666,22.41598],[114.17651,22.41595],[114.17627,22.41604],[114.17597,22.41588],[114.1759,22.41567],[114.17582,22.41564],[114.1757,22.41568],[114.1755,22.41594],[114.17551,22.41629],[114.17542,22.4164],[114.17474,22.41641],[114.17454,22.4165],[114.17433,22.41678],[114.17412,22.41688],[114.17316,22.41689],[114.17346,22.41735],[114.17347,22.41774],[114.17323,22.41801],[114.17273,22.41818],[114.17273,22.41847],[114.1725,22.41859],[114.17243,22.41886],[114.17229,22.41893]]},"properties":{"TRAIL_ID":"oth_11","TRAIL_NAME_EN":"TAI PO KAU YELLOW WALK","TRAIL_NAME_TC":"大埔滘黃路","SECTION_NO":"0","TYPE_EN":"Forest Walk","TYPE_TC":"林徑","DIFFICULTY_EN":null,"DIFFICULTY_TC":null,"REGION_EN":"North New Territories","REGION_TC":"新界北區","STARTpt_EN":null,"STARTpt_TC":null,"FINISHpt_EN":null,"FINISHpt_TC":null,"WEBSITE":null,"TEL":"1823","MEASURE_LEN":10000,"name_en":"Tai Po Kau Yellow Walk","name_tc":"大埔滘黃路","parent_id":null,"parent_en":null,"parent_tc":null,"parks_en":[],"parks_tc":[],"has_distance_posts":false,"mapped_length_m":10341,"length_mismatch":false,"branching":false,"direction_verified_by":null,"loop":true}},{"type":"Feature","geometry":{"type":"LineString","coordinates":[[114.17535,22.42946],[114.17555,22.42996],[114.17582,22.43014],[114.17556,22.43035],[114.17564,22.4305],[114.17618,22.43049],[114.17662,22.4304],[114.1776,22.43062],[114.1779,22.43041],[114.17868,22.43028],[114.17892,22.43064],[114.17936,22.43079],[114.17982,22.43072],[114.18013,22.43101],[114.18038,22.43109],[114.18041,22.43127],[114.18016,22.43154],[114.18024,22.43164],[114.18066,22.43114],[114.18038,22.43068],[114.18053,22.43038],[114.18054,22.43011],[114.1801,22.43],[114.18006,22.42982],[114.18053,22.42955],[114.18096,22.42956],[114.18101,22.42948],[114.18032,22.42879],[114.18031,22.42862],[114.18045,22.42853],[114.18063,22.42859],[114.18059,22.42829],[114.1807,22.42805],[114.18118,22.42753],[114.18151,22.42739],[114.18175,22.42739],[114.18193,22.42731],[114.1822,22.42747],[114.1824,22.42706],[114.18228,22.42673],[114.18211,22.42658],[114.18223,22.42628],[114.18217,22.42618],[114.18204,22.42614],[114.18195,22.42574],[114.18206,22.42536],[114.18201,22.42473],[114.1817,22.42455],[114.18164,22.42427],[114.18124,22.42383],[114.18114,22.42359],[114.18066,22.4234],[114.18079,22.4231],[114.18091,22.42246],[114.18082,22.42241],[114.18064,22.42256],[114.17946,22.42253],[114.1792,22.42236],[114.1791,22.42213],[114.17895,22.42219],[114.17869,22.42207],[114.17842,22.4221],[114.17811,22.42191],[114.17821,22.42144],[114.17879,22.42081],[114.17877,22.42061],[114.17852,22.42025],[114.17844,22.4203],[114.17858,22.42065],[114.17852,22.42089],[114.17774,22.42171],[114.17777,22.42201],[114.1781,22.42234],[114.17779,22.42278],[114.17794,22.42281],[114.1781,22.42298],[114.17845,22.42295],[114.17856,22.42244],[114.17899,22.42298],[114.17895,22.42335],[114.17922,22.4237],[114.17909,22.42412],[114.17912,22.42461],[114.17869,22.42532],[114.17889,22.42564],[114.17912,22.42578],[114.17911,22.42608],[114.1788,22.42633],[114.17838,22.42656],[114.17823,22.42657],[114.17812,22.42675],[114.17796,22.42681],[114.17782,22.42699],[114.17693,22.42719],[114.17679,22.42729],[114.17635,22.42778],[114.17648,22.42818],[114.17629,22.42847],[114.17624,22.4287],[114.17603,22.42896],[114.17535,22.42946]]},"properties":{"TRAIL_ID":"oth_12","TRAIL_NAME_EN":"TAI PO KAU BLUE WALK","TRAIL_NAME_TC":"大埔滘藍路","SECTION_NO":"0","TYPE_EN":"Forest Walk","TYPE_TC":"林徑","DIFFICULTY_EN":null,"DIFFICULTY_TC":null,"REGION_EN":"North New Territories","REGION_TC":"新界北區","STARTpt_EN":null,"STARTpt_TC":null,"FINISHpt_EN":null,"FINISHpt_TC":null,"WEBSITE":null,"TEL":"1823","MEASURE_LEN":4000,"name_en":"Tai Po Kau Blue Walk","name_tc":"大埔滘藍路","parent_id":null,"parent_en":null,"parent_tc":null,"parks_en":[],"parks_tc":[],"has_distance_posts":false,"mapped_length_m":4357,"length_mismatch":false,"branching":false,"direction_verified_by":null,"loop":true}},{"type":"Feature","geometry":{"type":"LineString","coordinates":[[114.10367,22.4225],[114.10369,22.42228],[114.10351,22.42204],[114.10342,22.42205],[114.10336,22.42196],[114.10328,22.42127],[114.10313,22.42112],[114.10281,22.42108],[114.10263,22.4209],[114.1026,22.42042],[114.10201,22.41997],[114.10159,22.41979],[114.10129,22.41951],[114.10085,22.41949],[114.10044,22.41909],[114.09991,22.41893],[114.09971,22.41878],[114.09976,22.41866],[114.1,22.41856],[114.10029,22.41827],[114.10004,22.41767],[114.10004,22.41732],[114.1003,22.41744],[114.10052,22.41735],[114.10125,22.41609],[114.10133,22.41611],[114.10143,22.41635],[114.1016,22.41647],[114.10208,22.41667],[114.10235,22.41648],[114.10252,22.41612],[114.10281,22.41583],[114.1032,22.41596],[114.10347,22.41579],[114.10391,22.41585],[114.10414,22.41581],[114.10465,22.41622],[114.1046,22.41532],[114.10403,22.41494],[114.10343,22.41469],[114.10332,22.41451],[114.10326,22.41413],[114.10309,22.41389],[114.10253,22.41365],[114.10242,22.41346],[114.10251,22.41322],[114.10244,22.41301],[114.1023,22.41292],[114.10163,22.41268],[114.10154,22.4127],[114.10153,22.41312],[114.10143,22.41319],[114.10097,22.41326],[114.1009,22.41316],[114.10096,22.41308],[114.10091,22.41278],[114.10036,22.4125],[114.10006,22.41198],[114.10046,22.41183],[114.10039,22.41175],[114.09997,22.41166],[114.09989,22.41147],[114.09988,22.41133],[114.10005,22.41112],[114.10006,22.411],[114.09961,22.41006],[114.09958,22.40955],[114.10056,22.40948],[114.10083,22.40977],[114.10128,22.40968],[114.10154,22.40991],[114.10213,22.40996],[114.10228,22.41039],[114.10242,22.41044],[114.10264,22.41022],[114.10278,22.41028],[114.10296,22.41072],[114.10317,22.41091],[114.10377,22.41081],[114.10378,22.41055],[114.10386,22.41047],[114.10397,22.41047],[114.10443,22.411],[114.10496,22.41032],[114.10499,22.41],[114.10481,22.40985],[114.1048,22.40971],[114.1047,22.40961],[114.10481,22.40919],[114.10473,22.40883],[114.10482,22.40821],[114.10502,22.40781]]},"properties":{"TRAIL_ID":"oth_21","TRAIL_NAME_EN":"KAP LUNG FOREST TRAIL","TRAIL_NAME_TC":"甲龍林徑","SECTION_NO":"0","TYPE_EN":"Other Route","TYPE_TC":"其他路線","DIFFICULTY_EN":"Moderate","DIFFICULTY_TC":"普通","REGION_EN":"West New Territories","REGION_TC":"新界西區","STARTpt_EN":null,"STARTpt_TC":null,"FINISHpt_EN":null,"FINISHpt_TC":null,"WEBSITE":null,"TEL":"1823","MEASURE_LEN":3900,"name_en":"Kap Lung Forest Trail","name_tc":"甲龍林徑","parent_id":null,"parent_en":null,"parent_tc":null,"parks_en":[],"parks_tc":[],"has_distance_posts":false,"mapped_length_m":3833,"length_mismatch":false,"branching":false,"direction_verified_by":null,"loop":false}},{"type":"Feature","geometry":{"type":"LineString","coordinates":[[114.1445,22.37774],[114.14462,22.37753],[114.14448,22.37702],[114.14453,22.37692],[114.145,22.37677],[114.14516,22.37659],[114.14546,22.37642],[114.14559,22.37587],[114.14587,22.37569],[114.14586,22.37528],[114.14555,22.37507],[114.14558,22.3749]]},"properties":{"TRAIL_ID":"oth_24","TRAIL_NAME_EN":"WAR RELICS TRAIL (SHING MUN)","TRAIL_NAME_TC":"戰地遺跡徑 (城門)","SECTION_NO":"0","TYPE_EN":"Other Route","TYPE_TC":"其他路線","DIFFICULTY_EN":"Easy","DIFFICULTY_TC":"易行","REGION_EN":"Central New Territories","REGION_TC":"新界中區","STARTpt_EN":"Memorial Arch of MacLehose Trail Section 6 at Barbecue Site No.5","STARTpt_TC":"位於5號燒烤場的麥理浩徑第六段的牌坊","FINISHpt_EN":"Located at Observation Post. Take the return route to Shing Mun or go to Kam Shan via MacLehose Trail Section 6","FINISHpt_TC":"位於砲兵觀察所。可沿路返回城門或沿麥理浩徑第六段前往金山","WEBSITE":"https://www.hiking.gov.hk/trail/info/id/NTdJUjdNOGM2REpMSEZydGkwNHJSQT09","TEL":"1823","MEASURE_LEN":400,"name_en":"War Relics Trail (Shing Mun)","name_tc":"戰地遺跡徑 (城門)","parent_id":null,"parent_en":null,"parent_tc":null,"parks_en":[],"parks_tc":[],"has_distance_posts":false,"mapped_length_m":418,"length_mismatch":false,"branching":false,"direction_verified_by":null,"loop":false}},{"type":"Feature","geometry":{"type":"LineString","coordinates":[[114.22093,22.36125],[114.22057,22.36121],[114.22018,22.36145],[114.22009,22.3616],[114.22005,22.36202],[114.2198,22.36236],[114.21985,22.36158],[114.22001,22.36112],[114.21969,22.361],[114.21942,22.36101],[114.21933,22.36084],[114.21903,22.36064],[114.21885,22.36031],[114.21867,22.36038],[114.21847,22.36074],[114.21788,22.36096],[114.21738,22.36071],[114.21685,22.36025],[114.21645,22.36004],[114.21596,22.35966],[114.21576,22.35938],[114.21545,22.35937],[114.21522,22.35922],[114.21492,22.35913],[114.2147,22.35938],[114.21427,22.35959],[114.2138,22.35956],[114.21374,22.35973],[114.21364,22.35978],[114.21308,22.35972],[114.21282,22.3598],[114.213,22.35928],[114.21317,22.35923],[114.21318,22.3591],[114.2131,22.35901],[114.21339,22.35888],[114.2132,22.35868],[114.2134,22.35857],[114.21316,22.3584],[114.21332,22.35839],[114.21324,22.35822],[114.21356,22.35812],[114.21326,22.35797],[114.21355,22.35782],[114.21343,22.35771],[114.21362,22.35761],[114.21347,22.35738],[114.21355,22.35722],[114.21351,22.35714],[114.21378,22.35702],[114.21391,22.35685],[114.21413,22.35632],[114.21419,22.35589],[114.21437,22.35578],[114.21329,22.35578],[114.21264,22.35564],[114.21195,22.35539],[114.21152,22.35535],[114.21099,22.35519],[114.21057,22.35539],[114.21027,22.35538],[114.21002,22.35546],[114.20961,22.35581],[114.20906,22.35591],[114.2081,22.35516],[114.20728,22.35499],[114.20695,22.35472],[114.20662,22.35474],[114.20623,22.35493],[114.20473,22.35498],[114.20445,22.35489],[114.2037,22.35434],[114.20336,22.35442],[114.20291,22.35434],[114.20254,22.35441],[114.20235,22.35464],[114.20219,22.3547],[114.20123,22.35443],[114.20069,22.35469],[114.2002,22.3546],[114.20004,22.35474],[114.19988,22.35512],[114.1996,22.35539],[114.19891,22.35557],[114.19873,22.35546],[114.19839,22.35567],[114.19834,22.3556],[114.1983,22.35568],[114.19826,22.35559],[114.19826,22.3554],[114.19813,22.3555],[114.19809,22.35536],[114.19792,22.35528],[114.19759,22.35555],[114.19706,22.35566],[114.19586,22.35568],[114.19542,22.3556],[114.19456,22.35578],[114.1942,22.35568],[114.19387,22.35593],[114.19359,22.35627],[114.19348,22.35631],[114.1931,22.35685],[114.19292,22.35676],[114.19276,22.3569],[114.19255,22.35656],[114.19238,22.35649],[114.1924,22.35624],[114.19218,22.35609],[114.192,22.35617],[114.19171,22.35556],[114.19153,22.35547],[114.19106,22.35555],[114.19082,22.35511],[114.19087,22.35491],[114.19058,22.35462],[114.18997,22.35491],[114.18986,22.35512],[114.18959,22.3553],[114.18939,22.35526],[114.18927,22.35483],[114.18907,22.35466],[114.1889,22.35487],[114.18873,22.35494],[114.1885,22.35495],[114.18823,22.3548],[114.18799,22.3548],[114.18792,22.35505],[114.1878,22.35517],[114.18726,22.35526],[114.18717,22.35519],[114.18711,22.35484],[114.18684,22.35481],[114.18657,22.35458],[114.18636,22.35453],[114.18631,22.3544],[114.18598,22.35432],[114.18588,22.35416],[114.18577,22.35415],[114.18561,22.35425],[114.1855,22.35395],[114.18507,22.35376],[114.18404,22.35391],[114.18378,22.35377],[114.18362,22.35378],[114.18339,22.35394],[114.18327,22.35421],[114.18307,22.35426],[114.18291,22.35412],[114.18299,22.35399],[114.18294,22.35378],[114.18255,22.35342],[114.18262,22.353],[114.18257,22.35285],[114.18235,22.35267],[114.18222,22.35242],[114.18189,22.35229],[114.18187,22.35209],[114.18174,22.35195],[114.1818,22.3509],[114.18088,22.35013],[114.18047,22.35017],[114.17938,22.34996],[114.17877,22.35006],[114.17851,22.34994],[114.17824,22.35003],[114.17769,22.34998],[114.17744,22.35018],[114.17708,22.35027],[114.17657,22.35015],[114.1763,22.35051],[114.17613,22.35063],[114.17575,22.35056],[114.17498,22.35065],[114.17445,22.35054],[114.17417,22.35042],[114.1739,22.35019],[114.17356,22.35009],[114.17305,22.35031],[114.17276,22.35021],[114.17239,22.35026],[114.17208,22.35013],[114.17187,22.35016],[114.17139,22.34996],[114.17093,22.34991],[114.17068,22.34981],[114.17052,22.34965],[114.17061,22.3493],[114.17032,22.34905],[114.17018,22.34904],[114.16998,22.34914],[114.16954,22.34956]]},"properties":{"TRAIL_ID":"oth_22","TRAIL_NAME_EN":"LION ROCK WAR RELICS TRAIL","TRAIL_NAME_TC":"獅子山戰地遺跡徑","SECTION_NO":"0","TYPE_EN":"Recommended Route","TYPE_TC":"特色路線","DIFFICULTY_EN":"Difficult","DIFFICULTY_TC":"難行","REGION_EN":"Central New Territories","REGION_TC":"新界中區","STARTpt_EN":"Tate's Cairn (Gilwell Campsite)","STARTpt_TC":"大老山近基維爾營","FINISHpt_EN":"Beacon Hill","FINISHpt_TC":"筆架山","WEBSITE":"https://www.hiking.gov.hk/trail/info/id/cFFCTzVsK0N3K21MeW1kRGdDVGppQT09","TEL":"1823","MEASURE_LEN":8200,"name_en":"Lion Rock War Relics Trail","name_tc":"獅子山戰地遺跡徑","parent_id":null,"parent_en":null,"parent_tc":null,"parks_en":[],"parks_tc":[],"has_distance_posts":false,"mapped_length_m":7999,"length_mismatch":false,"branching":false,"direction_verified_by":"place_names","loop":false}},{"type":"Feature","geometry":{"type":"MultiLineString","coordinates":[[[113.97825,22.29249],[113.97826,22.29249]],[[113.97825,22.29249],[113.97873,22.29189],[113.9789,22.29149],[113.97878,22.29065],[113.97888,22.29015],[113.97877,22.28976],[113.97874,22.28925],[113.97878,22.2892],[113.97902,22.28924],[113.97905,22.28907],[113.97912,22.28903],[113.97952,22.28911],[113.98013,22.28877],[113.98038,22.28875],[113.98066,22.2886],[113.98088,22.28823],[113.98141,22.28767],[113.98169,22.28753],[113.98172,22.28698],[113.98152,22.28659],[113.98197,22.28567],[113.982,22.2854],[113.98182,22.28514],[113.98189,22.28486],[113.98184,22.2846],[113.98202,22.28441],[113.98249,22.28422],[113.98277,22.28425],[113.98286,22.28418],[113.98331,22.28372],[113.98353,22.28336],[113.98317,22.28325],[113.98321,22.28302],[113.98303,22.28275],[113.98315,22.28244],[113.98351,22.28194],[113.98364,22.28144],[113.984,22.28112],[113.98494,22.28056],[113.98536,22.28004],[113.98561,22.28002]],[[113.98877,22.27713],[113.98887,22.27664],[113.98881,22.27638],[113.98919,22.27632],[113.98944,22.27595],[113.98911,22.27539],[113.98918,22.27511],[113.98932,22.27495],[113.98927,22.27465],[113.9894,22.27433],[113.98975,22.27414],[113.98978,22.27403],[113.98999,22.27391],[113.99002,22.27382],[113.99086,22.27371],[113.9909,22.27361],[113.99081,22.2729],[113.99116,22.27312],[113.99143,22.27307],[113.99157,22.27298],[113.99203,22.27232],[113.99198,22.2721],[113.99169,22.27166],[113.99083,22.27155],[113.99023,22.27089],[113.99008,22.27083]],[[113.96767,22.29795],[113.9681,22.29748],[113.96871,22.29728],[113.9693,22.29721],[113.96945,22.29713],[113.96997,22.29652],[113.9701,22.29616],[113.97051,22.29609],[113.9706,22.29583],[113.97127,22.29581],[113.97196,22.29568],[113.97229,22.29532],[113.97241,22.295],[113.97257,22.29484],[113.97378,22.29395],[113.97438,22.29373],[113.97461,22.29337],[113.97476,22.29333],[113.9749,22.29341],[113.97507,22.29335],[113.97534,22.2934],[113.97541,22.29313],[113.97518,22.29275],[113.97535,22.29251],[113.97555,22.29253],[113.97581,22.29244],[113.97675,22.29193],[113.97749,22.2919],[113.97774,22.29173],[113.97812,22.29205],[113.97808,22.29231],[113.97825,22.29249]],[[113.99012,22.27083],[113.99007,22.27047],[113.9902,22.27014],[113.99124,22.26961],[113.99158,22.26931],[113.99209,22.26915],[113.99224,22.26897],[113.99239,22.26849]],[[113.97825,22.2925],[113.97825,22.29249]],[[113.9856,22.28002],[113.98581,22.28012],[113.98592,22.27989],[113.98611,22.27981],[113.98672,22.27991],[113.98679,22.27974],[113.98706,22.2797],[113.98716,22.27937],[113.98776,22.27926],[113.98801,22.27941],[113.98833,22.27939],[113.98822,22.27907],[113.98841,22.2787],[113.98841,22.27839],[113.98873,22.27809],[113.98879,22.27786],[113.98902,22.27765],[113.98881,22.27742],[113.98879,22.27705]]]},"properties":{"TRAIL_ID":"oth_20","TRAIL_NAME_EN":"HONG KONG OLYMPIC TRAIL","TRAIL_NAME_TC":"香港奧運徑","SECTION_NO":"0","TYPE_EN":"Other Route","TYPE_TC":"其他路線","DIFFICULTY_EN":null,"DIFFICULTY_TC":null,"REGION_EN":"Lantau Island","REGION_TC":"大嶼山","STARTpt_EN":null,"STARTpt_TC":null,"FINISHpt_EN":null,"FINISHpt_TC":null,"WEBSITE":null,"TEL":"1823","MEASURE_LEN":5600,"name_en":"Hong Kong Olympic Trail","name_tc":"香港奧運徑","parent_id":null,"parent_en":null,"parent_tc":null,"parks_en":[],"parks_tc":[],"has_distance_posts":false,"mapped_length_m":5605,"length_mismatch":false,"branching":true,"direction_verified_by":null,"loop":false}},{"type":"Feature","geometry":{"type":"MultiLineString","coordinates":[[[114.15884,22.25336],[114.1587,22.25332]],[[114.15884,22.25336],[114.15901,22.25351],[114.15897,22.25341]],[[114.15889,22.25371],[114.1588,22.25348],[114.15884,22.25336]]]},"properties":{"TRAIL_ID":"oth_25","TRAIL_NAME_EN":"ABERDEEN KIDS WALK","TRAIL_NAME_TC":"香港仔兒童研習徑","SECTION_NO":"0","TYPE_EN":"Other Route","TYPE_TC":"其他路線","DIFFICULTY_EN":"Easy","DIFFICULTY_TC":"易行","REGION_EN":"Hong Kong Island","REGION_TC":"香港島","STARTpt_EN":"The entrance of Aberdeen Country Park near Yue Kwong Chuen","STARTpt_TC":"香港仔郊野公園近漁光村入口","FINISHpt_EN":"The entrance of Aberdeen Country Park near Yue Kwong Chuen","FINISHpt_TC":"香港仔郊野公園近漁光村入口","WEBSITE":null,"TEL":"1823","MEASURE_LEN":112,"name_en":"Aberdeen Kids Walk","name_tc":"香港仔兒童研習徑","parent_id":null,"parent_en":null,"parent_tc":null,"parks_en":[],"parks_tc":[],"has_distance_posts":false,"mapped_length_m":106,"length_mismatch":false,"branching":true,"direction_verified_by":null,"loop":true}},{"type":"Feature","geometry":{"type":"LineString","coordinates":[[114.26985,22.55159],[114.26978,22.5513],[114.26905,22.5513],[114.26877,22.55154],[114.2686,22.55191],[114.2685,22.55244],[114.26837,22.55263],[114.26838,22.55287],[114.26816,22.55327],[114.26796,22.55343],[114.26801,22.55352]]},"properties":{"TRAIL_ID":"oth_27","TRAIL_NAME_EN":"AP CHAU GEOSITE","TRAIL_NAME_TC":"鴨洲地質景點","SECTION_NO":"0","TYPE_EN":"Geo Route","TYPE_TC":"地質路線","DIFFICULTY_EN":"Easy","DIFFICULTY_TC":"易行","REGION_EN":"North New Territories","REGION_TC":"新界北區","STARTpt_EN":"Ap Chau Story Room","STARTpt_TC":"鴨洲故事館","FINISHpt_EN":"Wave-cut platform","FINISHpt_TC":"海蝕平台","WEBSITE":"https://www.hiking.gov.hk/trail/info/id/TmZqUWFZMmJwU1hoKzNwVlA0aXErQT09","TEL":"1823","MEASURE_LEN":500,"name_en":"Ap Chau Geosite","name_tc":"鴨洲地質景點","parent_id":null,"parent_en":null,"parent_tc":null,"parks_en":[],"parks_tc":[],"has_distance_posts":false,"mapped_length_m":395,"length_mismatch":true,"branching":false,"direction_verified_by":null,"loop":false}},{"type":"Feature","geometry":{"type":"LineString","coordinates":[[114.29959,22.45647],[114.29948,22.4566],[114.29897,22.4566],[114.29811,22.45612],[114.29723,22.45614],[114.29647,22.45577],[114.29514,22.45592]]},"properties":{"TRAIL_ID":"oth_29","TRAIL_NAME_EN":"LAI CHI CHONG GEOSITE","TRAIL_NAME_TC":"荔枝莊地質景點","SECTION_NO":"0","TYPE_EN":"Geo Route","TYPE_TC":"地質路線","DIFFICULTY_EN":"Easy","DIFFICULTY_TC":"易行","REGION_EN":"Sai Kung","REGION_TC":"西貢","STARTpt_EN":"Lai Chi Chong Pier","STARTpt_TC":"荔枝莊碼頭","FINISHpt_EN":"Lai Chi Chong Pier","FINISHpt_TC":"荔枝莊碼頭","WEBSITE":"https://www.hiking.gov.hk/trail/info/id/dTRjZnBQWXZ0WHdjVFhxS1dSR0tkZz09","TEL":"1823","MEASURE_LEN":500,"name_en":"Lai Chi Chong Geosite","name_tc":"荔枝莊地質景點","parent_id":null,"parent_en":null,"parent_tc":null,"parks_en":[],"parks_tc":[],"has_distance_posts":false,"mapped_length_m":493,"length_mismatch":false,"branching":false,"direction_verified_by":null,"loop":false}},{"type":"Feature","geometry":{"type":"LineString","coordinates":[[114.3198,22.39725],[114.32167,22.39894],[114.32332,22.3999],[114.3239,22.40002],[114.3241,22.39999],[114.32466,22.39977],[114.3254,22.3991],[114.32577,22.39795],[114.32686,22.39655],[114.32785,22.39594],[114.32918,22.39564],[114.33026,22.39482],[114.33072,22.39392],[114.33091,22.39372],[114.33135,22.39238],[114.33153,22.39217],[114.33191,22.39194],[114.33217,22.39139],[114.33248,22.39107],[114.33314,22.38961],[114.33337,22.38951],[114.33365,22.38951],[114.33391,22.38936],[114.33402,22.38883],[114.33416,22.38861],[114.33465,22.38814],[114.33551,22.38756],[114.33597,22.38686],[114.33602,22.3857],[114.33526,22.38445],[114.33498,22.38382],[114.33451,22.38312],[114.33444,22.38287],[114.33452,22.38259],[114.33465,22.38244],[114.33521,22.38216],[114.33546,22.38174],[114.33588,22.38127],[114.33673,22.38076],[114.33716,22.38034],[114.33742,22.37994],[114.33767,22.37917],[114.33789,22.37884],[114.33811,22.37868],[114.33883,22.37839],[114.33904,22.37819],[114.33919,22.37785],[114.33925,22.37739],[114.33915,22.37704],[114.33881,22.37664],[114.33881,22.37642],[114.3398,22.37525],[114.34078,22.37387],[114.34148,22.37257],[114.34213,22.3709],[114.34231,22.3708],[114.34268,22.37084],[114.34381,22.37017],[114.34386,22.37003],[114.34379,22.36963],[114.34421,22.36921],[114.34411,22.36857],[114.34551,22.36782],[114.34564,22.36742],[114.34649,22.36685],[114.34676,22.36636],[114.34721,22.36603],[114.34733,22.36578],[114.3476,22.36498],[114.3476,22.36449],[114.34798,22.36439],[114.34831,22.3645],[114.34866,22.36444],[114.34924,22.36354],[114.34948,22.36283],[114.34971,22.36259],[114.35026,22.36221],[114.35054,22.36171],[114.35091,22.36159],[114.35123,22.36138],[114.35143,22.36136],[114.35158,22.36147],[114.35164,22.36182],[114.3518,22.36198],[114.35248,22.36195],[114.35284,22.36211],[114.35306,22.36193],[114.35307,22.36153],[114.35321,22.36143],[114.35335,22.36144],[114.35413,22.3621],[114.35402,22.36269],[114.35418,22.36297],[114.35518,22.36323],[114.35565,22.36373],[114.35608,22.36379],[114.3568,22.36339],[114.35809,22.36242],[114.35875,22.36181],[114.35942,22.36054],[114.35958,22.35992],[114.35991,22.35949],[114.36018,22.35943],[114.36073,22.35961],[114.36095,22.35952],[114.36121,22.35919],[114.36186,22.359],[114.36209,22.35903],[114.3624,22.35961],[114.36262,22.35973],[114.36322,22.35952],[114.36397,22.35966],[114.36452,22.35938],[114.36548,22.35982],[114.3661,22.3596],[114.36677,22.35999],[114.36811,22.36022],[114.3684,22.36041],[114.3688,22.36031],[114.36911,22.36065],[114.36964,22.36048],[114.3702,22.36044],[114.37057,22.36026],[114.37123,22.36037],[114.37143,22.36054],[114.37144,22.36065],[114.37115,22.36124],[114.3711,22.36164],[114.37166,22.36202],[114.37211,22.36336],[114.37277,22.36441],[114.37344,22.36511],[114.37403,22.36552],[114.37405,22.36564],[114.37382,22.36574],[114.37357,22.36601],[114.37359,22.36641],[114.3742,22.36709],[114.37467,22.36849],[114.375,22.3684],[114.37491,22.3682],[114.37483,22.36777],[114.37485,22.36734],[114.37517,22.36705],[114.3756,22.36633],[114.37581,22.36634],[114.37586,22.36662],[114.3763,22.36674],[114.37753,22.36661],[114.37773,22.36671],[114.37674,22.36688],[114.37636,22.36707],[114.37608,22.36704],[114.37586,22.36719],[114.37575,22.36752],[114.37536,22.3677],[114.3751,22.36802],[114.37508,22.36821],[114.37493,22.36821]]},"properties":{"TRAIL_ID":"oth_32","TRAIL_NAME_EN":"PAK TAM CHUNG TO BIU TSIM KOK HIKING TRAIL","TRAIL_NAME_TC":"北潭涌至標尖角遠足徑","SECTION_NO":"0","TYPE_EN":"Recommended Route","TYPE_TC":"特色路線","DIFFICULTY_EN":"Demanding","DIFFICULTY_TC":"費力","REGION_EN":"Sai Kung","REGION_TC":"西貢","STARTpt_EN":"Pak Tam Chung","STARTpt_TC":"北潭涌","FINISHpt_EN":"Biu Tsim Kok","FINISHpt_TC":"標尖角","WEBSITE":"https://www.hiking.gov.hk/trail/info/id/SnVsSFVZUXZWbWtlczU4RmN0a1NGZz09","TEL":"1823","MEASURE_LEN":11100,"name_en":"Pak Tam Chung To Biu Tsim Kok Hiking Trail","name_tc":"北潭涌至標尖角遠足徑","parent_id":null,"parent_en":null,"parent_tc":null,"parks_en":[],"parks_tc":[],"has_distance_posts":false,"mapped_length_m":11058,"length_mismatch":false,"branching":false,"direction_verified_by":"place_names","loop":false}},{"type":"Feature","geometry":{"type":"LineString","coordinates":[[114.13599,22.3805],[114.13607,22.38092],[114.13631,22.38109],[114.13689,22.3812],[114.13703,22.38136],[114.13719,22.38189],[114.13745,22.38215],[114.13787,22.38223],[114.13847,22.38201],[114.13882,22.38204],[114.14137,22.38358],[114.14369,22.38454],[114.14363,22.3846],[114.143,22.38445],[114.14271,22.38448],[114.14232,22.3843],[114.14207,22.38443],[114.14198,22.38476],[114.14185,22.38489],[114.14167,22.38493],[114.14124,22.38487],[114.14103,22.38496],[114.14121,22.38512],[114.14169,22.38533],[114.14202,22.38528],[114.1424,22.38539],[114.14283,22.38538],[114.14328,22.3858],[114.14359,22.3859],[114.14376,22.38627],[114.1443,22.38643],[114.14455,22.38673],[114.14502,22.38701],[114.14518,22.38741],[114.14545,22.38762],[114.14548,22.38793],[114.14567,22.38823],[114.14523,22.38926],[114.14536,22.38989],[114.14505,22.39041],[114.14506,22.39051],[114.14532,22.39053],[114.14553,22.39036],[114.14619,22.3901],[114.14673,22.39005],[114.14733,22.39062],[114.1475,22.39138],[114.14733,22.39182],[114.14734,22.39215],[114.14753,22.39218],[114.14834,22.39197]]},"properties":{"TRAIL_ID":"oth_33","TRAIL_NAME_EN":"SHING MUN COUNTRY PARK (PAPERBARK TREE FOREST) ACCESSIBLE ROUTE","TRAIL_NAME_TC":"城門郊野公園(白千層林)無障礙路線","SECTION_NO":"0","TYPE_EN":"Accessible Route","TYPE_TC":"無障礙路線","DIFFICULTY_EN":"Moderate","DIFFICULTY_TC":"普通","REGION_EN":"Central New Territories","REGION_TC":"新界中區","STARTpt_EN":"The entrance of Shing Mun Country Park near Pineapple Dam","STARTpt_TC":"城門郊野公園菠蘿壩入口","FINISHpt_EN":"Paperbark Tree Forest","FINISHpt_TC":"白千層林","WEBSITE":"https://www.hiking.gov.hk/trail/info/id/SnROM2YxaGRIVVNJUDRwRDFONjdVQT09","TEL":"1823","MEASURE_LEN":5700,"name_en":"Shing Mun Country Park (Paperbark Tree Forest) Accessible Route","name_tc":"城門郊野公園(白千層林)無障礙路線","parent_id":null,"parent_en":null,"parent_tc":null,"parks_en":[],"parks_tc":[],"has_distance_posts":false,"mapped_length_m":2824,"length_mismatch":true,"branching":false,"direction_verified_by":null,"loop":false}},{"type":"Feature","geometry":{"type":"LineString","coordinates":[[114.22133,22.23998],[114.2207,22.24029],[114.21977,22.24045],[114.21902,22.24129],[114.21864,22.24135],[114.21817,22.24116],[114.21769,22.24154],[114.21767,22.2417],[114.21806,22.24216],[114.21817,22.24246],[114.21816,22.24267],[114.21789,22.24324],[114.21759,22.24351],[114.21681,22.2437],[114.21672,22.24433],[114.21632,22.24472],[114.21604,22.24517],[114.21534,22.24574],[114.21437,22.24734],[114.21404,22.24825],[114.21335,22.24906]]},"properties":{"TRAIL_ID":"oth_34","TRAIL_NAME_EN":"TAI TAM COUNTRY PARK (TAI TAM TUK RESERVOIR) ACCESSIBLE ROUTE","TRAIL_NAME_TC":"大潭郊野公園(大潭篤水塘)無障礙路線","SECTION_NO":"0","TYPE_EN":"Accessible Route","TYPE_TC":"無障礙路線","DIFFICULTY_EN":"Easy","DIFFICULTY_TC":"易行","REGION_EN":"Hong Kong Island","REGION_TC":"香港島","STARTpt_EN":"The entrance of Tai Tam Country Park near Tai Tam Reservoir Road","STARTpt_TC":"大潭道大潭郊野公園大潭水塘道入口","FINISHpt_EN":"Tai Tam Tuk Reservoir Barbecue Area 4","FINISHpt_TC":"大潭篤水塘燒烤區4號場","WEBSITE":"https://www.hiking.gov.hk/trail/info/id/allrZU84K2t1Z0R2OXBkN0ZQUDY4UT09","TEL":"1823","MEASURE_LEN":3060,"name_en":"Tai Tam Country Park (Tai Tam Tuk Reservoir) Accessible Route","name_tc":"大潭郊野公園(大潭篤水塘)無障礙路線","parent_id":null,"parent_en":null,"parent_tc":null,"parks_en":[],"parks_tc":[],"has_distance_posts":false,"mapped_length_m":1504,"length_mismatch":true,"branching":false,"direction_verified_by":null,"loop":false}},{"type":"Feature","geometry":{"type":"LineString","coordinates":[[114.15785,22.25192],[114.15763,22.25223],[114.15846,22.2529],[114.15876,22.2536],[114.15935,22.25438],[114.1595,22.25475],[114.15967,22.25495],[114.15992,22.255],[114.16008,22.25515],[114.16022,22.256],[114.16048,22.25639],[114.16058,22.25704],[114.16071,22.25713],[114.16122,22.25708],[114.16137,22.25716],[114.16153,22.25761],[114.16143,22.25792],[114.16157,22.25818],[114.16158,22.25869],[114.16177,22.25892],[114.16195,22.2589],[114.16208,22.25864],[114.16237,22.25848],[114.16274,22.25845],[114.16305,22.25872],[114.16326,22.25879],[114.16336,22.25873],[114.16334,22.25809],[114.16315,22.25773],[114.16335,22.2564]]},"properties":{"TRAIL_ID":"oth_35","TRAIL_NAME_EN":"ABERDEEN COUNTRY PARK (ABERDEEN UPPER RESERVOIR) ACCESSIBLE ROUTE","TRAIL_NAME_TC":"香港仔郊野公園(香港仔上水塘)無障礙路線","SECTION_NO":"0","TYPE_EN":"Accessible Route","TYPE_TC":"無障礙路線","DIFFICULTY_EN":"Moderate","DIFFICULTY_TC":"普通","REGION_EN":"Hong Kong Island","REGION_TC":"香港島","STARTpt_EN":"The entrance of Aberdeen Country Park near Yue Kwong Chuen","STARTpt_TC":"香港仔郊野公園近漁光村入口","FINISHpt_EN":"Aberdeen Upper Reservoir","FINISHpt_TC":"香港仔上水塘","WEBSITE":"https://www.hiking.gov.hk/trail/info/id/cDdjamRvMFVtbHdQZWpMcXFQZ09Bdz09","TEL":"1823","MEASURE_LEN":2900,"name_en":"Aberdeen Country Park (Aberdeen Upper Reservoir) Accessible Route","name_tc":"香港仔郊野公園(香港仔上水塘)無障礙路線","parent_id":null,"parent_en":null,"parent_tc":null,"parks_en":[],"parks_tc":[],"has_distance_posts":false,"mapped_length_m":1457,"length_mismatch":true,"branching":false,"direction_verified_by":null,"loop":false}},{"type":"Feature","geometry":{"type":"LineString","coordinates":[[114.1083,22.4271],[114.10811,22.42691],[114.10778,22.42692],[114.10743,22.42647],[114.10733,22.4255],[114.10699,22.42488],[114.10652,22.42483],[114.10637,22.42474],[114.10629,22.42456],[114.10633,22.42419],[114.10625,22.42411],[114.10575,22.42416],[114.1054,22.42401],[114.10523,22.42358],[114.10461,22.4233],[114.10428,22.4226],[114.10319,22.4225],[114.10286,22.42227],[114.10247,22.42225],[114.10222,22.42207],[114.10208,22.42208],[114.10188,22.42222],[114.10183,22.42242],[114.10172,22.42252],[114.1013,22.42263],[114.10091,22.42284],[114.10083,22.42325],[114.10062,22.42352],[114.10061,22.42396],[114.1003,22.42412],[114.10002,22.42456],[114.09956,22.42495],[114.09907,22.42493],[114.09886,22.42544],[114.09852,22.42573],[114.0984,22.42576],[114.09812,22.4256],[114.09788,22.42578],[114.09748,22.4255],[114.09697,22.42552],[114.09664,22.42512],[114.09657,22.42489],[114.09636,22.42468],[114.09574,22.42461],[114.09566,22.42451],[114.0955,22.42351],[114.09572,22.42327],[114.09573,22.42312],[114.0955,22.4227],[114.09578,22.42244],[114.09558,22.4221],[114.09538,22.42203],[114.09491,22.42203],[114.09435,22.42225],[114.09389,22.42198],[114.09374,22.42093],[114.09415,22.42053],[114.09394,22.41993],[114.09382,22.41989],[114.09341,22.42007],[114.09256,22.42002],[114.09239,22.4201],[114.09213,22.42053],[114.09197,22.42057],[114.09167,22.42039],[114.09117,22.42039],[114.09098,22.42005],[114.09058,22.41993],[114.09004,22.42026],[114.08961,22.42015],[114.08945,22.41991],[114.08944,22.41955],[114.08935,22.41939],[114.08895,22.41923],[114.08845,22.41916],[114.08828,22.41901],[114.08761,22.41873],[114.08728,22.41819],[114.08694,22.41797],[114.08683,22.41763],[114.08706,22.41725],[114.08704,22.41707],[114.08647,22.4167],[114.08658,22.41633]]},"properties":{"TRAIL_ID":"oth_36","TRAIL_NAME_EN":"TAI LAM COUNTRY PARK (TSING TAM UPPER IRRIGATION RESERVOIR) ACC RT","TRAIL_NAME_TC":"大欖郊野公園(清潭上灌溉水塘)無障礙路線","SECTION_NO":"0","TYPE_EN":"Accessible Route","TYPE_TC":"無障礙路線","DIFFICULTY_EN":"Moderate","DIFFICULTY_TC":"普通","REGION_EN":"West New Territories","REGION_TC":"新界西區","STARTpt_EN":"The entrance of Tai Lam Country Park near Lui Kung Tin","STARTpt_TC":"大欖郊野公園近雷公田村入口","FINISHpt_EN":"Tsing Tam Upper Irrigation Reservoir","FINISHpt_TC":"清潭上灌溉水塘","WEBSITE":"https://www.hiking.gov.hk/trail/info/id/R1pFTkp4b3YzbnFyc2syajA1ZkNidz09","TEL":"1823","MEASURE_LEN":8000,"name_en":"Tai Lam Country Park (Tsing Tam Upper Irrigation Reservoir) Accessible Route","name_tc":"大欖郊野公園(清潭上灌溉水塘)無障礙路線","parent_id":null,"parent_en":null,"parent_tc":null,"parks_en":[],"parks_tc":[],"has_distance_posts":false,"mapped_length_m":3896,"length_mismatch":true,"branching":false,"direction_verified_by":null,"loop":false}},{"type":"Feature","geometry":{"type":"LineString","coordinates":[[113.90325,22.25593],[113.90367,22.25554],[113.90436,22.25539],[113.90592,22.25525],[113.90598,22.25504],[113.90642,22.25454],[113.90663,22.2544],[113.90794,22.25442],[113.90812,22.25425],[113.90838,22.25378],[113.90946,22.25406],[113.91002,22.25379],[113.91034,22.25383],[113.91126,22.25359],[113.91163,22.25335],[113.91211,22.25275],[113.91226,22.25268],[113.91252,22.25285],[113.91252,22.2533],[113.91321,22.25373],[113.91336,22.2539],[113.91362,22.25489],[113.91384,22.25517],[113.91396,22.25553],[113.91402,22.25627],[113.91424,22.25672],[113.91353,22.25658],[113.91315,22.2569],[113.91257,22.25694],[113.91232,22.25721],[113.91198,22.25721],[113.91152,22.25732],[113.91117,22.25787],[113.91053,22.25821],[113.91012,22.2581],[113.90955,22.25821],[113.90876,22.25866],[113.90792,22.25896],[113.90755,22.25939],[113.90661,22.2598],[113.90649,22.25992],[113.90615,22.26076],[113.90625,22.26115],[113.90604,22.26147],[113.90591,22.26155],[113.90585,22.26145],[113.9059,22.26115],[113.90558,22.26067],[113.90571,22.26026],[113.9055,22.26021],[113.90545,22.25988],[113.90531,22.25955],[113.90511,22.25934],[113.90472,22.25943],[113.90455,22.25906],[113.90415,22.25861],[113.90335,22.25816],[113.90218,22.2579],[113.90187,22.25726],[113.90179,22.25705],[113.90199,22.25691],[113.90169,22.25669],[113.90172,22.25666],[113.90181,22.25672],[113.90245,22.25666],[113.90325,22.25593]]},"properties":{"TRAIL_ID":"oth_37","TRAIL_NAME_EN":"NGONG PING TRAIL (VILLAGE SECTION)","TRAIL_NAME_TC":"昂坪自然步道(市集段)","SECTION_NO":"0","TYPE_EN":"Recommended Route","TYPE_TC":"特色路線","DIFFICULTY_EN":"Moderate","DIFFICULTY_TC":"普通","REGION_EN":"Lantau Island","REGION_TC":"大嶼山","STARTpt_EN":"Ngong Ping","STARTpt_TC":"昂坪","FINISHpt_EN":"Ngong Ping","FINISHpt_TC":"昂坪","WEBSITE":"https://www.hiking.gov.hk/trail/info/id/WWVwemE2SGZGSmlTQWxUc2dQOHBkdz09","TEL":"1823","MEASURE_LEN":2700,"name_en":"Ngong Ping Trail (Village Section)","name_tc":"昂坪自然步道(市集段)","parent_id":null,"parent_en":null,"parent_tc":null,"parks_en":[],"parks_tc":[],"has_distance_posts":false,"mapped_length_m":3835,"length_mismatch":true,"branching":false,"direction_verified_by":null,"loop":true}},{"type":"Feature","geometry":{"type":"LineString","coordinates":[[113.90325,22.25593],[113.90367,22.25554],[113.90436,22.25539],[113.90592,22.25525],[113.90598,22.25504],[113.90642,22.25454],[113.90663,22.2544],[113.90794,22.25442],[113.90812,22.25425],[113.90838,22.25378],[113.90946,22.25406],[113.91002,22.25379],[113.91034,22.25383],[113.91126,22.25359],[113.91163,22.25335],[113.91223,22.25268],[113.9125,22.25282],[113.91252,22.2533],[113.91321,22.25373],[113.91335,22.25389],[113.91362,22.25489],[113.91384,22.25517],[113.91397,22.25557],[113.91402,22.25627],[113.9142,22.25654],[113.91434,22.25706],[113.91462,22.25738],[113.91459,22.25757],[113.9148,22.25806],[113.91469,22.2584],[113.91472,22.25868],[113.91491,22.25908],[113.91518,22.2594],[113.91474,22.2597],[113.91464,22.25993],[113.91515,22.26021],[113.9154,22.26046],[113.91563,22.26048],[113.91599,22.26072],[113.91611,22.26117],[113.91595,22.26132],[113.91592,22.26163],[113.91606,22.26229],[113.91592,22.26269],[113.91587,22.26315],[113.9153,22.26393],[113.91506,22.26443],[113.91507,22.2651],[113.9144,22.2658],[113.91442,22.26621],[113.91427,22.26643],[113.91423,22.26687],[113.91407,22.26698],[113.91342,22.26718],[113.91303,22.2675],[113.91265,22.26797],[113.91306,22.26854],[113.913,22.26912],[113.91305,22.26939],[113.91261,22.27],[113.91239,22.27006],[113.91153,22.27002],[113.91107,22.26977],[113.91092,22.2698],[113.91076,22.26997],[113.91023,22.26996],[113.91007,22.26985],[113.91002,22.26968],[113.90969,22.26944],[113.90941,22.26907],[113.90919,22.2689],[113.90884,22.26901],[113.90869,22.26898],[113.90775,22.26819],[113.90758,22.26762],[113.9073,22.26701],[113.90669,22.26674],[113.90637,22.26626],[113.90637,22.26604],[113.90614,22.26564],[113.90636,22.2653],[113.90635,22.26483],[113.90595,22.26451],[113.90602,22.26423],[113.90574,22.26394],[113.90566,22.26347],[113.90556,22.2633],[113.9057,22.26292],[113.90589,22.26266],[113.90581,22.26214],[113.90593,22.26165],[113.90585,22.26145],[113.9059,22.26115],[113.90558,22.26067],[113.90571,22.26025],[113.9055,22.26021],[113.90545,22.25988],[113.90531,22.25955],[113.90511,22.25934],[113.90471,22.25942],[113.90455,22.25906],[113.90408,22.25855],[113.90335,22.25816],[113.90218,22.2579],[113.90179,22.25708],[113.90199,22.25692],[113.90169,22.25669],[113.90172,22.25666],[113.90181,22.25672],[113.90245,22.25666],[113.90325,22.25593]]},"properties":{"TRAIL_ID":"oth_38","TRAIL_NAME_EN":"NGONG PING TRAIL (NEI LAK SHAN SECTION)","TRAIL_NAME_TC":"昂坪自然步道(彌勒山段)","SECTION_NO":"0","TYPE_EN":"Recommended Route","TYPE_TC":"特色路線","DIFFICULTY_EN":"Moderate","DIFFICULTY_TC":"普通","REGION_EN":"Lantau Island","REGION_TC":"大嶼山","STARTpt_EN":"Ngong Ping","STARTpt_TC":"昂坪","FINISHpt_EN":"Ngong Ping","FINISHpt_TC":"昂坪","WEBSITE":"https://www.hiking.gov.hk/trail/info/id/eXNxeEpiRVl4cXRidzFFZTg3VHE2dz09","TEL":"1823","MEASURE_LEN":5000,"name_en":"Ngong Ping Trail (Nei Lak Shan Section)","name_tc":"昂坪自然步道(彌勒山段)","parent_id":null,"parent_en":null,"parent_tc":null,"parks_en":[],"parks_tc":[],"has_distance_posts":false,"mapped_length_m":5990,"length_mismatch":true,"branching":false,"direction_verified_by":null,"loop":true}},{"type":"Feature","geometry":{"type":"LineString","coordinates":[[113.90325,22.25593],[113.90367,22.25554],[113.90436,22.25539],[113.90592,22.25525],[113.90598,22.25504],[113.90642,22.25454],[113.90663,22.2544],[113.90794,22.25442],[113.90812,22.25425],[113.90838,22.25378],[113.90856,22.25387],[113.90948,22.25406],[113.91002,22.25379],[113.91034,22.25383],[113.91126,22.25359],[113.91163,22.25335],[113.91216,22.25271],[113.91235,22.25269],[113.9125,22.25282],[113.91245,22.25256],[113.91264,22.25212],[113.9129,22.25205],[113.91315,22.25214],[113.91329,22.25198],[113.91339,22.2515],[113.9133,22.25136],[113.91326,22.25101],[113.91354,22.25044],[113.91369,22.25028],[113.91374,22.24999],[113.91389,22.24973],[113.9139,22.24909],[113.91428,22.24884],[113.91446,22.24854],[113.91517,22.24847],[113.91555,22.24822],[113.91569,22.24807],[113.91579,22.24755],[113.91596,22.24741],[113.91639,22.2474],[113.91701,22.24693],[113.91725,22.24683],[113.91748,22.24675],[113.91807,22.24673],[113.91839,22.24711],[113.91895,22.24751],[113.91901,22.24765],[113.91951,22.24793],[113.91967,22.24811],[113.91985,22.24882],[113.92006,22.24918]]},"properties":{"TRAIL_ID":"oth_39","TRAIL_NAME_EN":"NGONG PING TRAIL (LANTAU PEAK SECTION)","TRAIL_NAME_TC":"昂坪自然步道(鳳凰山段)","SECTION_NO":"0","TYPE_EN":"Recommended Route","TYPE_TC":"特色路線","DIFFICULTY_EN":"Difficult","DIFFICULTY_TC":"難行","REGION_EN":"Lantau Island","REGION_TC":"大嶼山","STARTpt_EN":"Ngong Ping","STARTpt_TC":"昂坪","FINISHpt_EN":"Lantau Peak","FINISHpt_TC":"鳳凰山","WEBSITE":"https://www.hiking.gov.hk/trail/info/id/ZlNCMkhacU5vNm90ZzJLOENqOVhpQT09","TEL":"1823","MEASURE_LEN":5200,"name_en":"Ngong Ping Trail (Lantau Peak Section)","name_tc":"昂坪自然步道(鳳凰山段)","parent_id":null,"parent_en":null,"parent_tc":null,"parks_en":[],"parks_tc":[],"has_distance_posts":false,"mapped_length_m":2581,"length_mismatch":true,"branching":false,"direction_verified_by":"place_names","loop":false}},{"type":"Feature","geometry":{"type":"MultiLineString","coordinates":[[[114.29109,22.55308],[114.29091,22.55247],[114.29033,22.55213],[114.29027,22.55176],[114.29041,22.55136],[114.29012,22.55136],[114.29016,22.55093],[114.29009,22.55082]],[[114.29145,22.54817],[114.29111,22.54767],[114.29131,22.54741],[114.29127,22.54697],[114.29145,22.54678],[114.29151,22.54652],[114.29127,22.54622],[114.29131,22.54603]],[[114.29029,22.55051],[114.29037,22.55066]],[[114.28947,22.5514],[114.28996,22.55091],[114.29009,22.55082],[114.29031,22.55071],[114.29037,22.55066]],[[114.29037,22.55066],[114.29111,22.55017],[114.29128,22.55037],[114.29159,22.55105],[114.29178,22.55123],[114.29226,22.55115],[114.29312,22.55137],[114.29318,22.55146]],[[114.29341,22.54675],[114.29348,22.54711],[114.29387,22.54728],[114.29419,22.54722],[114.29437,22.54745],[114.2943,22.54769],[114.294,22.54799],[114.29371,22.54808],[114.29361,22.54823],[114.29347,22.54821],[114.29334,22.548],[114.2931,22.54834],[114.29317,22.54845],[114.29304,22.54878],[114.29287,22.54885],[114.29293,22.54912],[114.29319,22.54933],[114.29337,22.54962],[114.2936,22.55033],[114.29465,22.5507],[114.2936,22.5507],[114.29312,22.5508],[114.29264,22.5506],[114.29247,22.55045],[114.2921,22.55041],[114.29188,22.55022],[114.29174,22.55018],[114.29137,22.55055]],[[114.29111,22.55017],[114.29154,22.54996],[114.29183,22.54953],[114.29179,22.54867],[114.29164,22.54834],[114.29156,22.54825],[114.29153,22.54822],[114.29145,22.54817],[114.29151,22.54813],[114.29154,22.54811],[114.29151,22.54779],[114.29172,22.5476],[114.29179,22.54718],[114.29194,22.5469],[114.29217,22.54685],[114.29304,22.54693],[114.29346,22.54671],[114.29367,22.54637]],[[114.29127,22.54697],[114.29078,22.54686],[114.29057,22.54647],[114.29078,22.54625],[114.29128,22.54625]]]},"properties":{"TRAIL_ID":"oth_40","TRAIL_NAME_EN":"KAT O HERITAGE TRAIL","TRAIL_NAME_TC":"吉澳文化徑","SECTION_NO":"0","TYPE_EN":"Recommended Route","TYPE_TC":"特色路線","DIFFICULTY_EN":"Moderate","DIFFICULTY_TC":"普通","REGION_EN":"North New Territories","REGION_TC":"新界北區","STARTpt_EN":"Kat O Pier","STARTpt_TC":"吉澳碼頭","FINISHpt_EN":"Kat O Pier","FINISHpt_TC":"吉澳碼頭","WEBSITE":"https://www.hiking.gov.hk/trail/info/id/R2FLU0hMdUpwY29KUVpmZXJEbTE5UT09","TEL":"1823","MEASURE_LEN":1000,"name_en":"Kat O Heritage Trail","name_tc":"吉澳文化徑","parent_id":null,"parent_en":null,"parent_tc":null,"parks_en":[],"parks_tc":[],"has_distance_posts":false,"mapped_length_m":3099,"length_mismatch":true,"branching":true,"direction_verified_by":null,"loop":false}},{"type":"Feature","geometry":{"type":"MultiLineString","coordinates":[[[114.13896,22.27311],[114.13924,22.27248],[114.13918,22.27204],[114.13936,22.27139],[114.13916,22.27109],[114.13872,22.27098],[114.13851,22.27117],[114.13848,22.27147],[114.13816,22.27175],[114.13805,22.27197],[114.13787,22.27209],[114.13765,22.27215],[114.13688,22.27215],[114.13659,22.27205],[114.1363,22.27216],[114.13605,22.27204]],[[114.13896,22.27311],[114.13817,22.27343],[114.13761,22.27336],[114.13688,22.27339],[114.13664,22.27329],[114.13626,22.27338],[114.13605,22.27326],[114.13541,22.27321],[114.13516,22.27332],[114.13439,22.27345],[114.13374,22.27339],[114.13312,22.27354],[114.13308,22.27347],[114.13291,22.27346],[114.1329,22.27325],[114.13297,22.27319],[114.13289,22.27245],[114.13314,22.2723],[114.13355,22.2713],[114.13345,22.27067],[114.1335,22.27052],[114.13334,22.27037],[114.13364,22.27008],[114.13379,22.26977],[114.13407,22.26865],[114.13428,22.26846],[114.13446,22.26845],[114.13457,22.26815],[114.13483,22.26796],[114.1348,22.26773],[114.135,22.26763],[114.13504,22.26752],[114.13493,22.26725],[114.13503,22.26699],[114.13523,22.26672],[114.13537,22.26632],[114.13559,22.26623],[114.13551,22.26569],[114.13615,22.26501],[114.13625,22.26509],[114.13624,22.26498],[114.13633,22.26496]],[[114.13896,22.27311],[114.13933,22.27297],[114.13885,22.27358],[114.13856,22.27431],[114.13864,22.27458],[114.13932,22.27495],[114.1399,22.27498],[114.14042,22.27521],[114.14077,22.2752],[114.14152,22.27541],[114.14173,22.27562],[114.14191,22.27612],[114.14193,22.27653],[114.14263,22.27745],[114.14318,22.27762],[114.14409,22.27752],[114.14477,22.27779],[114.14487,22.27815],[114.14503,22.27834],[114.14638,22.27847],[114.14678,22.27817],[114.14693,22.27788],[114.1474,22.27779],[114.14809,22.27729],[114.14812,22.27714],[114.14794,22.27678],[114.14792,22.27648],[114.14829,22.27579],[114.1486,22.27562],[114.14886,22.27583],[114.14937,22.2755],[114.14933,22.27501],[114.14905,22.27473],[114.14905,22.27431],[114.14885,22.27395],[114.14898,22.27283],[114.14934,22.27257],[114.14952,22.27233],[114.14956,22.2721],[114.14935,22.2717],[114.14949,22.2713]]]},"properties":{"TRAIL_ID":"oth_42","TRAIL_NAME_EN":"PEAK TRAIL (HIGH WEST SECTION)","TRAIL_NAME_TC":"爐峰自然步道 (西高山段)","SECTION_NO":"0","TYPE_EN":"Recommended Route","TYPE_TC":"特色路線","DIFFICULTY_EN":"Moderate","DIFFICULTY_TC":"普通","REGION_EN":"Hong Kong Island","REGION_TC":"香港島","STARTpt_EN":"Peak","STARTpt_TC":"山頂","FINISHpt_EN":"Pok Fu Lam","FINISHpt_TC":"薄扶林","WEBSITE":"https://www.hiking.gov.hk/trail/info/id/dDI5eDQrbTBHemxIaTEvKzh6N3hwdz09","TEL":"1823","MEASURE_LEN":5500,"name_en":"Peak Trail (High West Section)","name_tc":"爐峰自然步道 (西高山段)","parent_id":null,"parent_en":null,"parent_tc":null,"parks_en":[],"parks_tc":[],"has_distance_posts":false,"mapped_length_m":4847,"length_mismatch":true,"branching":true,"direction_verified_by":"place_names","loop":false}},{"type":"Feature","geometry":{"type":"LineString","coordinates":[[114.27907,22.40519],[114.27902,22.40513],[114.27923,22.40492],[114.27924,22.40478],[114.27968,22.40428],[114.27977,22.40384],[114.27973,22.40349],[114.27868,22.4036],[114.2781,22.40257],[114.27789,22.40251],[114.27683,22.40285],[114.27664,22.40277],[114.27581,22.40209],[114.27559,22.40212],[114.27521,22.40233],[114.27496,22.40263],[114.27427,22.40283],[114.27409,22.40281],[114.27365,22.40177],[114.27366,22.40109],[114.27354,22.39997],[114.27339,22.39964],[114.27313,22.39938],[114.27284,22.39866],[114.27231,22.39845],[114.2721,22.39806],[114.2717,22.39815],[114.27138,22.39801],[114.27114,22.39802],[114.2708,22.3979],[114.27068,22.39799],[114.27064,22.39816],[114.27065,22.39894],[114.27014,22.39927],[114.26994,22.39954],[114.26994,22.39965],[114.2702,22.39993],[114.27049,22.40047],[114.27039,22.40062],[114.26995,22.40061],[114.26955,22.40099],[114.26912,22.4012],[114.26883,22.40123],[114.2684,22.40158],[114.26807,22.40166],[114.2676,22.40158],[114.26695,22.40119],[114.26658,22.40119],[114.26601,22.4017],[114.26578,22.40181],[114.26567,22.40201],[114.26544,22.40214],[114.26475,22.40214],[114.26452,22.40223],[114.26433,22.40268],[114.26448,22.40282],[114.26471,22.40331],[114.26463,22.40371],[114.26408,22.40365],[114.26399,22.40358],[114.26393,22.40332],[114.26348,22.4032],[114.26337,22.40327],[114.2633,22.40347],[114.26285,22.40382],[114.26267,22.40408],[114.26282,22.40486],[114.26282,22.40539],[114.26249,22.40582],[114.26237,22.40612],[114.26222,22.40614],[114.26157,22.40585],[114.26129,22.40622],[114.26106,22.40626],[114.26088,22.40656],[114.26062,22.40661],[114.26017,22.40694],[114.26022,22.40657],[114.26007,22.40663],[114.25999,22.40679],[114.25977,22.40674],[114.2596,22.40657],[114.25933,22.40661],[114.25884,22.40655],[114.2584,22.40689],[114.25809,22.40685],[114.25744,22.40699],[114.25723,22.40692],[114.25685,22.40705],[114.25656,22.407],[114.25628,22.40721],[114.25604,22.4072],[114.25594,22.40697],[114.25537,22.40707],[114.25505,22.40697],[114.25487,22.40704],[114.25434,22.40698],[114.25403,22.40704],[114.2535,22.40677],[114.25302,22.40666],[114.25277,22.40614],[114.2528,22.40584],[114.25264,22.40539],[114.25284,22.40522],[114.25336,22.40501],[114.25367,22.40444],[114.25371,22.40421],[114.25366,22.4039],[114.25344,22.40367],[114.25324,22.40312],[114.25311,22.40303],[114.25325,22.40284],[114.25347,22.40272],[114.25361,22.40243],[114.25392,22.40223],[114.25448,22.40142],[114.25451,22.40124],[114.25393,22.40082],[114.25381,22.40055],[114.2534,22.40018],[114.25336,22.40003],[114.25321,22.3999],[114.25309,22.40019],[114.2529,22.40032],[114.25287,22.40013],[114.25264,22.39987],[114.25265,22.39959],[114.25285,22.39907],[114.25272,22.39875],[114.25257,22.39873],[114.25235,22.39884],[114.25167,22.39869],[114.2517,22.39856],[114.25163,22.39842],[114.25143,22.39839],[114.25105,22.39814],[114.25108,22.39783],[114.25098,22.39769],[114.25078,22.39762],[114.25061,22.39744],[114.25023,22.39734],[114.2501,22.39692],[114.24979,22.39677],[114.24951,22.39629],[114.24898,22.39593],[114.24911,22.39573],[114.24964,22.39533],[114.24996,22.39519],[114.25033,22.39516],[114.2505,22.39503],[114.2508,22.39506],[114.251,22.39499],[114.2512,22.39466],[114.25185,22.39427],[114.25201,22.39388],[114.25202,22.39324],[114.2521,22.39305],[114.25208,22.3927],[114.2522,22.39235],[114.25228,22.39146],[114.25195,22.39012],[114.2513,22.3897],[114.25135,22.38952],[114.2517,22.38921],[114.25185,22.38877],[114.25204,22.3885],[114.25234,22.38839],[114.25248,22.38842],[114.25266,22.38832],[114.25302,22.38831],[114.25321,22.38821],[114.25358,22.38781],[114.25431,22.3874],[114.25468,22.38695],[114.25474,22.38671],[114.25508,22.38643],[114.25531,22.38638],[114.25565,22.38648],[114.25585,22.3866],[114.25596,22.38683],[114.25622,22.3868],[114.25703,22.38642],[114.25741,22.38587],[114.2578,22.38572],[114.25802,22.38544],[114.25835,22.38544],[114.25862,22.38532],[114.259,22.3853],[114.25924,22.38538],[114.25933,22.38535],[114.25944,22.38546],[114.25958,22.38549],[114.25998,22.3852],[114.26071,22.3856]]},"properties":{"TRAIL_ID":"oth_43","TRAIL_NAME_EN":"SHUI LONG WO TO TAI SHUI TSENG","TRAIL_NAME_TC":"水浪窩至大水井","SECTION_NO":"0","TYPE_EN":"Recommended Route","TYPE_TC":"特色路線","DIFFICULTY_EN":"Difficult","DIFFICULTY_TC":"難行","REGION_EN":"Sai Kung","REGION_TC":"西貢","STARTpt_EN":"Shui Long Wo","STARTpt_TC":"水浪窩","FINISHpt_EN":"Tai Shui Tseng","FINISHpt_TC":"大水井","WEBSITE":"https://www.hiking.gov.hk/trail/info/id/V2tHckpJZ2crK0NGSzIrU2I3MnpYZz09","TEL":"1823","MEASURE_LEN":8800,"name_en":"Shui Long Wo To Tai Shui Tseng","name_tc":"水浪窩至大水井","parent_id":null,"parent_en":null,"parent_tc":null,"parks_en":[],"parks_tc":[],"has_distance_posts":false,"mapped_length_m":8649,"length_mismatch":false,"branching":false,"direction_verified_by":"place_names","loop":false}},{"type":"Feature","geometry":{"type":"LineString","coordinates":[[114.23979,22.22703],[114.23994,22.22722],[114.23989,22.2275],[114.23977,22.22761],[114.23985,22.22779],[114.23998,22.22784],[114.23998,22.22814],[114.24081,22.2288],[114.24095,22.22883],[114.24105,22.22926],[114.24141,22.22939],[114.24157,22.22977],[114.24191,22.22963],[114.24213,22.22943],[114.24228,22.22951],[114.24251,22.22945],[114.24261,22.22955],[114.24263,22.2299],[114.24272,22.22992],[114.24292,22.22982],[114.24302,22.22954],[114.24338,22.2294],[114.24356,22.22983],[114.24376,22.23008],[114.24393,22.23056],[114.24379,22.23149],[114.24359,22.23168],[114.2436,22.23242],[114.24347,22.23278],[114.24382,22.23325],[114.24372,22.23349],[114.24367,22.23432],[114.24375,22.23449],[114.24367,22.2349],[114.24353,22.23516],[114.24356,22.23549],[114.24371,22.23576],[114.24341,22.23607],[114.24335,22.23642],[114.24263,22.23727],[114.24265,22.23791],[114.24246,22.23814],[114.24228,22.2386],[114.24232,22.23884],[114.24213,22.23924],[114.24133,22.24017],[114.2412,22.24072],[114.24138,22.24153],[114.24108,22.2415],[114.24063,22.2416],[114.23978,22.24193],[114.23945,22.24193],[114.23938,22.24206],[114.23965,22.24222],[114.23938,22.24264],[114.23941,22.24287],[114.23924,22.24293],[114.23925,22.24321],[114.23896,22.24371],[114.23896,22.24402],[114.23881,22.24412],[114.23881,22.24431],[114.2387,22.24448],[114.23835,22.24457],[114.23843,22.24483],[114.23816,22.2449],[114.23814,22.24528],[114.23795,22.24543],[114.23739,22.24557],[114.23708,22.24582],[114.2369,22.2457],[114.23688,22.24537],[114.23657,22.24535],[114.23641,22.24553],[114.23646,22.24587],[114.23628,22.24611],[114.23638,22.24687],[114.23614,22.24717],[114.23603,22.24708],[114.23595,22.24717],[114.23564,22.24724],[114.23558,22.24736],[114.23539,22.2474],[114.23533,22.24763],[114.23545,22.24787],[114.23514,22.2479],[114.235,22.24815],[114.23483,22.24822],[114.23475,22.24877],[114.23459,22.24874],[114.23423,22.24889],[114.23411,22.24908],[114.2339,22.24908],[114.2338,22.24929],[114.23364,22.24936],[114.23332,22.24942],[114.23316,22.24936],[114.23274,22.2495],[114.23228,22.24951],[114.23208,22.2495],[114.23198,22.24938],[114.23173,22.24943],[114.23162,22.2496],[114.23164,22.24987],[114.23157,22.25006],[114.23167,22.25024],[114.23127,22.25122],[114.23164,22.25149],[114.23147,22.25173],[114.23155,22.25199],[114.23143,22.25235],[114.23143,22.25325],[114.23162,22.25356],[114.23163,22.2538],[114.23183,22.25396],[114.23154,22.25429],[114.23161,22.25447],[114.23198,22.25472],[114.23201,22.25488],[114.23195,22.25505]]},"properties":{"TRAIL_ID":"oth_44","TRAIL_NAME_EN":"DRAGON'S BACK","TRAIL_NAME_TC":"龍脊","SECTION_NO":"0","TYPE_EN":"Recommended Route","TYPE_TC":"特色路線","DIFFICULTY_EN":"Demanding","DIFFICULTY_TC":"費力","REGION_EN":"Hong Kong Island","REGION_TC":"香港島","STARTpt_EN":"To Tei Wan","STARTpt_TC":"土地灣","FINISHpt_EN":"Tai Long Wan","FINISHpt_TC":"大浪灣","WEBSITE":"https://www.hiking.gov.hk/trail/info/id/UWgvZytZSlRrcnBJSU5DWVZUa2pyUT09","TEL":"1823","MEASURE_LEN":4800,"name_en":"Dragon's Back","name_tc":"龍脊","parent_id":null,"parent_en":null,"parent_tc":null,"parks_en":[],"parks_tc":[],"has_distance_posts":false,"mapped_length_m":4747,"length_mismatch":false,"branching":false,"direction_verified_by":"place_names","loop":false}},{"type":"Feature","geometry":{"type":"LineString","coordinates":[[114.19811,22.2582],[114.19813,22.25839],[114.19838,22.25861],[114.19862,22.25898],[114.19844,22.25924],[114.19847,22.2597],[114.19796,22.2601],[114.19789,22.26052],[114.19695,22.26144],[114.19703,22.26178],[114.19728,22.26221],[114.19712,22.26266],[114.19731,22.26359],[114.19726,22.26378],[114.19714,22.2639],[114.19714,22.26427],[114.19758,22.26488],[114.19789,22.26518],[114.19797,22.26562],[114.19833,22.26595],[114.1984,22.26625],[114.19857,22.26636],[114.19878,22.26637],[114.19893,22.26653],[114.19915,22.26652],[114.1996,22.26637],[114.19992,22.26639],[114.20012,22.26631],[114.20096,22.26623],[114.20122,22.26642],[114.20152,22.26645],[114.20183,22.26659],[114.20212,22.26693],[114.20278,22.26738],[114.20296,22.26732],[114.20307,22.26748],[114.20347,22.26749],[114.20427,22.26743],[114.20493,22.26761],[114.20552,22.26809],[114.20606,22.26877],[114.2066,22.26891],[114.20695,22.26923],[114.20723,22.26922],[114.20743,22.2691],[114.20755,22.26892],[114.20859,22.26863],[114.20877,22.26864],[114.20915,22.26877],[114.20923,22.26887],[114.20951,22.26891],[114.20963,22.26869],[114.20997,22.26856],[114.21065,22.26811],[114.21088,22.26781],[114.21138,22.26747],[114.21162,22.26743],[114.21212,22.26717],[114.21259,22.26716],[114.21308,22.26694],[114.21335,22.26691],[114.21303,22.26744],[114.21305,22.26783],[114.21287,22.26819],[114.21199,22.26898],[114.21149,22.26964],[114.21114,22.2698],[114.21098,22.27003],[114.21097,22.27054],[114.2111,22.27088],[114.21057,22.27115],[114.21036,22.27109],[114.2102,22.27124],[114.21047,22.27185],[114.21046,22.27275],[114.21069,22.27312],[114.21103,22.27343],[114.21105,22.27354],[114.21071,22.27372],[114.21027,22.27376],[114.21015,22.27407],[114.20986,22.27426],[114.20998,22.2748],[114.2097,22.27505],[114.20948,22.2755],[114.20894,22.27565],[114.20858,22.27597],[114.20853,22.27609],[114.20872,22.27716],[114.20881,22.27725],[114.20908,22.27729],[114.20906,22.27751],[114.20919,22.27785],[114.20962,22.27779],[114.21038,22.27745],[114.21056,22.27756],[114.21058,22.2777],[114.21033,22.27782],[114.2102,22.27818],[114.2097,22.27834],[114.20972,22.27874],[114.20994,22.27888],[114.21012,22.27872],[114.21011,22.27864],[114.21048,22.27837],[114.21057,22.27808],[114.21107,22.27797],[114.21113,22.2778],[114.21096,22.27757],[114.211,22.27735],[114.21089,22.27712],[114.21143,22.27706],[114.21169,22.27712],[114.21217,22.27703],[114.21247,22.27726],[114.21265,22.27712],[114.21249,22.27698],[114.21254,22.27691],[114.21283,22.27687],[114.21293,22.27675],[114.21329,22.27659],[114.21345,22.27641],[114.21381,22.27648],[114.21398,22.27677],[114.21406,22.27729],[114.214,22.27732],[114.21388,22.27722],[114.21382,22.27726],[114.21346,22.27918]]},"properties":{"TRAIL_ID":"oth_45","TRAIL_NAME_EN":"TAI TAM TO TAI KOO (JARDINE'S LOOKOUT SECTION)","TRAIL_NAME_TC":"大潭至太古(渣甸山段)","SECTION_NO":"0","TYPE_EN":"Recommended Route","TYPE_TC":"特色路線","DIFFICULTY_EN":"Demanding","DIFFICULTY_TC":"費力","REGION_EN":"Hong Kong Island","REGION_TC":"香港島","STARTpt_EN":"Wong Nai Chung Gap","STARTpt_TC":"黃泥涌峽","FINISHpt_EN":"Tai Koo","FINISHpt_TC":"太古","WEBSITE":"https://www.hiking.gov.hk/trail/info/id/TXpWQlRML0VFTUtiTmpqSDhhMkYwQT09","TEL":"1823","MEASURE_LEN":6200,"name_en":"Tai Tam To Tai Koo (Jardine's Lookout Section)","name_tc":"大潭至太古(渣甸山段)","parent_id":null,"parent_en":null,"parent_tc":null,"parks_en":[],"parks_tc":[],"has_distance_posts":false,"mapped_length_m":5919,"length_mismatch":false,"branching":false,"direction_verified_by":"place_names","loop":false}},{"type":"Feature","geometry":{"type":"LineString","coordinates":[[114.19811,22.2582],[114.19813,22.25812],[114.19879,22.25818],[114.19893,22.25826],[114.19927,22.25869],[114.1995,22.25875],[114.19971,22.25896],[114.20003,22.25901],[114.20038,22.25921],[114.20075,22.25924],[114.20141,22.25892],[114.20186,22.25887],[114.20235,22.25911],[114.20412,22.25923],[114.20441,22.25938],[114.2047,22.25929],[114.20507,22.2593],[114.20518,22.25922],[114.2054,22.25855],[114.20572,22.2585],[114.2059,22.25821],[114.20615,22.25808],[114.20679,22.25806],[114.20801,22.25787],[114.20826,22.25812],[114.2086,22.2582],[114.20884,22.25795],[114.20887,22.2577],[114.20878,22.25762],[114.20886,22.25737],[114.20921,22.25726],[114.20944,22.2569],[114.21004,22.25703],[114.21023,22.25666],[114.2106,22.25678],[114.21037,22.25744],[114.21063,22.25793],[114.21084,22.25791],[114.21113,22.25758],[114.21223,22.25852],[114.21184,22.25866],[114.21139,22.2591],[114.21188,22.25972],[114.21166,22.26014],[114.21209,22.26042],[114.21242,22.26042],[114.21267,22.26026],[114.21304,22.26023],[114.21319,22.26007],[114.2136,22.26009],[114.21397,22.25994],[114.21397,22.26],[114.21369,22.26015],[114.21351,22.26048],[114.21356,22.2609],[114.21342,22.26119],[114.21355,22.26129],[114.21409,22.2614],[114.21415,22.26164],[114.21444,22.26185],[114.21451,22.26201],[114.21445,22.26234],[114.2142,22.26251],[114.21429,22.26306],[114.21388,22.26302],[114.21365,22.26336],[114.21362,22.26353],[114.21367,22.26365],[114.21383,22.26366],[114.21433,22.26358],[114.21449,22.26374],[114.21448,22.26394],[114.21464,22.2643],[114.21462,22.26453],[114.21477,22.26474],[114.21473,22.26513],[114.21486,22.26541],[114.21454,22.26575],[114.21419,22.26593],[114.21381,22.26583],[114.2133,22.26598],[114.2131,22.26615],[114.21222,22.26594],[114.21262,22.26619],[114.21298,22.26662],[114.21333,22.26683],[114.21335,22.26691],[114.21303,22.26744],[114.21305,22.26783],[114.21287,22.26819],[114.21199,22.26898],[114.21149,22.26964],[114.21114,22.2698],[114.21098,22.27003],[114.21097,22.27054],[114.2111,22.27088],[114.21057,22.27115],[114.21036,22.27109],[114.2102,22.27124],[114.21047,22.27185],[114.21046,22.27275],[114.21061,22.27303],[114.21106,22.27351],[114.21071,22.27372],[114.21027,22.27376],[114.21015,22.27407],[114.20986,22.27426],[114.20998,22.2748],[114.2097,22.27505],[114.20948,22.2755],[114.20894,22.27565],[114.20854,22.27603],[114.20863,22.2769],[114.20876,22.27721],[114.20908,22.27729],[114.20902,22.27751],[114.20914,22.27783],[114.20931,22.27787],[114.20962,22.27779],[114.21038,22.27745],[114.21056,22.27756],[114.21058,22.2777],[114.21033,22.27782],[114.2102,22.27818],[114.2097,22.27834],[114.20972,22.27874],[114.20998,22.27893],[114.20973,22.27953],[114.20994,22.27983],[114.20987,22.28008],[114.20994,22.28054],[114.21002,22.28065],[114.21025,22.28066],[114.21038,22.28085],[114.2104,22.2814],[114.21058,22.2815],[114.21089,22.28139]]},"properties":{"TRAIL_ID":"oth_46","TRAIL_NAME_EN":"TAI TAM TO TAI KOO (TAI TAM RESERVOIR SECTION)","TRAIL_NAME_TC":"大潭至太古(大潭水塘段)","SECTION_NO":"0","TYPE_EN":"Recommended Route","TYPE_TC":"特色路線","DIFFICULTY_EN":"Moderate","DIFFICULTY_TC":"普通","REGION_EN":"Hong Kong Island","REGION_TC":"香港島","STARTpt_EN":"Wong Nai Chung Gap","STARTpt_TC":"黃泥涌峽","FINISHpt_EN":"Woodside Biodiversity Education Centre","FINISHpt_TC":"林邊生物多樣性自然教育中心","WEBSITE":"https://www.hiking.gov.hk/trail/info/id/dmpYRDNZMzFZUXczNGFDN0VlZnRxdz09","TEL":"1823","MEASURE_LEN":6000,"name_en":"Tai Tam To Tai Koo (Tai Tam Reservoir Section)","name_tc":"大潭至太古(大潭水塘段)","parent_id":null,"parent_en":null,"parent_tc":null,"parks_en":[],"parks_tc":[],"has_distance_posts":false,"mapped_length_m":6235,"length_mismatch":false,"branching":false,"direction_verified_by":"place_names","loop":false}},{"type":"Feature","geometry":{"type":"LineString","coordinates":[[114.14375,22.38455],[114.14388,22.3849],[114.14401,22.38502],[114.14461,22.3852],[114.1447,22.38528],[114.14474,22.38554],[114.14492,22.38569],[114.1452,22.38572],[114.14537,22.38584],[114.14511,22.38624],[114.14455,22.38642],[114.14456,22.38676],[114.14506,22.38709],[114.14515,22.3874],[114.14545,22.38764],[114.14546,22.38792],[114.14566,22.38823],[114.14521,22.38931],[114.14536,22.38984],[114.14503,22.39049],[114.14528,22.39055],[114.14552,22.39036],[114.14607,22.39014],[114.14672,22.39006],[114.14721,22.39045],[114.14736,22.3907],[114.14751,22.39139],[114.14732,22.39185],[114.14737,22.39216],[114.14753,22.39219],[114.14836,22.392],[114.14883,22.39221],[114.14897,22.39258],[114.14926,22.39269],[114.14958,22.39268],[114.14976,22.39298],[114.15014,22.39317],[114.15023,22.39334],[114.15016,22.39361],[114.14938,22.39431],[114.14947,22.39446],[114.14983,22.39451],[114.14995,22.39462],[114.15006,22.39506],[114.14985,22.39526],[114.14982,22.39539],[114.15015,22.3959],[114.15035,22.39592],[114.15084,22.3957],[114.15111,22.39547],[114.15129,22.39549],[114.15141,22.39573],[114.15136,22.39613],[114.15149,22.39704],[114.15165,22.39716],[114.15233,22.39722],[114.15247,22.39715],[114.15258,22.3968],[114.15252,22.39661],[114.15234,22.39644],[114.15237,22.39635],[114.15307,22.39579],[114.15328,22.39547],[114.15333,22.39514],[114.15323,22.3948],[114.15331,22.39462],[114.15424,22.39508],[114.15437,22.39504],[114.15454,22.39484],[114.15472,22.39478],[114.15545,22.39488],[114.15548,22.39459],[114.15524,22.39412],[114.15549,22.39369],[114.15529,22.39327],[114.15539,22.39256],[114.15534,22.39238],[114.15447,22.39181],[114.15385,22.39189],[114.15356,22.39165],[114.15326,22.3912],[114.15235,22.3904],[114.15044,22.38921],[114.15019,22.38896],[114.14993,22.38826],[114.15019,22.38814],[114.15041,22.38819],[114.15042,22.38832],[114.15031,22.38848],[114.15046,22.38879],[114.15092,22.38882],[114.15098,22.38889],[114.15121,22.38873],[114.15148,22.38876],[114.15159,22.38864],[114.15184,22.38864],[114.15198,22.38851],[114.15223,22.38847],[114.15237,22.38857],[114.15269,22.38864],[114.15284,22.38902],[114.15261,22.3892],[114.15264,22.38936],[114.15317,22.3891],[114.1533,22.38936],[114.15356,22.38941],[114.1537,22.38965],[114.15495,22.39021],[114.155,22.39035],[114.15514,22.39035],[114.15543,22.39008],[114.15546,22.38997],[114.15473,22.38883],[114.15467,22.38817],[114.15411,22.3879],[114.15352,22.38709],[114.15329,22.38664],[114.15277,22.38626],[114.15266,22.38518],[114.15253,22.38501],[114.15208,22.38463],[114.15129,22.38422],[114.15102,22.38394],[114.14985,22.38326],[114.1498,22.38312],[114.14993,22.38282],[114.14989,22.38265],[114.14945,22.3823],[114.14863,22.38182],[114.14842,22.38161],[114.14844,22.38136],[114.14885,22.38118],[114.14928,22.38125],[114.14977,22.38161],[114.14996,22.38153],[114.14999,22.38137],[114.14927,22.38048],[114.14925,22.38036],[114.14938,22.38013],[114.14929,22.38012],[114.14906,22.38026],[114.14757,22.37881],[114.14717,22.37869],[114.14664,22.37811],[114.14633,22.37791],[114.14619,22.37792],[114.14594,22.37831],[114.1453,22.37864],[114.1447,22.37851],[114.14443,22.37811],[114.14428,22.37808],[114.14427,22.37828],[114.14416,22.3784],[114.14415,22.37896],[114.14404,22.37907],[114.14386,22.37905],[114.14358,22.37942],[114.14339,22.38022],[114.14355,22.38051],[114.14351,22.38076],[114.14301,22.38092],[114.14258,22.38117],[114.14179,22.38083],[114.14164,22.38085],[114.14154,22.38096],[114.14131,22.38158],[114.14134,22.3817],[114.14203,22.38257],[114.14245,22.38281],[114.14255,22.38328],[114.14271,22.38342],[114.14316,22.3835],[114.14354,22.38385],[114.14378,22.38428],[114.14375,22.38455]]},"properties":{"TRAIL_ID":"oth_47","TRAIL_NAME_EN":"SHING MUN RESERVOIR WALK","TRAIL_NAME_TC":"城門畔塘徑","SECTION_NO":"0","TYPE_EN":"Recommended Route","TYPE_TC":"特色路線","DIFFICULTY_EN":"Demanding","DIFFICULTY_TC":"費力","REGION_EN":"Central New Territories","REGION_TC":"新界中區","STARTpt_EN":"Pineapple Dam","STARTpt_TC":"菠蘿壩","FINISHpt_EN":"Pineapple Dam","FINISHpt_TC":"菠蘿壩","WEBSITE":"https://www.hiking.gov.hk/trail/info/id/NlRMUDdJZmdSaTRPeDVGZXlMQ0VEZz09","TEL":"1823","MEASURE_LEN":7500,"name_en":"Shing Mun Reservoir Walk","name_tc":"城門畔塘徑","parent_id":null,"parent_en":null,"parent_tc":null,"parks_en":[],"parks_tc":[],"has_distance_posts":false,"mapped_length_m":8517,"length_mismatch":true,"branching":false,"direction_verified_by":null,"loop":true}},{"type":"Feature","geometry":{"type":"LineString","coordinates":[[114.36028,22.39472],[114.3605,22.39476],[114.36067,22.39465],[114.3606,22.3944],[114.36065,22.39418],[114.36091,22.39417],[114.36102,22.39399],[114.36139,22.39401],[114.3617,22.39358],[114.36153,22.39346],[114.36101,22.3934],[114.36087,22.3933],[114.36073,22.39329],[114.36062,22.39341],[114.36034,22.39332],[114.3603,22.39311],[114.36036,22.39273],[114.36102,22.39239],[114.36012,22.39231],[114.35987,22.39215],[114.36037,22.39179],[114.36063,22.3914],[114.36057,22.39128],[114.36071,22.39102],[114.36098,22.39069],[114.36066,22.39029],[114.36046,22.39022],[114.36044,22.39013],[114.36074,22.38956],[114.36099,22.38939],[114.36123,22.38943],[114.36163,22.38966],[114.36196,22.38969],[114.36217,22.38957],[114.36269,22.38966],[114.3631,22.38984],[114.36313,22.39001],[114.36328,22.3901],[114.36354,22.39008],[114.36473,22.39073],[114.36498,22.39074],[114.36581,22.39105],[114.366,22.39129],[114.36643,22.39129],[114.36631,22.3914],[114.36688,22.39148],[114.36804,22.39198],[114.36825,22.39213],[114.36834,22.39248],[114.369,22.39268],[114.36918,22.3928],[114.36949,22.39367],[114.36997,22.39428],[114.36979,22.39474],[114.36988,22.39527],[114.37024,22.39578],[114.37053,22.39664],[114.37083,22.39685],[114.37104,22.39711],[114.37099,22.39781],[114.37083,22.39801],[114.37061,22.39804],[114.37044,22.39819],[114.37021,22.3982],[114.37013,22.39828],[114.36929,22.39953],[114.36873,22.39981],[114.36848,22.4001],[114.36815,22.40075],[114.36827,22.40097],[114.36836,22.40095],[114.36876,22.4008],[114.36932,22.40032],[114.36951,22.40028],[114.36988,22.40049],[114.36995,22.40089],[114.37013,22.40114],[114.37131,22.40122],[114.37144,22.40129],[114.37158,22.40147],[114.37158,22.4016],[114.37108,22.40222],[114.37107,22.40258],[114.37148,22.40281],[114.37152,22.40318],[114.37171,22.40341],[114.3724,22.40384],[114.37269,22.40385],[114.3729,22.40423],[114.37287,22.40462],[114.37312,22.40487],[114.37335,22.40525],[114.37366,22.40529],[114.3739,22.40546],[114.3739,22.40568],[114.37398,22.40569],[114.37392,22.40587],[114.37331,22.40648],[114.3733,22.4066],[114.37341,22.40675],[114.37415,22.40721],[114.37419,22.40745],[114.37446,22.40785],[114.37405,22.40841],[114.37392,22.4097],[114.37429,22.41016],[114.37441,22.41082],[114.3731,22.41236],[114.37301,22.41284],[114.37281,22.4129],[114.37264,22.41323],[114.37245,22.41323],[114.37256,22.41359],[114.3725,22.41388],[114.37237,22.41401],[114.37207,22.41403],[114.37198,22.4141],[114.37206,22.41461],[114.37224,22.41469],[114.37235,22.41495],[114.37223,22.41504],[114.37221,22.41525],[114.37213,22.41527],[114.37219,22.41546],[114.37193,22.41589],[114.37213,22.41631],[114.37199,22.41721],[114.37156,22.41729],[114.37142,22.41756],[114.37128,22.41767],[114.37126,22.418],[114.37112,22.41818],[114.37119,22.41848],[114.37109,22.41898],[114.37083,22.41918],[114.37077,22.41932],[114.37004,22.41937],[114.3697,22.41922],[114.36835,22.41936],[114.3681,22.4192],[114.36779,22.4192],[114.36771,22.41935],[114.36748,22.41945],[114.36739,22.41983],[114.3672,22.41998],[114.36745,22.42111],[114.36733,22.421],[114.36633,22.42077],[114.36603,22.42086],[114.36575,22.42108],[114.36547,22.42115],[114.36453,22.42066],[114.36437,22.42043],[114.36328,22.42043],[114.36293,22.4203],[114.36257,22.4204],[114.36235,22.42055],[114.36204,22.42047],[114.36185,22.42059],[114.36171,22.42081],[114.36132,22.421],[114.36087,22.42093],[114.36056,22.42111],[114.36031,22.42141],[114.359,22.42136],[114.35795,22.42155],[114.35769,22.42154],[114.3575,22.42145],[114.35716,22.42156],[114.35693,22.42154],[114.35662,22.42169],[114.35636,22.42162],[114.35622,22.42165],[114.35608,22.42153],[114.35561,22.42168],[114.35535,22.42156],[114.35493,22.42178],[114.35424,22.42185],[114.35367,22.42219],[114.35341,22.42201],[114.3523,22.42206],[114.35208,22.42215],[114.3517,22.42256],[114.35153,22.42261],[114.35112,22.42252],[114.35082,22.4222],[114.35074,22.42168],[114.35064,22.42155],[114.35022,22.42145],[114.34991,22.42148],[114.34991,22.42139],[114.34891,22.42159],[114.34862,22.42155],[114.34796,22.42186],[114.34781,22.42201],[114.34718,22.42225],[114.34691,22.42227],[114.34686,22.42249],[114.34654,22.42288],[114.34628,22.42301],[114.34566,22.42309],[114.34533,22.42322],[114.34517,22.42315],[114.34484,22.42313],[114.34462,22.42344],[114.34419,22.42338],[114.34413,22.42347],[114.3439,22.42351],[114.34378,22.4237],[114.34334,22.42379],[114.34327,22.42407],[114.34294,22.42439],[114.34285,22.42459],[114.34266,22.42469],[114.34265,22.42498],[114.34205,22.42486],[114.34171,22.42489],[114.34125,22.42477],[114.34091,22.42481],[114.34075,22.42467],[114.34057,22.42474],[114.34012,22.4246],[114.33981,22.42467],[114.33925,22.42457],[114.33906,22.42495],[114.3388,22.42483],[114.33857,22.42484],[114.33778,22.4251],[114.33761,22.42507],[114.33745,22.42494],[114.33727,22.42503],[114.33666,22.42471],[114.33649,22.42427],[114.33594,22.42414],[114.33505,22.42367],[114.33493,22.42345],[114.33463,22.42329],[114.33411,22.42273],[114.33334,22.42215],[114.33321,22.42196],[114.33284,22.42169],[114.33247,22.42162],[114.33249,22.42144],[114.33231,22.42129]]},"properties":{"TRAIL_ID":"oth_31","TRAIL_NAME_EN":"TAI LONG WAN HIKING TRAIL","TRAIL_NAME_TC":"大浪灣遠足徑","SECTION_NO":"0","TYPE_EN":"Geo Route","TYPE_TC":"地質路線","DIFFICULTY_EN":"Difficult","DIFFICULTY_TC":"難行","REGION_EN":"Sai Kung","REGION_TC":"西貢","STARTpt_EN":"Sai Kung Sai Wan Road","STARTpt_TC":"西貢西灣路","FINISHpt_EN":"Pak Tam Au","FINISHpt_TC":"北潭凹","WEBSITE":"https://www.hiking.gov.hk/trail/info/id/ckZZcXRjeHpwZzROc0FUN0xFTTJPdz09","TEL":"1823","MEASURE_LEN":11400,"name_en":"Tai Long Wan Hiking Trail","name_tc":"大浪灣遠足徑","parent_id":null,"parent_en":null,"parent_tc":null,"parks_en":[],"parks_tc":[],"has_distance_posts":false,"mapped_length_m":11231,"length_mismatch":false,"branching":false,"direction_verified_by":"place_names","loop":false}},{"type":"Feature","geometry":{"type":"LineString","coordinates":[[114.03095,22.41013],[114.031,22.40959],[114.0314,22.40915],[114.03246,22.40935],[114.03305,22.40924],[114.03328,22.4091],[114.03356,22.40838],[114.03366,22.40776],[114.03396,22.40716],[114.03436,22.40693],[114.03552,22.40662],[114.03576,22.40639],[114.0359,22.4061],[114.03588,22.40567],[114.03542,22.40511],[114.03543,22.40467],[114.03558,22.40453],[114.03661,22.40451],[114.03706,22.40431],[114.03724,22.40376],[114.03701,22.40299],[114.03691,22.40289],[114.03671,22.40284],[114.03623,22.40306],[114.03583,22.40306],[114.03527,22.4029],[114.03499,22.40262],[114.035,22.40237],[114.03518,22.4019],[114.03519,22.40152],[114.03494,22.40069],[114.03492,22.40026],[114.03461,22.39957],[114.03466,22.39942],[114.034,22.39941],[114.03382,22.39928],[114.03376,22.39912],[114.03388,22.39864],[114.03374,22.39836],[114.03367,22.39764],[114.03398,22.39716],[114.03381,22.39689],[114.03357,22.39677],[114.03285,22.39687],[114.03234,22.39649],[114.03172,22.39648],[114.03102,22.39636],[114.03092,22.39606],[114.0308,22.39594],[114.03032,22.39567],[114.0298,22.39564],[114.02903,22.39498],[114.02883,22.39492],[114.02828,22.39486],[114.02785,22.39496],[114.02763,22.39515],[114.02699,22.39515],[114.02682,22.39339],[114.02657,22.39343],[114.02638,22.39316],[114.0259,22.39299],[114.0255,22.39292],[114.02527,22.39297],[114.02491,22.39287],[114.02438,22.39246],[114.0244,22.39242],[114.0244,22.3924],[114.02446,22.39236],[114.02455,22.3922],[114.02454,22.39207],[114.0246,22.39196],[114.02464,22.39186],[114.02469,22.39167],[114.02436,22.39147],[114.02417,22.39125],[114.02416,22.39096],[114.02415,22.39115],[114.02417,22.39125],[114.02432,22.39138],[114.02436,22.39147],[114.02468,22.39164],[114.02469,22.39167],[114.02468,22.39172],[114.02464,22.39186],[114.0246,22.39196],[114.02458,22.39199],[114.02454,22.39207],[114.02454,22.39212],[114.02455,22.3922],[114.02439,22.3924],[114.02438,22.39246],[114.02416,22.39253],[114.02411,22.39268],[114.02367,22.39269],[114.02358,22.39285],[114.02354,22.39323],[114.0234,22.39334],[114.02325,22.39331],[114.02317,22.39318],[114.02335,22.39281],[114.0234,22.39229],[114.02301,22.39171],[114.02288,22.39164],[114.0226,22.39165],[114.02239,22.39156],[114.02216,22.3916],[114.02197,22.39152],[114.02162,22.39177],[114.02091,22.3917],[114.02084,22.39194],[114.02071,22.39199],[114.02054,22.39194],[114.01993,22.39241],[114.01977,22.39273],[114.01968,22.39369],[114.01896,22.39543],[114.0191,22.39634],[114.01891,22.39678],[114.01851,22.39701],[114.01827,22.39735],[114.01835,22.39755],[114.01858,22.39767],[114.01868,22.39781],[114.0185,22.39815],[114.01843,22.3985],[114.01824,22.39881],[114.01825,22.39906],[114.01805,22.39959],[114.01816,22.39977],[114.01815,22.39992],[114.01783,22.40013],[114.01779,22.40034],[114.01766,22.40048],[114.01767,22.40093],[114.01757,22.40121],[114.01728,22.40159],[114.01721,22.40182],[114.01696,22.40205],[114.01713,22.40217],[114.01739,22.4022],[114.01735,22.40239],[114.01762,22.40291],[114.01744,22.40308],[114.01756,22.40336],[114.01748,22.40367],[114.01762,22.40384],[114.01747,22.40466],[114.01776,22.40518],[114.01812,22.40526],[114.01827,22.40563],[114.01846,22.40574],[114.01816,22.4067],[114.01842,22.40687],[114.01877,22.40688],[114.01909,22.40733],[114.01866,22.40822],[114.01856,22.40903],[114.01833,22.40926],[114.01833,22.40961],[114.01847,22.40963],[114.0186,22.40976]]},"properties":{"TRAIL_ID":"oth_48","TRAIL_NAME_EN":"TAI TONG TO WONG NAI TUN RESERVOIR","TRAIL_NAME_TC":"大棠至黃泥墩水塘","SECTION_NO":"0","TYPE_EN":"Recommended Route","TYPE_TC":"特色路線","DIFFICULTY_EN":"Demanding","DIFFICULTY_TC":"費力","REGION_EN":"West New Territories","REGION_TC":"新界西區","STARTpt_EN":"Tai Tong Shan Road","STARTpt_TC":"大棠山路","FINISHpt_EN":"Yeung Ka Tsuen","FINISHpt_TC":"楊家村","WEBSITE":"https://www.hiking.gov.hk/trail/info/id/Z1U3TDhQNmtyWmhnS0VFV2w1RFBYUT09","TEL":"1823","MEASURE_LEN":7100,"name_en":"Tai Tong To Wong Nai Tun Reservoir","name_tc":"大棠至黃泥墩水塘","parent_id":null,"parent_en":null,"parent_tc":null,"parks_en":[],"parks_tc":[],"has_distance_posts":false,"mapped_length_m":7089,"length_mismatch":false,"branching":false,"direction_verified_by":"place_names","loop":false}},{"type":"Feature","geometry":{"type":"LineString","coordinates":[[114.15851,22.25295],[114.15876,22.25362],[114.15936,22.2544],[114.15955,22.25482],[114.15963,22.25492],[114.15995,22.25501],[114.1601,22.25519],[114.16022,22.25598],[114.1605,22.25643],[114.16056,22.25703],[114.16068,22.25713],[114.16125,22.25709],[114.16135,22.25714],[114.16151,22.25759],[114.16142,22.25795],[114.16155,22.25815],[114.16157,22.2587],[114.16172,22.25889],[114.16193,22.25892],[114.16207,22.25867],[114.16232,22.25851],[114.16269,22.25846],[114.16303,22.25872],[114.16338,22.25883],[114.1634,22.25936],[114.16363,22.25966],[114.16358,22.26],[114.16364,22.26019],[114.16357,22.26039],[114.16383,22.26041],[114.16388,22.26078],[114.16419,22.26079],[114.16445,22.26101],[114.16446,22.26116],[114.16465,22.26126],[114.16467,22.26137],[114.16455,22.26158],[114.16488,22.26169],[114.16473,22.26212],[114.16498,22.26216],[114.16513,22.26228],[114.1651,22.2627],[114.16532,22.26281],[114.16521,22.26313],[114.16553,22.26344],[114.16575,22.26342],[114.16585,22.26375],[114.16608,22.2639],[114.16592,22.26425],[114.16619,22.26431],[114.16625,22.26443],[114.16605,22.26468],[114.16656,22.2651],[114.16685,22.26514],[114.16712,22.26554],[114.16703,22.26612],[114.16712,22.26619],[114.1675,22.26603],[114.16778,22.26643],[114.16798,22.26633],[114.16819,22.26642],[114.16835,22.26663],[114.16891,22.26675],[114.16935,22.26662],[114.16967,22.2668]]},"properties":{"TRAIL_ID":"oth_50","TRAIL_NAME_EN":"ABERDEEN RESERVOIRS WALK","TRAIL_NAME_TC":"香港仔畔塘徑","SECTION_NO":"0","TYPE_EN":"Recommended Route","TYPE_TC":"特色路線","DIFFICULTY_EN":"Easy","DIFFICULTY_TC":"易行","REGION_EN":"Hong Kong Island","REGION_TC":"香港島","STARTpt_EN":"The entrance of Aberdeen Country Park near Yue Kwong Chuen","STARTpt_TC":"香港仔郊野公園近漁光村入口","FINISHpt_EN":"The exit of Aberdeen Country Park near Wan chai gap","FINISHpt_TC":"香港仔郊野公園近灣仔峽出口","WEBSITE":"https://www.hiking.gov.hk/trail/info/id/VGpKUGVSdGQ2Q2I2WWIyK0ZvN0RjUT09","TEL":"1823","MEASURE_LEN":2500,"name_en":"Aberdeen Reservoirs Walk","name_tc":"香港仔畔塘徑","parent_id":null,"parent_en":null,"parent_tc":null,"parks_en":[],"parks_tc":[],"has_distance_posts":false,"mapped_length_m":2513,"length_mismatch":false,"branching":false,"direction_verified_by":null,"loop":false}},{"type":"Feature","geometry":{"type":"LineString","coordinates":[[114.15851,22.25295],[114.15906,22.25334],[114.1603,22.25364],[114.16049,22.25375],[114.16089,22.25304],[114.16101,22.25266],[114.16132,22.25236],[114.16185,22.2515],[114.16255,22.25101],[114.16282,22.25167],[114.16293,22.25218],[114.16327,22.25232],[114.16355,22.25235],[114.16361,22.25245],[114.16334,22.25283],[114.16332,22.25296],[114.16348,22.2532],[114.16336,22.25342],[114.16338,22.25371],[114.16322,22.25385],[114.1633,22.25406],[114.16326,22.2542],[114.16297,22.25422],[114.16276,22.25444],[114.16259,22.25447],[114.16233,22.25487],[114.16218,22.25552],[114.16231,22.25565],[114.16256,22.25567],[114.16317,22.25546],[114.1635,22.25569],[114.16405,22.25581],[114.16428,22.25619],[114.16422,22.25641],[114.16332,22.25634],[114.16315,22.25772],[114.16334,22.25805],[114.16338,22.25883]]},"properties":{"TRAIL_ID":"oth_51","TRAIL_NAME_EN":"ABERDEEN RESERVOIRS WALK (LOWER RESERVOIR SECTION)","TRAIL_NAME_TC":"香港仔畔塘徑(下水塘段)","SECTION_NO":"0","TYPE_EN":"Recommended Route","TYPE_TC":"特色路線","DIFFICULTY_EN":"Easy","DIFFICULTY_TC":"易行","REGION_EN":"Hong Kong Island","REGION_TC":"香港島","STARTpt_EN":"The entrance of Aberdeen Country Park near Yue Kwong Chuen","STARTpt_TC":"香港仔郊野公園近漁光村入口","FINISHpt_EN":"Aberdeen Upper Reservoir","FINISHpt_TC":"香港仔上水塘","WEBSITE":"https://www.hiking.gov.hk/trail/info/id/ekRuYUFhUi9zdnczTk1vTzRvUGZ0Zz09","TEL":"1823","MEASURE_LEN":2000,"name_en":"Aberdeen Reservoirs Walk (Lower Reservoir Section)","name_tc":"香港仔畔塘徑(下水塘段)","parent_id":null,"parent_en":null,"parent_tc":null,"parks_en":[],"parks_tc":[],"has_distance_posts":false,"mapped_length_m":1939,"length_mismatch":false,"branching":false,"direction_verified_by":null,"loop":false}},{"type":"Feature","geometry":{"type":"LineString","coordinates":[[114.18118,22.36399],[114.18163,22.36344],[114.18188,22.36288],[114.18175,22.36275],[114.18171,22.36229],[114.18174,22.36177],[114.18185,22.36165],[114.18158,22.36129],[114.18167,22.36094],[114.18164,22.36062],[114.1818,22.36057],[114.18174,22.3602],[114.18148,22.35982],[114.18121,22.35976],[114.18101,22.35957],[114.1808,22.35965],[114.18057,22.35944],[114.18036,22.35953],[114.18027,22.35936],[114.18001,22.35934],[114.17998,22.35947],[114.1798,22.35937],[114.1792,22.35819],[114.17932,22.35779],[114.18022,22.3573],[114.18006,22.35711],[114.18016,22.35689],[114.18052,22.35668],[114.18065,22.35649],[114.18068,22.35634],[114.18034,22.35553],[114.18016,22.35535],[114.1801,22.35513],[114.18034,22.35484],[114.18063,22.3548],[114.18065,22.35458],[114.18104,22.35439],[114.18117,22.35412],[114.18106,22.35385],[114.18127,22.35368],[114.18143,22.35308],[114.18115,22.35248],[114.18152,22.3516],[114.18161,22.3511],[114.18131,22.35059],[114.18179,22.3509],[114.18233,22.3516],[114.18312,22.35204],[114.18356,22.3522],[114.18418,22.35266],[114.18451,22.35254],[114.18481,22.35226],[114.18534,22.35221],[114.18574,22.35226],[114.18609,22.35259],[114.18623,22.35267],[114.18644,22.35263],[114.18654,22.35276],[114.18697,22.35292],[114.18701,22.35317],[114.18696,22.35329],[114.1871,22.35378],[114.18759,22.35467],[114.18744,22.35524],[114.18782,22.35516],[114.18797,22.35481],[114.18819,22.3548],[114.18849,22.35494],[114.18873,22.35494],[114.1889,22.35487],[114.18907,22.35466],[114.18927,22.35483],[114.18939,22.35526],[114.18959,22.3553],[114.18986,22.35512],[114.18997,22.35491],[114.19058,22.35462],[114.19087,22.35491],[114.19082,22.35511],[114.19106,22.35555],[114.19153,22.35547],[114.19171,22.35556],[114.192,22.35617],[114.19218,22.35609],[114.1924,22.35624],[114.19238,22.35649],[114.19255,22.35656],[114.19276,22.3569],[114.19292,22.35676],[114.1931,22.35685],[114.19348,22.35631],[114.19359,22.35627],[114.19387,22.35593],[114.1942,22.35568],[114.19456,22.35578],[114.19542,22.3556],[114.19586,22.35568],[114.19706,22.35566],[114.19759,22.35555],[114.19792,22.35528],[114.19809,22.35536],[114.19813,22.3555],[114.19826,22.3554],[114.19831,22.35568],[114.19834,22.3556],[114.19839,22.35567],[114.19873,22.35546],[114.19891,22.35557],[114.19959,22.3554],[114.1994,22.35563],[114.19927,22.35624],[114.19947,22.3563],[114.19956,22.35644],[114.19956,22.35657],[114.19941,22.35671],[114.19938,22.35738],[114.19951,22.35756],[114.19965,22.35808],[114.19955,22.35836],[114.19959,22.35897],[114.19995,22.35956],[114.20014,22.36006],[114.19989,22.36039],[114.19989,22.36057],[114.19951,22.3619],[114.19952,22.3624],[114.1993,22.36294],[114.19933,22.36317],[114.19912,22.36349],[114.19877,22.36373],[114.1987,22.36391],[114.199,22.36441],[114.19867,22.36516],[114.1982,22.36542],[114.19826,22.36565],[114.19775,22.36642],[114.19772,22.3667],[114.19781,22.36704],[114.19777,22.36733],[114.1974,22.36773],[114.19718,22.36848],[114.197,22.36865],[114.19707,22.3693],[114.19653,22.37062],[114.19626,22.37156],[114.19628,22.37243],[114.1956,22.37262],[114.19556,22.37353],[114.1957,22.37387],[114.19574,22.37436]]},"properties":{"TRAIL_ID":"oth_52","TRAIL_NAME_EN":"LION ROCK HISTORIC WALK","TRAIL_NAME_TC":"獅子山歷史徑","SECTION_NO":"0","TYPE_EN":"Recommended Route","TYPE_TC":"特色路線","DIFFICULTY_EN":"Difficult","DIFFICULTY_TC":"難行","REGION_EN":"Central New Territories","REGION_TC":"新界中區","STARTpt_EN":"Hung Mui Kuk","STARTpt_TC":"紅梅谷","FINISHpt_EN":"Shui Tsuen O","FINISHpt_TC":"水泉澳","WEBSITE":"https://www.hiking.gov.hk/trail/info/id/Ymh6YmlmYzl3WkRUdmdzeGx0QVMvQT09","TEL":"1823","MEASURE_LEN":7300,"name_en":"Lion Rock Historic Walk","name_tc":"獅子山歷史徑","parent_id":null,"parent_en":null,"parent_tc":null,"parks_en":[],"parks_tc":[],"has_distance_posts":false,"mapped_length_m":7084,"length_mismatch":false,"branching":false,"direction_verified_by":"place_names","loop":false}},{"type":"Feature","geometry":{"type":"LineString","coordinates":[[114.10529,22.40652],[114.10506,22.40688],[114.10474,22.40705],[114.10459,22.4073],[114.10433,22.40743],[114.10387,22.40731],[114.10322,22.40731],[114.10204,22.40755],[114.10147,22.40716],[114.1012,22.40717],[114.10084,22.40735],[114.10074,22.40705],[114.10033,22.40697],[114.10003,22.40642],[114.09956,22.40588],[114.09764,22.40437],[114.09754,22.40387],[114.09742,22.40372],[114.09684,22.40351],[114.09686,22.40297],[114.0961,22.40267],[114.09599,22.40208],[114.09517,22.40139],[114.09494,22.40083],[114.09414,22.40037],[114.0936,22.40019],[114.09347,22.39992],[114.09328,22.39978],[114.09274,22.39969],[114.09222,22.39937],[114.09159,22.39947],[114.0914,22.39917],[114.09147,22.39884],[114.09125,22.39863],[114.09113,22.39839],[114.0909,22.39837],[114.09055,22.39819],[114.09021,22.39823],[114.08994,22.39788],[114.08957,22.3977],[114.08942,22.39744],[114.08899,22.39748],[114.08869,22.39728],[114.08871,22.39716],[114.08899,22.3972],[114.08907,22.39716],[114.08837,22.39671],[114.08786,22.39601],[114.08769,22.39552],[114.08711,22.395],[114.08667,22.39429],[114.08635,22.39397],[114.08609,22.39344],[114.0858,22.39316],[114.0855,22.39307],[114.08547,22.39284],[114.08568,22.39248],[114.08555,22.39221],[114.0856,22.39175],[114.08541,22.39096],[114.0851,22.39005],[114.08433,22.38939],[114.08418,22.38903],[114.08437,22.38877],[114.08445,22.38848],[114.08451,22.3875],[114.08482,22.38712],[114.08484,22.38672],[114.08496,22.38643],[114.08513,22.38625],[114.085,22.38607],[114.08475,22.38596],[114.08479,22.38572],[114.08499,22.38534],[114.08482,22.38473],[114.08498,22.38458],[114.08493,22.38445],[114.0851,22.38425],[114.0851,22.38403],[114.08523,22.38382],[114.08509,22.3834],[114.08501,22.38341],[114.08488,22.38329],[114.085,22.38316],[114.08482,22.383],[114.08501,22.38282],[114.08521,22.38211],[114.08547,22.3819],[114.08516,22.38143],[114.08544,22.38092],[114.08542,22.38071],[114.08555,22.38037],[114.08583,22.38009],[114.08617,22.37992],[114.08617,22.37948],[114.08647,22.37908],[114.08698,22.37886],[114.08758,22.37882],[114.08789,22.37864],[114.08805,22.37876],[114.08824,22.37877],[114.08845,22.3785],[114.08894,22.37847],[114.08921,22.3783],[114.08948,22.37834],[114.08977,22.37812],[114.09002,22.3782],[114.09016,22.37802],[114.09044,22.37788],[114.09078,22.37757],[114.09106,22.37761],[114.0916,22.37754],[114.09213,22.37768],[114.09278,22.37769],[114.09323,22.37782],[114.09387,22.37787],[114.09418,22.37784],[114.09442,22.37767],[114.09478,22.37783],[114.09523,22.37838],[114.0959,22.3782],[114.09743,22.37806],[114.09791,22.37792],[114.09814,22.37768],[114.09848,22.37762],[114.09889,22.37741],[114.09973,22.37636],[114.09998,22.37619],[114.10112,22.37583],[114.10164,22.37582],[114.10176,22.37584],[114.10175,22.37592],[114.10246,22.37558],[114.10271,22.37555],[114.10288,22.37575],[114.10291,22.3759],[114.10301,22.37595],[114.10299,22.37608],[114.10316,22.37615],[114.10319,22.37611],[114.10355,22.37619],[114.10389,22.37609],[114.10409,22.37617]]},"properties":{"TRAIL_ID":"oth_53","TRAIL_NAME_EN":"TWISK TO SHEK LUNG KUNG","TRAIL_NAME_TC":"荃錦至石龍拱","SECTION_NO":"0","TYPE_EN":"Recommended Route","TYPE_TC":"特色路線","DIFFICULTY_EN":"Moderate","DIFFICULTY_TC":"普通","REGION_EN":"West New Territories","REGION_TC":"新界西區","STARTpt_EN":"Twisk","STARTpt_TC":"荃錦","FINISHpt_EN":"Shek Lung Kung","FINISHpt_TC":"石龍拱","WEBSITE":null,"TEL":"1823","MEASURE_LEN":7100,"name_en":"Twisk To Shek Lung Kung","name_tc":"荃錦至石龍拱","parent_id":null,"parent_en":null,"parent_tc":null,"parks_en":[],"parks_tc":[],"has_distance_posts":false,"mapped_length_m":7051,"length_mismatch":false,"branching":false,"direction_verified_by":null,"loop":false}},{"type":"Feature","geometry":{"type":"MultiLineString","coordinates":[[[114.37389,22.3654],[114.37405,22.36563],[114.37382,22.36574],[114.37357,22.366],[114.3736,22.36644],[114.3742,22.36709],[114.37467,22.36849],[114.375,22.36839],[114.37493,22.36823]],[[114.37493,22.36823],[114.37509,22.36821],[114.3751,22.36802],[114.37521,22.36787],[114.37543,22.36766],[114.37574,22.36752],[114.37586,22.36718],[114.37609,22.36704],[114.37635,22.36707],[114.37676,22.36688],[114.37774,22.3667],[114.37753,22.36662],[114.37698,22.36663],[114.37631,22.36675],[114.3759,22.36664],[114.37581,22.36634],[114.3756,22.36632],[114.37514,22.3671],[114.37485,22.36734],[114.37483,22.36777],[114.37493,22.36823]]]},"properties":{"TRAIL_ID":"oth_54","TRAIL_NAME_EN":"HIGH ISLAND GEO TRAIL - BIU TSIM KOK SECTION","TRAIL_NAME_TC":"萬宜地質步道 - 標尖角段","SECTION_NO":"0","TYPE_EN":"Geo Route","TYPE_TC":"地質路線","DIFFICULTY_EN":"Easy","DIFFICULTY_TC":"易行","REGION_EN":"Sai Kung","REGION_TC":"西貢","STARTpt_EN":"East Dam","STARTpt_TC":"東壩","FINISHpt_EN":"Biu Tsim Kok","FINISHpt_TC":"標尖角","WEBSITE":"https://www.hiking.gov.hk/trail/info/id/MUNrNUw1WEdwS2RTa0IzMVJwSkY5QT09","TEL":"1823","MEASURE_LEN":1400,"name_en":"High Island Geo Trail - Biu Tsim Kok Section","name_tc":"萬宜地質步道 - 標尖角段","parent_id":null,"parent_en":null,"parent_tc":null,"parks_en":[],"parks_tc":[],"has_distance_posts":false,"mapped_length_m":1333,"length_mismatch":false,"branching":true,"direction_verified_by":null,"loop":true}},{"type":"Feature","geometry":{"type":"LineString","coordinates":[[114.37169,22.36206],[114.37195,22.36298],[114.37236,22.36383],[114.37298,22.36466],[114.37379,22.36538],[114.37404,22.36539],[114.37416,22.36532],[114.37447,22.36491],[114.37472,22.36473],[114.37538,22.3645],[114.37614,22.36438],[114.37674,22.36397],[114.37667,22.3639],[114.37648,22.36404],[114.37585,22.36422],[114.37465,22.36405],[114.37398,22.36419],[114.37355,22.36373],[114.37301,22.3628],[114.3728,22.36217],[114.37314,22.3619]]},"properties":{"TRAIL_ID":"oth_55","TRAIL_NAME_EN":"HIGH ISLAND GEO TRAIL - EAST DAM SECTION","TRAIL_NAME_TC":"萬宜地質步道 - 東壩段","SECTION_NO":"0","TYPE_EN":"Geo Route","TYPE_TC":"地質路線","DIFFICULTY_EN":"Easy","DIFFICULTY_TC":"易行","REGION_EN":"Sai Kung","REGION_TC":"西貢","STARTpt_EN":"East Dam","STARTpt_TC":"東壩","FINISHpt_EN":"East Dam","FINISHpt_TC":"東壩","WEBSITE":"https://www.hiking.gov.hk/trail/info/id/ZFNQcUI3R0toMzhFWHAwbUdQNXBwZz09","TEL":"1823","MEASURE_LEN":1400,"name_en":"High Island Geo Trail - East Dam Section","name_tc":"萬宜地質步道 - 東壩段","parent_id":null,"parent_en":null,"parent_tc":null,"parks_en":[],"parks_tc":[],"has_distance_posts":false,"mapped_length_m":1402,"length_mismatch":false,"branching":false,"direction_verified_by":null,"loop":false}},{"type":"Feature","geometry":{"type":"LineString","coordinates":[[114.37136,22.36175],[114.37134,22.36153],[114.37166,22.36138],[114.37186,22.3612],[114.37208,22.36085],[114.37227,22.36082],[114.3724,22.36062],[114.37224,22.36044],[114.37221,22.36007],[114.37288,22.35986],[114.37312,22.3596],[114.37335,22.35957],[114.37356,22.35948],[114.37359,22.3594],[114.37394,22.35942],[114.37398,22.35893],[114.3744,22.35865],[114.37455,22.3584],[114.37506,22.35821],[114.37546,22.35827],[114.3757,22.35814],[114.37626,22.35816],[114.37656,22.35803],[114.37671,22.35811],[114.37667,22.35823],[114.37692,22.35816],[114.37724,22.35819]]},"properties":{"TRAIL_ID":"oth_56","TRAIL_NAME_EN":"HIGH ISLAND GEO TRAIL - PO PIN CHAU SECTION","TRAIL_NAME_TC":"萬宜地質步道 - 破邊洲段","SECTION_NO":"0","TYPE_EN":"Geo Route","TYPE_TC":"地質路線","DIFFICULTY_EN":"Moderate","DIFFICULTY_TC":"普通","REGION_EN":"Sai Kung","REGION_TC":"西貢","STARTpt_EN":"East Dam","STARTpt_TC":"東壩","FINISHpt_EN":"Po Pin Chau","FINISHpt_TC":"破邊洲","WEBSITE":"https://www.hiking.gov.hk/trail/info/id/c2ZrZUpiUGRBck1TanVNQ1J6Qkg5Zz09","TEL":"1823","MEASURE_LEN":1000,"name_en":"High Island Geo Trail - Po Pin Chau Section","name_tc":"萬宜地質步道 - 破邊洲段","parent_id":null,"parent_en":null,"parent_tc":null,"parks_en":[],"parks_tc":[],"has_distance_posts":false,"mapped_length_m":966,"length_mismatch":false,"branching":false,"direction_verified_by":"place_names","loop":false}},{"type":"Feature","geometry":{"type":"LineString","coordinates":[[114.13682,22.27762],[114.13669,22.27751],[114.13658,22.27754],[114.13625,22.27799],[114.13586,22.27773],[114.13595,22.2776],[114.1358,22.27754],[114.13591,22.27756],[114.13612,22.27697],[114.13631,22.27681],[114.13653,22.27704],[114.13653,22.27709],[114.13637,22.27711]]},"properties":{"TRAIL_ID":"oth_23","TRAIL_NAME_EN":"PINEWOOD BATTERY HERITAGE TRAIL","TRAIL_NAME_TC":"松林砲台歷史徑","SECTION_NO":"0","TYPE_EN":"Recommended Route","TYPE_TC":"特色路線","DIFFICULTY_EN":"Easy","DIFFICULTY_TC":"易行","REGION_EN":"Hong Kong Island","REGION_TC":"香港島","STARTpt_EN":"Entrance of the Picnic Area Site No.1 on Hatton Road, Lung Fu Shan Country Park","STARTpt_TC":"龍虎山郊野公園克頓道的郊遊區1號場入口","FINISHpt_EN":"Entrance of the Picnic Area Site No.1 on Hatton Road, Lung Fu Shan Country Park","FINISHpt_TC":"龍虎山郊野公園克頓道的郊遊區1號場入口","WEBSITE":"https://www.hiking.gov.hk/trail/info/id/Njk2MDlSS01XZkpMVXNzd1ltQTFUZz09","TEL":"1823","MEASURE_LEN":400,"name_en":"Pinewood Battery Heritage Trail","name_tc":"松林砲台歷史徑","parent_id":null,"parent_en":null,"parent_tc":null,"parks_en":[],"parks_tc":[],"has_distance_posts":false,"mapped_length_m":361,"length_mismatch":false,"branching":false,"direction_verified_by":null,"loop":false}},{"type":"Feature","geometry":{"type":"LineString","coordinates":[[114.14949,22.2713],[114.14935,22.2717],[114.14956,22.2721],[114.14952,22.27233],[114.14934,22.27257],[114.14898,22.27283],[114.14885,22.27395],[114.14905,22.27431],[114.14905,22.27473],[114.14933,22.27501],[114.14937,22.2755],[114.14886,22.27583],[114.1486,22.27562],[114.14829,22.27579],[114.14792,22.27648],[114.14794,22.27678],[114.14808,22.27714],[114.148,22.27739],[114.1474,22.27779],[114.14693,22.27788],[114.14678,22.27817],[114.14638,22.27847],[114.14503,22.27834],[114.14487,22.27815],[114.14477,22.27779],[114.14409,22.27752],[114.14318,22.27762],[114.14263,22.27745],[114.14193,22.27653],[114.14191,22.27612],[114.14173,22.27562],[114.14152,22.27541],[114.14077,22.2752],[114.14042,22.27521],[114.1399,22.27498],[114.13932,22.27495],[114.13864,22.27458],[114.13856,22.27431],[114.13885,22.27358],[114.13933,22.27297],[114.13896,22.27311],[114.13891,22.27337],[114.1385,22.27381],[114.13828,22.27393],[114.13791,22.27489],[114.13799,22.27503],[114.13825,22.27499],[114.13865,22.27539],[114.13811,22.27528],[114.13788,22.27546],[114.13783,22.27576],[114.13764,22.27581],[114.13755,22.27592],[114.13746,22.27624],[114.13729,22.27635],[114.13732,22.27649],[114.13725,22.27663],[114.13688,22.27666],[114.13699,22.27701],[114.13689,22.27727],[114.13689,22.27753],[114.13677,22.27773],[114.13672,22.2784],[114.13624,22.27868],[114.13592,22.27873],[114.13563,22.27905],[114.13562,22.27925],[114.1357,22.27935],[114.13575,22.27916],[114.13605,22.27906],[114.13633,22.2792],[114.13663,22.27912],[114.13714,22.27925],[114.13736,22.27915],[114.13776,22.27875],[114.13781,22.27861],[114.13812,22.27857],[114.13828,22.27841],[114.13844,22.27843],[114.13852,22.27853],[114.13851,22.27885],[114.13869,22.27901],[114.13877,22.27924],[114.13876,22.27943],[114.1386,22.27965],[114.13864,22.27976],[114.13857,22.27994],[114.13866,22.28014],[114.13912,22.28045],[114.13948,22.28084],[114.13981,22.28103],[114.14027,22.281],[114.14034,22.28106]]},"properties":{"TRAIL_ID":"oth_41","TRAIL_NAME_EN":"PEAK TRAIL (PINEWOOD BATTERY SECTION)","TRAIL_NAME_TC":"爐峰自然步道 (松林砲台段)","SECTION_NO":"0","TYPE_EN":"Recommended Route","TYPE_TC":"特色路線","DIFFICULTY_EN":"Moderate","DIFFICULTY_TC":"普通","REGION_EN":"Hong Kong Island","REGION_TC":"香港島","STARTpt_EN":"Peak","STARTpt_TC":"山頂","FINISHpt_EN":"Kotewall Road","FINISHpt_TC":"旭龢道","WEBSITE":"https://www.hiking.gov.hk/trail/info/id/cFpocmtHWk1VY1NrRGNtNldQcHh5UT09","TEL":"1823","MEASURE_LEN":4700,"name_en":"Peak Trail (Pinewood Battery Section)","name_tc":"爐峰自然步道 (松林砲台段)","parent_id":null,"parent_en":null,"parent_tc":null,"parks_en":[],"parks_tc":[],"has_distance_posts":false,"mapped_length_m":4168,"length_mismatch":true,"branching":false,"direction_verified_by":"place_names","loop":false}},{"type":"Feature","geometry":{"type":"LineString","coordinates":[[114.28783,22.36722],[114.28807,22.36705],[114.28858,22.36632],[114.28798,22.36554],[114.28744,22.36451],[114.28686,22.36416],[114.28677,22.36343],[114.28658,22.36314],[114.28675,22.36285],[114.28651,22.36286],[114.28609,22.36311]]},"properties":{"TRAIL_ID":"oth_30","TRAIL_NAME_EN":"SHARP ISLAND GEO TRAIL","TRAIL_NAME_TC":"橋咀洲地質步道","SECTION_NO":"0","TYPE_EN":"Geo Route","TYPE_TC":"地質路線","DIFFICULTY_EN":"Easy","DIFFICULTY_TC":"易行","REGION_EN":"Sai Kung","REGION_TC":"西貢","STARTpt_EN":"Kiu Tsui Pier","STARTpt_TC":"橋咀碼頭","FINISHpt_EN":"Kiu Tsui Pier","FINISHpt_TC":"橋咀碼頭","WEBSITE":"https://www.hiking.gov.hk/trail/info/id/Y056R09YSEJvYjZIQStpRXFhVzVqZz09","TEL":"1823","MEASURE_LEN":700,"name_en":"Sharp Island Geo Trail","name_tc":"橋咀洲地質步道","parent_id":null,"parent_en":null,"parent_tc":null,"parks_en":[],"parks_tc":[],"has_distance_posts":false,"mapped_length_m":674,"length_mismatch":false,"branching":false,"direction_verified_by":null,"loop":false}},{"type":"Feature","geometry":{"type":"LineString","coordinates":[[113.94325,22.24817],[113.94327,22.24824],[113.94311,22.24849],[113.94342,22.2487],[113.94371,22.24873],[113.94419,22.2489],[113.94425,22.24901],[113.94443,22.24899],[113.94464,22.24921],[113.94488,22.24919],[113.94517,22.24936],[113.94551,22.2497],[113.9455,22.24983],[113.94559,22.24988],[113.94555,22.25006],[113.94574,22.25011],[113.94576,22.25029],[113.94606,22.25054],[113.94689,22.25074],[113.9473,22.25062],[113.9479,22.25111],[113.94815,22.25145],[113.94837,22.25154],[113.94922,22.25139],[113.94951,22.25142],[113.94989,22.25164],[113.95,22.25189],[113.95021,22.25195],[113.95027,22.25191],[113.95043,22.25205],[113.951,22.25232],[113.95206,22.25251],[113.9522,22.25268],[113.95229,22.25314],[113.95251,22.25345],[113.95258,22.25389],[113.9528,22.25413],[113.95338,22.25445],[113.95378,22.2544],[113.95395,22.25448],[113.9545,22.25447],[113.95482,22.25473],[113.9555,22.25503],[113.95568,22.25502],[113.95661,22.25595],[113.95702,22.25647],[113.95751,22.25665],[113.95751,22.25674],[113.95706,22.2571],[113.9571,22.25742],[113.95789,22.25794],[113.95831,22.25808],[113.95905,22.25828],[113.95951,22.25819],[113.96008,22.25843],[113.96045,22.25845],[113.96065,22.25859],[113.96078,22.25893],[113.96107,22.25925],[113.96117,22.25944],[113.96115,22.25965],[113.96147,22.25975],[113.96162,22.26013],[113.96179,22.26023],[113.9623,22.26018],[113.96239,22.26037],[113.96276,22.26059],[113.963,22.2609],[113.96319,22.26091],[113.9634,22.26104],[113.96381,22.2611],[113.96422,22.26103],[113.96441,22.26111],[113.96464,22.26107],[113.96543,22.26138],[113.96598,22.26124],[113.96654,22.26126],[113.96686,22.26109],[113.96714,22.26119],[113.96752,22.26112],[113.96818,22.26068],[113.96825,22.2608],[113.96842,22.26087],[113.96892,22.26033],[113.96978,22.26061],[113.97022,22.26095],[113.97066,22.2611],[113.97091,22.26111],[113.9711,22.2614],[113.97152,22.26162],[113.97153,22.26181],[113.9718,22.26192],[113.97209,22.26158],[113.97258,22.2612],[113.97353,22.26108],[113.97386,22.2608],[113.9744,22.26082],[113.97456,22.26075],[113.97524,22.26068],[113.97493,22.26055],[113.97527,22.26036],[113.97552,22.26036],[113.9761,22.26057],[113.9762,22.26044],[113.97638,22.26039],[113.97658,22.2605],[113.97672,22.2609],[113.97722,22.26099],[113.97755,22.26114],[113.9777,22.26104],[113.97781,22.26073],[113.978,22.2607],[113.97835,22.26047],[113.97879,22.26048],[113.97917,22.26006],[113.97979,22.25969],[113.97977,22.25954],[113.97963,22.25944],[113.97988,22.259],[113.98042,22.25866],[113.98069,22.25837],[113.9809,22.25787],[113.98135,22.25756],[113.98138,22.25779],[113.9818,22.25786],[113.98199,22.25815],[113.98203,22.25802],[113.98232,22.2583],[113.98273,22.25827],[113.98366,22.25806],[113.98427,22.25768],[113.98447,22.25748],[113.98485,22.25745],[113.9855,22.25709],[113.98587,22.25698],[113.98603,22.25705],[113.98634,22.25699],[113.9866,22.25703],[113.98673,22.25679],[113.98695,22.25667],[113.98772,22.2565],[113.98802,22.25656],[113.98818,22.25625]]},"properties":{"TRAIL_ID":"oth_58","TRAIL_NAME_EN":"PAK KUNG AU TO NAM SHAN","TRAIL_NAME_TC":"伯公坳至南山","SECTION_NO":"0","TYPE_EN":"Recommended Route","TYPE_TC":"特色路線","DIFFICULTY_EN":"Difficult","DIFFICULTY_TC":"難行","REGION_EN":"Lantau Island","REGION_TC":"大嶼山","STARTpt_EN":"Pak Kung Au","STARTpt_TC":"伯公坳","FINISHpt_EN":"Nam Shan","FINISHpt_TC":"南山","WEBSITE":null,"TEL":"1823","MEASURE_LEN":6500,"name_en":"Pak Kung Au To Nam Shan","name_tc":"伯公坳至南山","parent_id":null,"parent_en":null,"parent_tc":null,"parks_en":[],"parks_tc":[],"has_distance_posts":false,"mapped_length_m":6338,"length_mismatch":false,"branching":false,"direction_verified_by":"place_names","loop":false}},{"type":"Feature","geometry":{"type":"LineString","coordinates":[[114.20858,22.22364],[114.20848,22.2237],[114.2086,22.22382],[114.2086,22.22407],[114.20834,22.22433],[114.20834,22.22445],[114.20823,22.2245],[114.20826,22.22459],[114.20788,22.22485],[114.20784,22.22502],[114.20768,22.22505],[114.20767,22.22518],[114.20755,22.22525],[114.20747,22.22587],[114.20728,22.22616],[114.20717,22.22664],[114.20717,22.22827],[114.20692,22.22864],[114.20678,22.22929],[114.20665,22.22956],[114.20625,22.22994],[114.20577,22.23067],[114.20584,22.23086],[114.20586,22.23147],[114.20597,22.23181],[114.20635,22.23225],[114.20642,22.23256],[114.2066,22.2327],[114.20679,22.23301],[114.2068,22.2332],[114.20657,22.23365],[114.20639,22.2343],[114.20649,22.23479],[114.20636,22.23548],[114.20651,22.23569],[114.20653,22.2359],[114.206,22.23681],[114.20543,22.23842],[114.20528,22.23862],[114.20528,22.23883],[114.20503,22.23973],[114.20482,22.24004],[114.20464,22.24017],[114.20429,22.24099],[114.20373,22.24109],[114.2033,22.24165],[114.20308,22.24216],[114.20278,22.24224],[114.20248,22.24216],[114.2022,22.24244],[114.20161,22.2425],[114.20124,22.24279],[114.20048,22.24254],[114.20023,22.24254],[114.19995,22.24271],[114.1997,22.24263],[114.19947,22.24277],[114.19934,22.24308],[114.199,22.24324],[114.19879,22.24363],[114.1988,22.24407],[114.19866,22.2445],[114.19874,22.24514],[114.19898,22.24566],[114.19911,22.24627],[114.19904,22.24656],[114.19921,22.24701],[114.19917,22.24776],[114.19922,22.24785],[114.19978,22.2481],[114.2001,22.24905],[114.20004,22.24949],[114.19965,22.25035],[114.1997,22.25074],[114.19955,22.25083],[114.19948,22.25119],[114.19951,22.25136],[114.19944,22.25146],[114.19957,22.25217],[114.19982,22.25253],[114.19988,22.25309],[114.1998,22.25343],[114.19954,22.25379],[114.19945,22.25406],[114.19905,22.25454],[114.19882,22.25457],[114.19857,22.25507],[114.19855,22.25555],[114.19833,22.25598],[114.19827,22.25636],[114.198,22.25638],[114.19789,22.25646],[114.19797,22.25679],[114.19829,22.25732],[114.19814,22.25753],[114.19811,22.25774],[114.1977,22.25768],[114.1975,22.25776]]},"properties":{"TRAIL_ID":"ws_1","TRAIL_NAME_EN":"WILSON TRAIL","TRAIL_NAME_TC":"衞奕信徑","SECTION_NO":"1","TYPE_EN":"Long Distance Trail","TYPE_TC":"長途遠足徑","DIFFICULTY_EN":"Difficult","DIFFICULTY_TC":"難行","REGION_EN":"Hong Kong Island","REGION_TC":"香港島","STARTpt_EN":"Stanley Gap Road","STARTpt_TC":"赤柱峽道","FINISHpt_EN":"Wong Nai Chung Reservoir","FINISHpt_TC":"黃泥涌水塘","WEBSITE":"https://www.hiking.gov.hk/trail/info/id/TCtocVVTL1JuMXpaQVBSOFBYYzRSUT09","TEL":"1823","MEASURE_LEN":4800,"name_en":"Wilson Trail Section 1","name_tc":"衞奕信徑第一段","parent_id":"ws","parent_en":"Wilson Trail","parent_tc":"衞奕信徑","parks_en":["Tai Tam Country Park"],"parks_tc":["大潭郊野公園"],"has_distance_posts":true,"mapped_length_m":4823,"length_mismatch":false,"branching":false,"direction_verified_by":"distance_posts","loop":false}},{"type":"Feature","geometry":{"type":"LineString","coordinates":[[114.23404,22.485],[114.23415,22.48533],[114.2341,22.48564],[114.23396,22.48568],[114.23396,22.48609],[114.23414,22.48653],[114.23405,22.48739],[114.23439,22.48845],[114.23439,22.4887],[114.23467,22.48894],[114.2347,22.48941],[114.23488,22.48962],[114.23474,22.48965],[114.23428,22.4893],[114.23403,22.48927],[114.23403,22.48943],[114.23428,22.48964],[114.23426,22.48995],[114.23365,22.49041],[114.23315,22.49039],[114.23299,22.49064],[114.23313,22.49086],[114.23307,22.49117],[114.23278,22.49112],[114.23268,22.49145],[114.23238,22.49139],[114.23241,22.49188],[114.23231,22.49223],[114.23214,22.49239],[114.23206,22.49268],[114.23169,22.49281],[114.23131,22.49264],[114.23121,22.49303],[114.23101,22.49332],[114.23047,22.49328],[114.2303,22.49335],[114.22979,22.49337],[114.22981,22.49367],[114.23001,22.49401],[114.22991,22.4945],[114.23017,22.49513],[114.23013,22.49555],[114.22993,22.49568],[114.22988,22.49598],[114.22909,22.49579],[114.22896,22.49557],[114.22753,22.49551],[114.22688,22.49593],[114.22682,22.49615],[114.22668,22.49619],[114.22619,22.49608],[114.22569,22.49578],[114.22532,22.49601],[114.2246,22.4962],[114.22401,22.4961],[114.22345,22.49672],[114.22361,22.49721],[114.22376,22.49738],[114.22427,22.49757],[114.22494,22.49801],[114.22541,22.49806],[114.22554,22.49835],[114.22588,22.49823],[114.22608,22.49824],[114.22618,22.49841],[114.22649,22.49851],[114.22662,22.4989],[114.22656,22.49912],[114.2262,22.49922],[114.226,22.49949],[114.22565,22.49964],[114.22559,22.49979],[114.22561,22.50018],[114.22536,22.50055],[114.22505,22.5008],[114.22504,22.50113],[114.22466,22.50177],[114.22399,22.50236],[114.22393,22.50261],[114.22353,22.5029],[114.2234,22.5032],[114.22305,22.50352],[114.22272,22.50365],[114.22253,22.50365],[114.22244,22.50356],[114.22204,22.50342],[114.22138,22.50346],[114.22086,22.5038],[114.22045,22.50393],[114.22025,22.50386],[114.21988,22.50394],[114.21946,22.50429],[114.21886,22.50493],[114.21884,22.50522],[114.21849,22.50604],[114.21801,22.50643],[114.21776,22.50677],[114.2172,22.50714],[114.2169,22.50745],[114.21689,22.50765],[114.21664,22.50794],[114.21656,22.50835],[114.21633,22.50872],[114.21632,22.50914],[114.21622,22.50939],[114.21591,22.5097],[114.2158,22.5099],[114.21564,22.51003],[114.21543,22.51008],[114.21515,22.51038],[114.21506,22.51139],[114.21463,22.51125],[114.21445,22.51135],[114.21393,22.51128],[114.21293,22.51157],[114.21299,22.51145],[114.21332,22.51131],[114.21341,22.51119],[114.21346,22.51102],[114.21326,22.51078],[114.21279,22.51101],[114.21252,22.51099],[114.21219,22.51072],[114.21193,22.51085],[114.21167,22.51085],[114.21161,22.51111],[114.21127,22.51145],[114.2114,22.51202],[114.211,22.51194],[114.21067,22.51242],[114.21041,22.51219],[114.21009,22.51229],[114.20982,22.5122],[114.20976,22.51225],[114.20986,22.51242],[114.21018,22.51261],[114.21009,22.51284],[114.2102,22.51307],[114.21061,22.51325],[114.21095,22.51328],[114.21105,22.51338],[114.21103,22.51348],[114.21073,22.51347],[114.21052,22.5136],[114.21038,22.51382],[114.20995,22.51392],[114.20975,22.51391],[114.20952,22.51374],[114.20933,22.51376],[114.20895,22.5141],[114.20857,22.51371],[114.20842,22.5137],[114.20816,22.51409],[114.20814,22.51446],[114.20806,22.5146],[114.20759,22.51443],[114.20729,22.51419]]},"properties":{"TRAIL_ID":"ws_10","TRAIL_NAME_EN":"WILSON TRAIL","TRAIL_NAME_TC":"衞奕信徑","SECTION_NO":"10","TYPE_EN":"Long Distance Trail","TYPE_TC":"長途遠足徑","DIFFICULTY_EN":"Demanding","DIFFICULTY_TC":"費力","REGION_EN":"North New Territories","REGION_TC":"新界北區","STARTpt_EN":"Pat Sin Leng","STARTpt_TC":"八仙嶺","FINISHpt_EN":"Nam Chung","FINISHpt_TC":"南涌","WEBSITE":"https://www.hiking.gov.hk/trail/info/id/azJKaHRIeUFIbXZWN0UyVU1ZS1hFdz09","TEL":"1823","MEASURE_LEN":6800,"name_en":"Wilson Trail Section 10","name_tc":"衞奕信徑第十段","parent_id":"ws","parent_en":"Wilson Trail","parent_tc":"衞奕信徑","parks_en":["Pat Sin Leng Country Park"],"parks_tc":["八仙嶺郊野公園"],"has_distance_posts":true,"mapped_length_m":6912,"length_mismatch":false,"branching":false,"direction_verified_by":"distance_posts","loop":false}},{"type":"Feature","geometry":{"type":"LineString","coordinates":[[114.1975,22.25776],[114.19813,22.25807],[114.19813,22.25839],[114.19839,22.25861],[114.19862,22.25898],[114.19847,22.25971],[114.19796,22.2601],[114.19789,22.26052],[114.19695,22.26144],[114.19703,22.26178],[114.19722,22.26201],[114.19728,22.26221],[114.19712,22.2625],[114.19731,22.26358],[114.19726,22.26378],[114.19714,22.2639],[114.19714,22.26426],[114.19758,22.26488],[114.19788,22.26517],[114.19795,22.26558],[114.19833,22.26596],[114.19841,22.26627],[114.19866,22.26639],[114.19879,22.26637],[114.19893,22.26653],[114.19936,22.2665],[114.19961,22.26637],[114.19991,22.26639],[114.2009,22.26623],[114.20103,22.26634],[114.20136,22.26643],[114.20136,22.26649],[114.20151,22.26642],[114.20187,22.26661],[114.20213,22.26694],[114.20279,22.26739],[114.20296,22.26732],[114.20307,22.26748],[114.20347,22.26749],[114.20428,22.26743],[114.20494,22.26762],[114.20545,22.26802],[114.20606,22.26876],[114.2066,22.26891],[114.20693,22.26923],[114.20722,22.26922],[114.20743,22.2691],[114.20755,22.26892],[114.20773,22.26893],[114.20804,22.26877],[114.20822,22.26877],[114.20843,22.26866],[114.20817,22.26915],[114.20805,22.26922],[114.20803,22.26938],[114.20782,22.26972],[114.20725,22.27022],[114.20715,22.27052],[114.20696,22.27061],[114.20679,22.27092],[114.20676,22.27136],[114.20688,22.27186],[114.20689,22.27256],[114.20654,22.27303],[114.20638,22.27359],[114.20589,22.27432],[114.20597,22.27463],[114.20588,22.27499],[114.20609,22.27534],[114.20599,22.27577],[114.20616,22.27621],[114.20619,22.27673],[114.20605,22.27694],[114.20579,22.27705],[114.20568,22.27729],[114.20587,22.27739],[114.20636,22.27741],[114.20645,22.27754],[114.20707,22.27767],[114.20716,22.27782],[114.20747,22.27788],[114.20775,22.27828],[114.20819,22.27847],[114.20777,22.27871],[114.20783,22.27877],[114.20811,22.27874],[114.2082,22.27886],[114.20816,22.27901],[114.20793,22.27915],[114.20805,22.2793],[114.20802,22.27936],[114.20763,22.27966],[114.20748,22.27947],[114.20724,22.27936],[114.20717,22.27942],[114.20722,22.27963],[114.20717,22.27975],[114.20665,22.27992],[114.20656,22.28043],[114.20612,22.28077],[114.20621,22.2809],[114.2061,22.28132],[114.20619,22.28154],[114.20628,22.28156],[114.20656,22.2812],[114.20667,22.28094],[114.20679,22.28089],[114.20685,22.28075],[114.20682,22.28053],[114.20697,22.28025],[114.20738,22.28011],[114.20742,22.28],[114.20761,22.28021],[114.20802,22.28023],[114.20825,22.28014],[114.20839,22.28022],[114.20892,22.27993],[114.20896,22.27987],[114.20886,22.27977],[114.20894,22.27934],[114.2093,22.27914],[114.20948,22.27915],[114.20978,22.27891],[114.20974,22.27877],[114.20994,22.27887],[114.21013,22.27872],[114.21013,22.27862],[114.21048,22.27837],[114.21057,22.27808],[114.21106,22.27799],[114.21113,22.2778],[114.21096,22.27757],[114.211,22.27735],[114.21089,22.27712],[114.21143,22.27706],[114.21179,22.27713],[114.21196,22.27707],[114.21209,22.27711],[114.21217,22.27703],[114.21244,22.27728],[114.21266,22.2771],[114.21248,22.27697],[114.21257,22.27696],[114.21255,22.27691],[114.21284,22.27688],[114.21275,22.2768],[114.21294,22.27679],[114.213,22.27666],[114.21325,22.27663],[114.21345,22.27641],[114.21365,22.27642],[114.21386,22.27652],[114.21398,22.27677],[114.21404,22.27717],[114.214,22.27733],[114.21389,22.27717],[114.21382,22.27726],[114.21346,22.27918],[114.2132,22.27927],[114.2131,22.27944],[114.21357,22.28042],[114.21349,22.28119],[114.21361,22.28128],[114.21371,22.283],[114.21354,22.28349],[114.21351,22.28444],[114.21361,22.28444],[114.21369,22.28455],[114.21501,22.28454]]},"properties":{"TRAIL_ID":"ws_2","TRAIL_NAME_EN":"WILSON TRAIL","TRAIL_NAME_TC":"衞奕信徑","SECTION_NO":"2","TYPE_EN":"Long Distance Trail","TYPE_TC":"長途遠足徑","DIFFICULTY_EN":"Demanding","DIFFICULTY_TC":"費力","REGION_EN":"Hong Kong Island","REGION_TC":"香港島","STARTpt_EN":"Wong Nai Chung Reservoir","STARTpt_TC":"黃泥涌水塘","FINISHpt_EN":"Lam Tin","FINISHpt_TC":"藍田","WEBSITE":"https://www.hiking.gov.hk/trail/info/id/cktQWGdYRkF1MEsvNXFHQVk2Sm5FQT09","TEL":"1823","MEASURE_LEN":6600,"name_en":"Wilson Trail Section 2","name_tc":"衞奕信徑第二段","parent_id":"ws","parent_en":"Wilson Trail","parent_tc":"衞奕信徑","parks_en":["Tai Tam Country Park","Tai Tam Country Park (Quarry Bay Extension)"],"parks_tc":["大潭郊野公園","大潭郊野公園(鰂魚涌擴建部分)"],"has_distance_posts":true,"mapped_length_m":6998,"length_mismatch":false,"branching":false,"direction_verified_by":"distance_posts","loop":false}},{"type":"Feature","geometry":{"type":"LineString","coordinates":[[114.23233,22.30755],[114.23275,22.30786],[114.23288,22.30774],[114.23306,22.30786],[114.23319,22.30773],[114.23374,22.30814],[114.23421,22.30798],[114.2347,22.30808],[114.23476,22.308],[114.23485,22.30807],[114.23503,22.30783],[114.23574,22.30497],[114.2357,22.30436],[114.23666,22.30316],[114.23836,22.30071],[114.23846,22.30067],[114.23849,22.30042],[114.24019,22.29554],[114.24033,22.29538],[114.24056,22.29532],[114.24082,22.29544],[114.24078,22.29555],[114.24086,22.29566],[114.24099,22.29565],[114.24113,22.29575],[114.24123,22.29568],[114.24102,22.29535],[114.24119,22.29519],[114.24108,22.29479],[114.24124,22.29429],[114.2412,22.294],[114.24143,22.29369],[114.24145,22.2935],[114.24111,22.29308],[114.24112,22.29263],[114.24087,22.2923],[114.24083,22.29204],[114.24101,22.29142],[114.24125,22.29109],[114.24123,22.29057],[114.24145,22.29065],[114.24165,22.29117],[114.24158,22.29139],[114.24175,22.29185],[114.242,22.29187],[114.24221,22.29227],[114.24265,22.29208],[114.24272,22.29211],[114.24316,22.29256],[114.24347,22.29263],[114.24412,22.29316],[114.24446,22.29322],[114.24452,22.29341],[114.24484,22.29359],[114.24492,22.29425],[114.24536,22.29461],[114.24553,22.29486],[114.24545,22.29532],[114.24521,22.29548],[114.24514,22.29575],[114.24491,22.29582],[114.24486,22.2959],[114.24498,22.29615],[114.24537,22.2963],[114.24549,22.29649],[114.24539,22.29722],[114.24513,22.2979],[114.24479,22.29802],[114.24468,22.29817],[114.24482,22.2984],[114.24448,22.29887],[114.24434,22.29929],[114.24443,22.29964],[114.24424,22.29972],[114.2439,22.30009],[114.24369,22.3002],[114.24373,22.30073],[114.24407,22.30109],[114.24361,22.30126],[114.24372,22.3015],[114.24438,22.30144],[114.24521,22.30154],[114.24519,22.30165],[114.24429,22.30188],[114.24411,22.30212],[114.24404,22.30207],[114.24388,22.30215],[114.24393,22.3024],[114.24388,22.30269],[114.24376,22.30266],[114.24374,22.30286],[114.24359,22.30295],[114.24344,22.30327],[114.24347,22.30348],[114.24308,22.30403],[114.24302,22.3043],[114.24276,22.3046],[114.24267,22.30507],[114.24231,22.30579],[114.24232,22.30611],[114.24223,22.30625],[114.24241,22.30673],[114.2424,22.30689],[114.24308,22.30747],[114.24328,22.30802],[114.24354,22.30823],[114.24375,22.30853],[114.24392,22.30861],[114.24414,22.30889],[114.24414,22.30904],[114.24423,22.30903],[114.24465,22.30967],[114.24481,22.31019],[114.24511,22.31058],[114.24522,22.31097],[114.24516,22.31114],[114.24561,22.31213],[114.24606,22.3127],[114.24669,22.31302],[114.24679,22.31315],[114.24618,22.31325],[114.24557,22.31352],[114.24552,22.314],[114.24529,22.31454],[114.24508,22.31476],[114.24501,22.31517],[114.24472,22.31552],[114.24489,22.31602],[114.24554,22.31617],[114.24568,22.31651],[114.24591,22.3167],[114.24583,22.31689],[114.24569,22.317],[114.24559,22.31738],[114.24568,22.31751],[114.24565,22.31766],[114.24504,22.31828],[114.24505,22.31856],[114.24533,22.31876],[114.24525,22.31915],[114.2449,22.31949],[114.24486,22.31967],[114.24503,22.31986],[114.24518,22.31978],[114.24523,22.31983],[114.24518,22.32002],[114.24543,22.32048],[114.24546,22.32076],[114.24536,22.32158],[114.24541,22.32177],[114.24558,22.32196],[114.24593,22.32205],[114.24595,22.32214],[114.24583,22.32214],[114.24579,22.32241],[114.24602,22.32332],[114.24566,22.32351],[114.24551,22.32417],[114.24527,22.32455],[114.24539,22.32476],[114.24541,22.3254],[114.24556,22.32593],[114.24586,22.32643],[114.24586,22.32667],[114.24603,22.32695],[114.24596,22.32738],[114.24523,22.32856],[114.24508,22.32922],[114.24462,22.32927],[114.24452,22.33008],[114.24422,22.33031],[114.24407,22.33084],[114.24362,22.33141],[114.24283,22.33156],[114.24265,22.33216],[114.24246,22.33227],[114.24225,22.33258],[114.24129,22.33276],[114.24113,22.33298],[114.24055,22.3331],[114.2404,22.33304],[114.23983,22.33343],[114.23944,22.33338],[114.23924,22.33357],[114.23896,22.33362],[114.23851,22.33387],[114.2383,22.33418],[114.23797,22.33401],[114.23787,22.33433]]},"properties":{"TRAIL_ID":"ws_3","TRAIL_NAME_EN":"WILSON TRAIL","TRAIL_NAME_TC":"衞奕信徑","SECTION_NO":"3","TYPE_EN":"Long Distance Trail","TYPE_TC":"長途遠足徑","DIFFICULTY_EN":"Difficult","DIFFICULTY_TC":"難行","REGION_EN":"Sai Kung","REGION_TC":"西貢","STARTpt_EN":"Lam Tin","STARTpt_TC":"藍田","FINISHpt_EN":"Tseng Lan Shue","FINISHpt_TC":"井欄樹","WEBSITE":"https://www.hiking.gov.hk/trail/info/id/Z05QUVAxMnphOXBCSGlwSkhKVE1Zdz09","TEL":"1823","MEASURE_LEN":9300,"name_en":"Wilson Trail Section 3","name_tc":"衞奕信徑第三段","parent_id":"ws","parent_en":"Wilson Trail","parent_tc":"衞奕信徑","parks_en":[],"parks_tc":[],"has_distance_posts":true,"mapped_length_m":9531,"length_mismatch":false,"branching":false,"direction_verified_by":"distance_posts","loop":false}},{"type":"Feature","geometry":{"type":"LineString","coordinates":[[114.23787,22.33433],[114.23771,22.33429],[114.23767,22.33437],[114.23783,22.33476],[114.2378,22.33489],[114.2375,22.33518],[114.23755,22.33534],[114.2373,22.33538],[114.23692,22.33567],[114.23664,22.33577],[114.23661,22.33586],[114.23634,22.33591],[114.23632,22.3362],[114.23609,22.33629],[114.23571,22.33671],[114.23571,22.33688],[114.23581,22.33704],[114.23546,22.3374],[114.23533,22.33766],[114.2352,22.33768],[114.23514,22.33787],[114.23516,22.33846],[114.23528,22.3387],[114.23552,22.33888],[114.2353,22.3398],[114.23535,22.33992],[114.2352,22.34023],[114.23521,22.34043],[114.23533,22.34066],[114.23528,22.34089],[114.23544,22.34121],[114.23533,22.34139],[114.2353,22.34163],[114.23492,22.34193],[114.23456,22.342],[114.2345,22.34217],[114.23414,22.34239],[114.2338,22.34236],[114.23362,22.34259],[114.23328,22.34262],[114.23328,22.34281],[114.2335,22.34294],[114.23386,22.34337],[114.23386,22.34367],[114.23368,22.34383],[114.23342,22.34386],[114.23302,22.34359],[114.2329,22.34362],[114.2327,22.34419],[114.23271,22.34439],[114.23237,22.3451],[114.23265,22.34539],[114.23324,22.34567],[114.23373,22.34568],[114.23434,22.34616],[114.23478,22.34633],[114.23486,22.34663],[114.2345,22.3469],[114.23442,22.34708],[114.23441,22.34731],[114.23462,22.34783],[114.23463,22.34805],[114.2344,22.34845],[114.23437,22.34912],[114.23408,22.3497],[114.23402,22.35003],[114.23424,22.35073],[114.23459,22.35092],[114.23464,22.35102],[114.23434,22.3513],[114.23477,22.35154],[114.23485,22.35163],[114.23483,22.35173],[114.23468,22.35191],[114.23437,22.35205],[114.2339,22.35196],[114.2335,22.35218],[114.23325,22.35246],[114.23282,22.35235],[114.23281,22.35244],[114.23267,22.35243],[114.23272,22.35256],[114.23252,22.35262],[114.23228,22.35322],[114.23209,22.35338],[114.2316,22.35334],[114.23145,22.35343],[114.23123,22.35364],[114.23079,22.35443],[114.23009,22.35506],[114.22994,22.35511],[114.22964,22.35498],[114.22904,22.35515],[114.22885,22.35513],[114.22844,22.35532],[114.22809,22.35534],[114.22769,22.35524],[114.22714,22.35558],[114.2269,22.35558],[114.22671,22.35569],[114.22595,22.35642],[114.22582,22.35677],[114.22564,22.357],[114.22569,22.35744],[114.22541,22.35755],[114.22486,22.35823],[114.22462,22.3583],[114.22446,22.35845],[114.22431,22.35849],[114.22395,22.35834],[114.2238,22.35811],[114.22329,22.35779],[114.22308,22.35735],[114.22272,22.35715],[114.22245,22.35687],[114.22208,22.3567],[114.22199,22.35638],[114.22186,22.35637],[114.22191,22.35653],[114.22187,22.35659],[114.22172,22.35654],[114.22164,22.35616],[114.22186,22.3558],[114.22175,22.35552],[114.22182,22.35522],[114.22174,22.35508],[114.22152,22.35495],[114.22131,22.35461],[114.22128,22.35443],[114.22146,22.35413],[114.22138,22.35351],[114.2213,22.35333],[114.22105,22.35316],[114.22059,22.3533],[114.22036,22.35401],[114.21956,22.3545],[114.2194,22.35471],[114.21938,22.3549],[114.21961,22.35537],[114.21922,22.35583],[114.21913,22.35647],[114.21895,22.35664],[114.21824,22.35692],[114.2174,22.35696],[114.21724,22.35686],[114.21702,22.35637],[114.2168,22.35629],[114.2165,22.35637],[114.2163,22.35634],[114.21567,22.35604],[114.21539,22.35576],[114.21496,22.35582],[114.2147,22.35576],[114.21329,22.35578],[114.21264,22.35564],[114.21195,22.35539],[114.21152,22.35535],[114.21099,22.35519],[114.21057,22.35539],[114.21027,22.35538],[114.21002,22.35546],[114.20961,22.35581],[114.20906,22.35591],[114.2081,22.35516],[114.20728,22.35499],[114.20684,22.35464],[114.20671,22.35464],[114.20643,22.35488],[114.20623,22.35493],[114.20473,22.35498],[114.20445,22.35489],[114.20365,22.35434],[114.20336,22.35442],[114.20306,22.35434],[114.20263,22.35438],[114.20219,22.3547],[114.20123,22.35443],[114.20069,22.35469],[114.2002,22.3546],[114.20004,22.35474],[114.19988,22.35512],[114.19959,22.3554]]},"properties":{"TRAIL_ID":"ws_4","TRAIL_NAME_EN":"WILSON TRAIL","TRAIL_NAME_TC":"衞奕信徑","SECTION_NO":"4","TYPE_EN":"Long Distance Trail","TYPE_TC":"長途遠足徑","DIFFICULTY_EN":"Difficult","DIFFICULTY_TC":"難行","REGION_EN":"Central New Territories","REGION_TC":"新界中區","STARTpt_EN":"Tseng Lan Shue","STARTpt_TC":"井欄樹","FINISHpt_EN":"Sha Tin Pass","FINISHpt_TC":"沙田坳","WEBSITE":"https://www.hiking.gov.hk/trail/info/id/Q3hxOUd0N3FPcVZMeXdBZi93U0t0dz09","TEL":"1823","MEASURE_LEN":8000,"name_en":"Wilson Trail Section 4","name_tc":"衞奕信徑第四段","parent_id":"ws","parent_en":"Wilson Trail","parent_tc":"衞奕信徑","parks_en":["Ma On Shan Country Park"],"parks_tc":["馬鞍山郊野公園"],"has_distance_posts":true,"mapped_length_m":7940,"length_mismatch":false,"branching":false,"direction_verified_by":"distance_posts","loop":false}},{"type":"Feature","geometry":{"type":"LineString","coordinates":[[114.19959,22.3554],[114.1994,22.35563],[114.19919,22.35644],[114.19916,22.35708],[114.19876,22.35784],[114.19841,22.35801],[114.19831,22.35817],[114.19865,22.35965],[114.19834,22.36015],[114.1983,22.36042],[114.19807,22.36049],[114.19792,22.36062],[114.19769,22.36062],[114.19757,22.36069],[114.19746,22.361],[114.19708,22.36139],[114.19695,22.36202],[114.19703,22.36223],[114.19695,22.36241],[114.19682,22.36247],[114.19679,22.36262],[114.19653,22.36289],[114.19639,22.36295],[114.19615,22.36288],[114.19613,22.36298],[114.19588,22.36319],[114.19589,22.36343],[114.19529,22.36371],[114.19538,22.36378],[114.19523,22.36388],[114.19495,22.36389],[114.19497,22.36402],[114.19469,22.36392],[114.19447,22.36401],[114.19433,22.36416],[114.19417,22.36404],[114.19378,22.36426],[114.19357,22.36452],[114.19353,22.3647],[114.1934,22.36478],[114.19344,22.36498],[114.19325,22.36518],[114.19325,22.36541],[114.19317,22.36538],[114.1932,22.36552],[114.19286,22.36558],[114.19256,22.3659],[114.19233,22.36593],[114.19227,22.36603],[114.19185,22.36619],[114.19207,22.36598],[114.19204,22.36575],[114.19184,22.3656],[114.19164,22.36556],[114.19139,22.36492],[114.19122,22.36479],[114.19124,22.36444],[114.19106,22.3642],[114.19105,22.3637],[114.19096,22.36346],[114.19082,22.36343],[114.19051,22.36366],[114.19022,22.36404],[114.18998,22.36398],[114.18979,22.36428],[114.18935,22.36435],[114.18933,22.36464],[114.18943,22.36479],[114.18936,22.36496],[114.18848,22.36493],[114.18823,22.36508],[114.18799,22.36496],[114.18777,22.36504],[114.18763,22.36494],[114.18757,22.36478],[114.1877,22.36444],[114.18766,22.36436],[114.18673,22.36446],[114.18642,22.36433],[114.18634,22.36422],[114.18639,22.36399],[114.18662,22.36385],[114.18662,22.36364],[114.18675,22.36338],[114.18657,22.36312],[114.18652,22.36223],[114.18639,22.36211],[114.18629,22.36177],[114.18602,22.36181],[114.18567,22.3621],[114.18541,22.36204],[114.18522,22.36208],[114.1851,22.36225],[114.18522,22.36256],[114.18514,22.36285],[114.1849,22.36291],[114.18457,22.36277],[114.18444,22.36279],[114.1843,22.36291],[114.18409,22.36329],[114.18397,22.36331],[114.18382,22.36318],[114.1835,22.36311],[114.18322,22.3629],[114.18303,22.36229],[114.18259,22.36228],[114.18244,22.36219],[114.18229,22.36175],[114.18286,22.36124],[114.18291,22.3611],[114.1828,22.36099],[114.18233,22.36081],[114.18186,22.36073],[114.18156,22.36018],[114.18127,22.3602],[114.18063,22.3606],[114.17999,22.3607],[114.17975,22.36067],[114.17939,22.3605],[114.17893,22.36059],[114.17884,22.36052],[114.17873,22.36017],[114.17835,22.35983],[114.17812,22.35941],[114.17791,22.35924],[114.17758,22.35936],[114.17692,22.3593],[114.17685,22.35918],[114.177,22.35855],[114.17696,22.35818],[114.17702,22.35802],[114.1769,22.35775],[114.17713,22.35746],[114.1771,22.35718],[114.17759,22.35625],[114.17758,22.35601],[114.17747,22.35592],[114.17715,22.3559],[114.17687,22.35631],[114.17636,22.35663],[114.17607,22.35673],[114.17521,22.3568],[114.17503,22.35665],[114.17473,22.35655],[114.17449,22.35667],[114.17415,22.3566],[114.17382,22.35671],[114.17351,22.3563],[114.17372,22.35573],[114.17364,22.35486],[114.17354,22.35475],[114.17325,22.35491],[114.17311,22.35484],[114.17295,22.35505],[114.17278,22.3551],[114.17258,22.35511],[114.17225,22.35487],[114.17213,22.35488],[114.17208,22.35508],[114.17188,22.35528],[114.17174,22.35556],[114.17154,22.35566],[114.17125,22.35567],[114.17092,22.35593],[114.17061,22.35587],[114.17012,22.35558],[114.1699,22.35524],[114.1697,22.35514],[114.16946,22.35548],[114.16939,22.35589],[114.16916,22.35609],[114.16918,22.35625],[114.16931,22.35641],[114.1692,22.35656],[114.16901,22.35653],[114.16838,22.35619],[114.16826,22.35606],[114.16812,22.35558],[114.16768,22.35526],[114.16748,22.35523],[114.16727,22.35527],[114.16684,22.3557],[114.16654,22.35561],[114.16608,22.35583],[114.16575,22.35578],[114.1655,22.35587],[114.16531,22.35551],[114.16514,22.35538],[114.16449,22.35608],[114.16433,22.35609],[114.16348,22.3557],[114.16318,22.35596],[114.16282,22.35605],[114.16258,22.35582],[114.16246,22.35536],[114.16196,22.35535],[114.16184,22.3552],[114.16205,22.35496],[114.16206,22.35426],[114.16185,22.35396],[114.16169,22.35333],[114.16144,22.35337],[114.16109,22.35356],[114.16057,22.35396],[114.16044,22.35414],[114.16002,22.3542],[114.15905,22.35423],[114.1584,22.35394],[114.15784,22.35381]]},"properties":{"TRAIL_ID":"ws_5","TRAIL_NAME_EN":"WILSON TRAIL","TRAIL_NAME_TC":"衞奕信徑","SECTION_NO":"5","TYPE_EN":"Long Distance Trail","TYPE_TC":"長途遠足徑","DIFFICULTY_EN":"Moderate","DIFFICULTY_TC":"普通","REGION_EN":"Central New Territories","REGION_TC":"新界中區","STARTpt_EN":"Sha Tin Pass","STARTpt_TC":"沙田坳","FINISHpt_EN":"Tai Po Road","FINISHpt_TC":"大埔公路","WEBSITE":"https://www.hiking.gov.hk/trail/info/id/Sk1oNnZ1NlE3VksxUU1CekZYYkZuUT09","TEL":"1823","MEASURE_LEN":7400,"name_en":"Wilson Trail Section 5","name_tc":"衞奕信徑第五段","parent_id":"ws","parent_en":"Wilson Trail","parent_tc":"衞奕信徑","parks_en":["Lion Rock Country Park"],"parks_tc":["獅子山郊野公園"],"has_distance_posts":true,"mapped_length_m":8196,"length_mismatch":true,"branching":false,"direction_verified_by":"distance_posts","loop":false}},{"type":"Feature","geometry":{"type":"LineString","coordinates":[[114.15784,22.35381],[114.15779,22.35398],[114.15789,22.35412],[114.15765,22.35436],[114.15786,22.35449],[114.15805,22.35485],[114.15809,22.35512],[114.15838,22.35558],[114.15838,22.35576],[114.15812,22.35615],[114.15817,22.35638],[114.15867,22.35691],[114.15896,22.35752],[114.15842,22.35717],[114.15835,22.35723],[114.15829,22.35765],[114.15836,22.35782],[114.15806,22.35894],[114.15807,22.35925],[114.15766,22.35967],[114.1574,22.35976],[114.15685,22.35967],[114.15658,22.35941],[114.15654,22.35927],[114.15677,22.35909],[114.15677,22.35879],[114.15666,22.35871],[114.15621,22.35879],[114.15583,22.35862],[114.15573,22.35883],[114.15553,22.35893],[114.15485,22.35871],[114.15459,22.35913],[114.15447,22.35887],[114.15431,22.35879],[114.15412,22.35847],[114.15398,22.35844],[114.15382,22.35824],[114.15352,22.35862],[114.15318,22.35851],[114.15289,22.35875],[114.15275,22.35861],[114.1525,22.35854],[114.15257,22.35836],[114.15226,22.35799],[114.15164,22.35793],[114.1518,22.35828],[114.15208,22.35846],[114.15219,22.35866],[114.15213,22.35894],[114.15218,22.35911],[114.15209,22.35948],[114.15217,22.3596],[114.15196,22.35977],[114.15193,22.35995],[114.15245,22.36056],[114.15255,22.36136],[114.15273,22.36153],[114.15262,22.36206],[114.15283,22.36232],[114.1525,22.36303],[114.15221,22.36303],[114.1521,22.36309],[114.15221,22.36341],[114.15223,22.36395],[114.15197,22.36395],[114.15187,22.36423],[114.15154,22.36436],[114.15148,22.36453],[114.15151,22.36481],[114.15179,22.3649],[114.1517,22.36525],[114.15117,22.36543],[114.15085,22.36564],[114.15137,22.36572],[114.15147,22.36627],[114.15121,22.36674],[114.15119,22.36709],[114.15126,22.36716],[114.151,22.36764],[114.15098,22.36812],[114.15069,22.3687],[114.15067,22.36887],[114.1502,22.36928],[114.15008,22.3696],[114.15004,22.36995],[114.14974,22.37007],[114.14938,22.37049],[114.14892,22.37057],[114.14919,22.37077],[114.14929,22.37095],[114.14954,22.37076],[114.14978,22.37072],[114.14989,22.37045],[114.1503,22.37054],[114.15007,22.37069],[114.14935,22.37156],[114.14889,22.37176],[114.14872,22.37208],[114.14882,22.37235],[114.14862,22.37255],[114.14862,22.3727],[114.14872,22.373],[114.14848,22.37313],[114.14843,22.37341],[114.1487,22.3736],[114.14872,22.37446],[114.14862,22.37474],[114.14819,22.37482],[114.14819,22.37499],[114.14859,22.37556],[114.14789,22.37599],[114.14771,22.37627],[114.14786,22.3764],[114.14842,22.37637],[114.14845,22.37661],[114.14865,22.37673],[114.14846,22.37702],[114.14852,22.37735],[114.14866,22.37753],[114.14869,22.37789],[114.14888,22.37801],[114.14862,22.37818],[114.14808,22.37824],[114.14805,22.37843],[114.14759,22.37886],[114.14909,22.38026]]},"properties":{"TRAIL_ID":"ws_6","TRAIL_NAME_EN":"WILSON TRAIL","TRAIL_NAME_TC":"衞奕信徑","SECTION_NO":"6","TYPE_EN":"Long Distance Trail","TYPE_TC":"長途遠足徑","DIFFICULTY_EN":"Moderate","DIFFICULTY_TC":"普通","REGION_EN":"Central New Territories","REGION_TC":"新界中區","STARTpt_EN":"Tai Po Road","STARTpt_TC":"大埔公路","FINISHpt_EN":"Shing Mun Reservoir","FINISHpt_TC":"城門水塘","WEBSITE":"https://www.hiking.gov.hk/trail/info/id/M3ArN2RxYmROLzBKNlhxRndlRUdzZz09","TEL":"1823","MEASURE_LEN":5300,"name_en":"Wilson Trail Section 6","name_tc":"衞奕信徑第六段","parent_id":"ws","parent_en":"Wilson Trail","parent_tc":"衞奕信徑","parks_en":["Kam Shan Country Park","Shing Mun Country Park"],"parks_tc":["金山郊野公園","城門郊野公園"],"has_distance_posts":true,"mapped_length_m":5473,"length_mismatch":false,"branching":false,"direction_verified_by":"distance_posts","loop":false}},{"type":"Feature","geometry":{"type":"LineString","coordinates":[[114.14909,22.38026],[114.14858,22.3805],[114.14843,22.38075],[114.14814,22.38079],[114.14784,22.38109],[114.1474,22.38113],[114.14714,22.38125],[114.14767,22.38152],[114.14779,22.3817],[114.14772,22.38191],[114.14786,22.3821],[114.14785,22.38242],[114.14747,22.38261],[114.14749,22.38286],[114.14791,22.38284],[114.14833,22.38298],[114.14877,22.38276],[114.14878,22.38311],[114.14896,22.38327],[114.1492,22.38368],[114.14855,22.38361],[114.14845,22.38378],[114.14853,22.38408],[114.14825,22.38421],[114.14808,22.38449],[114.14836,22.3847],[114.1487,22.38471],[114.1489,22.38479],[114.14883,22.3853],[114.14899,22.38541],[114.14934,22.38517],[114.14961,22.38534],[114.14973,22.38517],[114.14996,22.38519],[114.15004,22.3851],[114.15002,22.38487],[114.1503,22.38491],[114.15041,22.38467],[114.15068,22.38491],[114.15089,22.38493],[114.15042,22.38526],[114.15035,22.38552],[114.15014,22.38582],[114.15028,22.38618],[114.15057,22.38619],[114.15072,22.38638],[114.15085,22.38638],[114.15105,22.38653],[114.15119,22.38642],[114.15156,22.38635],[114.15157,22.38643],[114.15143,22.38658],[114.15157,22.38667],[114.15157,22.38682],[114.15141,22.38709],[114.15217,22.38745],[114.15209,22.38755],[114.15173,22.38764],[114.15173,22.38777],[114.15194,22.38791],[114.15222,22.38774],[114.15233,22.38776],[114.15276,22.38806],[114.15316,22.38814],[114.15327,22.38844],[114.15343,22.38849],[114.15346,22.38862],[114.15374,22.38902],[114.15443,22.38938],[114.15453,22.38973],[114.15485,22.38986],[114.15481,22.38998],[114.155,22.39015],[114.15493,22.39021],[114.15471,22.39016],[114.15431,22.38997],[114.15411,22.38978],[114.15374,22.38968],[114.15349,22.3894],[114.15331,22.38937],[114.15315,22.38909],[114.15292,22.38926],[114.15275,22.38926],[114.15265,22.38937],[114.15261,22.3892],[114.15284,22.389],[114.15268,22.38864],[114.15222,22.38846],[114.15197,22.38851],[114.15185,22.38865],[114.15161,22.38863],[114.15153,22.38877],[114.15116,22.38874],[114.15101,22.38889],[114.15069,22.38879],[114.15052,22.38882],[114.15031,22.3885],[114.15042,22.38831],[114.15039,22.38793],[114.15011,22.38818],[114.14984,22.38807],[114.14971,22.38809],[114.14982,22.38829],[114.14976,22.38847],[114.14984,22.38866],[114.14964,22.38899],[114.1501,22.3893],[114.14999,22.38967],[114.15011,22.38973],[114.15029,22.38969],[114.15028,22.39004],[114.15045,22.39029],[114.15035,22.3904],[114.1498,22.39032],[114.14974,22.39056],[114.15002,22.39059],[114.15058,22.39085],[114.15081,22.39089],[114.15092,22.39108],[114.15109,22.39109],[114.15132,22.39088],[114.15146,22.39091],[114.15144,22.39109],[114.15168,22.39123],[114.15132,22.39123],[114.15101,22.39143],[114.15113,22.39156],[114.15114,22.39184],[114.15196,22.39195],[114.15146,22.3923],[114.15153,22.3925],[114.15198,22.3925],[114.15193,22.3927],[114.15168,22.39281],[114.1517,22.39293],[114.15192,22.39298],[114.15207,22.3932],[114.15248,22.39356],[114.15274,22.39349],[114.15279,22.39372],[114.15302,22.3939],[114.15313,22.39393],[114.15358,22.39379],[114.15383,22.39398],[114.15403,22.39394],[114.15415,22.3943],[114.15441,22.39445],[114.15468,22.3944],[114.15483,22.39445],[114.15492,22.39472],[114.15483,22.3948],[114.15454,22.39484],[114.15427,22.39509],[114.1539,22.39497],[114.15344,22.39464],[114.1533,22.39464],[114.15323,22.39483],[114.15333,22.39526],[114.15325,22.39554],[114.1531,22.39575],[114.15234,22.39637],[114.15257,22.39669],[114.15246,22.39716],[114.15238,22.39722],[114.15165,22.39716],[114.15123,22.39724],[114.15066,22.39755],[114.15052,22.39786],[114.15076,22.39823],[114.15072,22.39872],[114.15093,22.39959],[114.15118,22.40002],[114.15151,22.39999],[114.15195,22.39958],[114.1521,22.39964],[114.15235,22.39991],[114.15241,22.40007],[114.15221,22.40038],[114.15218,22.40082],[114.15235,22.40101],[114.15273,22.40108],[114.15298,22.40191],[114.15325,22.40217],[114.15314,22.40257],[114.15254,22.4028],[114.15251,22.40373],[114.15263,22.40389],[114.15323,22.40394],[114.15344,22.40406],[114.15426,22.40429],[114.15449,22.40537],[114.1543,22.40625],[114.15453,22.40641],[114.15495,22.40629],[114.15533,22.40633],[114.15562,22.40653],[114.15585,22.40689],[114.15592,22.40753],[114.1561,22.40785],[114.156,22.40838],[114.15647,22.40875],[114.15593,22.40923],[114.15597,22.40966],[114.15641,22.40994],[114.15648,22.41026],[114.15674,22.41063],[114.15748,22.41067],[114.15774,22.4109],[114.1583,22.412],[114.15816,22.41209],[114.15803,22.41338],[114.15809,22.41378],[114.15885,22.41511],[114.15901,22.41577],[114.15906,22.41616],[114.15899,22.4166],[114.15917,22.41727],[114.15923,22.41866],[114.1594,22.42004],[114.15925,22.42083],[114.1596,22.42309],[114.15994,22.42399],[114.16052,22.42489],[114.1607,22.42593],[114.161,22.42628],[114.16101,22.42678],[114.1611,22.42684],[114.16172,22.42687],[114.16188,22.42733],[114.16219,22.42758],[114.16235,22.42785],[114.16234,22.42845],[114.16197,22.42885],[114.16205,22.42913],[114.16192,22.42935],[114.16195,22.42942],[114.16254,22.42978],[114.16285,22.42984]]},"properties":{"TRAIL_ID":"ws_7","TRAIL_NAME_EN":"WILSON TRAIL","TRAIL_NAME_TC":"衞奕信徑","SECTION_NO":"7","TYPE_EN":"Long Distance Trail","TYPE_TC":"長途遠足徑","DIFFICULTY_EN":"Demanding","DIFFICULTY_TC":"費力","REGION_EN":"Central New Territories","REGION_TC":"新界中區","STARTpt_EN":"Shing Mun Reservoir","STARTpt_TC":"城門水塘","FINISHpt_EN":"Yuen Tun Ha","FINISHpt_TC":"元墩下","WEBSITE":"https://www.hiking.gov.hk/trail/info/id/anRlQ0Q2VTA5SUhNQjBTSm9tRGJhUT09","TEL":"1823","MEASURE_LEN":10200,"name_en":"Wilson Trail Section 7","name_tc":"衞奕信徑第七段","parent_id":"ws","parent_en":"Wilson Trail","parent_tc":"衞奕信徑","parks_en":["Shing Mun Country Park","Tai Mo Shan Country Park"],"parks_tc":["城門郊野公園","大帽山郊野公園"],"has_distance_posts":true,"mapped_length_m":10359,"length_mismatch":false,"branching":false,"direction_verified_by":"distance_posts","loop":false}},{"type":"Feature","geometry":{"type":"LineString","coordinates":[[114.16285,22.42984],[114.16301,22.43021],[114.16331,22.43061],[114.16357,22.43237],[114.16372,22.43445],[114.1644,22.43541],[114.16454,22.43633],[114.16373,22.43635],[114.16343,22.4365],[114.16302,22.43656],[114.16306,22.43672],[114.16286,22.43674],[114.16253,22.43694],[114.1621,22.43691],[114.16179,22.43707],[114.16123,22.43682],[114.16065,22.43678],[114.16044,22.43667],[114.15997,22.43668],[114.1598,22.43659],[114.15964,22.43669],[114.15959,22.43704],[114.15934,22.4372],[114.15913,22.43715],[114.15895,22.4369],[114.15849,22.43656],[114.15766,22.43618],[114.15726,22.43626],[114.15709,22.43638],[114.15648,22.43635],[114.15637,22.43651],[114.15642,22.43663],[114.15622,22.43684],[114.15608,22.43723],[114.15576,22.43744],[114.15577,22.43773],[114.15559,22.43796],[114.15542,22.43804],[114.15485,22.43773],[114.15441,22.43795],[114.15458,22.43866],[114.15476,22.43874],[114.15511,22.4387],[114.15523,22.43873],[114.15527,22.43882],[114.15471,22.43909],[114.1546,22.43949],[114.15402,22.43985],[114.15398,22.44018],[114.15337,22.44036],[114.15317,22.44063],[114.15262,22.44092],[114.15202,22.44105],[114.15191,22.44135],[114.15158,22.44144],[114.15095,22.44189],[114.15089,22.442],[114.15094,22.44226],[114.15085,22.44244],[114.15051,22.4427],[114.1498,22.4435],[114.1497,22.44394],[114.14974,22.44423],[114.14959,22.4446],[114.14985,22.445],[114.15069,22.44527],[114.15111,22.4457],[114.15155,22.44579],[114.15161,22.44591],[114.15158,22.44614],[114.15173,22.44633],[114.15175,22.44667],[114.15196,22.4469],[114.15235,22.44674],[114.15301,22.44693],[114.15365,22.4465],[114.15408,22.44645],[114.15433,22.44663],[114.15471,22.44681],[114.15486,22.4468],[114.15501,22.44691],[114.15506,22.44703],[114.155,22.4473],[114.15608,22.44776],[114.15721,22.44846],[114.15749,22.44847],[114.15764,22.44878],[114.15833,22.44931],[114.15838,22.44926],[114.15865,22.44943],[114.15898,22.44942],[114.15907,22.44948],[114.15933,22.44989],[114.15727,22.45098],[114.15618,22.45131],[114.15626,22.4516],[114.15601,22.45205],[114.15597,22.45243],[114.15636,22.45361],[114.1565,22.45357],[114.1566,22.45365],[114.1567,22.45362],[114.15684,22.45396],[114.15706,22.45389],[114.1584,22.45589],[114.15854,22.45576],[114.15885,22.45596],[114.1587,22.45671],[114.15896,22.45673],[114.15909,22.45684],[114.15893,22.4572],[114.15902,22.45724],[114.15913,22.45752],[114.15908,22.45778],[114.15898,22.45789],[114.15943,22.45814],[114.15953,22.45849],[114.15938,22.45893],[114.15894,22.45951],[114.15921,22.46002],[114.15913,22.46045],[114.15976,22.46113],[114.15983,22.46164],[114.16025,22.46209],[114.16067,22.462],[114.16093,22.46183],[114.16141,22.46177],[114.162,22.46198],[114.16222,22.46219],[114.16283,22.46237],[114.16286,22.46269],[114.1628,22.46293],[114.16288,22.46331],[114.16279,22.46463],[114.16299,22.46494],[114.1637,22.46479],[114.16469,22.46477],[114.16652,22.46555],[114.16664,22.46565],[114.16721,22.46682],[114.16735,22.46731],[114.16773,22.4679],[114.16817,22.46829],[114.16838,22.46859],[114.16906,22.46988],[114.16896,22.47115],[114.16846,22.4723],[114.16846,22.47246],[114.16863,22.47279],[114.16919,22.47337],[114.16913,22.47372],[114.16894,22.47411],[114.16901,22.47444],[114.16926,22.47482],[114.16917,22.47512],[114.16932,22.4754],[114.16963,22.47554],[114.1698,22.47571],[114.17011,22.47573],[114.1702,22.47582],[114.17047,22.4762],[114.17052,22.47681]]},"properties":{"TRAIL_ID":"ws_8","TRAIL_NAME_EN":"WILSON TRAIL","TRAIL_NAME_TC":"衞奕信徑","SECTION_NO":"8","TYPE_EN":"Long Distance Trail","TYPE_TC":"長途遠足徑","DIFFICULTY_EN":"Difficult","DIFFICULTY_TC":"難行","REGION_EN":"North New Territories","REGION_TC":"新界北區","STARTpt_EN":"Yuen Tun Ha","STARTpt_TC":"元墩下","FINISHpt_EN":"Cloudy Hill","FINISHpt_TC":"九龍坑山","WEBSITE":"https://www.hiking.gov.hk/trail/info/id/dGljejY4cWNjZ3E5Z2wwK1V3cWtJZz09","TEL":"1823","MEASURE_LEN":9000,"name_en":"Wilson Trail Section 8","name_tc":"衞奕信徑第八段","parent_id":"ws","parent_en":"Wilson Trail","parent_tc":"衞奕信徑","parks_en":["Tai Mo Shan Country Park"],"parks_tc":["大帽山郊野公園"],"has_distance_posts":true,"mapped_length_m":8945,"length_mismatch":false,"branching":false,"direction_verified_by":"distance_posts","loop":false}},{"type":"Feature","geometry":{"type":"LineString","coordinates":[[114.17052,22.47681],[114.1707,22.47692],[114.17092,22.47674],[114.17104,22.47677],[114.17103,22.47701],[114.17126,22.47756],[114.17146,22.47782],[114.1715,22.47816],[114.17204,22.47858],[114.17201,22.4787],[114.17181,22.47884],[114.17182,22.47918],[114.17209,22.47934],[114.17231,22.47965],[114.1719,22.48019],[114.1718,22.48082],[114.17206,22.48112],[114.17201,22.4816],[114.17224,22.48169],[114.17232,22.48183],[114.17234,22.48212],[114.17216,22.48239],[114.17207,22.48279],[114.17228,22.48318],[114.17236,22.48358],[114.17224,22.48385],[114.17197,22.48408],[114.17184,22.4845],[114.17207,22.4851],[114.17198,22.48595],[114.17214,22.48606],[114.17216,22.4863],[114.17247,22.48646],[114.17248,22.4868],[114.17239,22.487],[114.17282,22.48768],[114.17316,22.48783],[114.17369,22.48824],[114.17376,22.48873],[114.17388,22.48889],[114.17419,22.489],[114.1743,22.48912],[114.17448,22.4898],[114.17464,22.49001],[114.17467,22.49018],[114.17498,22.49034],[114.17471,22.49055],[114.17529,22.49105],[114.17545,22.49129],[114.17617,22.49163],[114.17655,22.49198],[114.17674,22.49203],[114.17677,22.4922],[114.17704,22.49232],[114.1774,22.49321],[114.17763,22.49328],[114.17784,22.49344],[114.17796,22.49315],[114.17822,22.49289],[114.17834,22.49267],[114.17836,22.49214],[114.17845,22.49195],[114.17856,22.49183],[114.17896,22.49175],[114.1791,22.4916],[114.17918,22.4916],[114.1792,22.49148],[114.17944,22.49136],[114.17936,22.4911],[114.17952,22.49108],[114.17975,22.49117],[114.17978,22.4909],[114.1801,22.49108],[114.18018,22.491],[114.18029,22.49112],[114.18049,22.49103],[114.18082,22.49104],[114.1807,22.49129],[114.18044,22.49143],[114.18033,22.4918],[114.18058,22.49204],[114.18117,22.49232],[114.1816,22.49233],[114.18152,22.49204],[114.1819,22.49176],[114.18233,22.49179],[114.18282,22.49154],[114.18326,22.49153],[114.18396,22.49113],[114.1841,22.49082],[114.18404,22.4906],[114.18338,22.49036],[114.1833,22.49013],[114.18312,22.49016],[114.183,22.49039],[114.18263,22.48975],[114.18271,22.48948],[114.18286,22.48935],[114.18333,22.48907],[114.18394,22.48887],[114.18435,22.48894],[114.18453,22.48931],[114.18489,22.48958],[114.18519,22.4897],[114.18569,22.48974],[114.18606,22.48991],[114.18618,22.49003],[114.18688,22.49033],[114.18727,22.49065],[114.18797,22.49108],[114.18836,22.4916],[114.18874,22.49229],[114.18945,22.49272],[114.18984,22.49326],[114.19055,22.49388],[114.19089,22.49401],[114.19133,22.49407],[114.19168,22.49432],[114.19192,22.49433],[114.1921,22.49455],[114.19235,22.49469],[114.1927,22.49468],[114.19296,22.49479],[114.19332,22.49476],[114.19365,22.49499],[114.19388,22.49502],[114.19426,22.49473],[114.19436,22.49449],[114.19472,22.49418],[114.19484,22.49388],[114.19531,22.4936],[114.19541,22.49347],[114.19541,22.4933],[114.19577,22.49308],[114.19609,22.49316],[114.19663,22.49311],[114.19714,22.49329],[114.19751,22.49297],[114.19808,22.49307],[114.19883,22.49295],[114.19919,22.49307],[114.19942,22.49302],[114.19957,22.49285],[114.19976,22.49289],[114.20013,22.49279],[114.20055,22.49295],[114.20099,22.49273],[114.2012,22.49274],[114.20147,22.49266],[114.20177,22.49271],[114.20213,22.49262],[114.20309,22.49214],[114.20348,22.49187],[114.20379,22.49185],[114.20394,22.49177],[114.2046,22.49117],[114.2047,22.49094],[114.20505,22.4908],[114.20562,22.49074],[114.20585,22.49037],[114.20671,22.48986],[114.20712,22.48983],[114.20734,22.48957],[114.20821,22.48968],[114.20938,22.49028],[114.20978,22.49013],[114.21046,22.49028],[114.21083,22.49024],[114.21127,22.49038],[114.21162,22.49036],[114.212,22.49044],[114.21214,22.49042],[114.21245,22.49019],[114.21275,22.49014],[114.21294,22.49033],[114.21328,22.49037],[114.21372,22.49014],[114.21449,22.48997],[114.21491,22.49],[114.21542,22.49023],[114.21628,22.49015],[114.21668,22.48998],[114.21785,22.48985],[114.21806,22.48967],[114.21843,22.48957],[114.21883,22.48926],[114.21959,22.48903],[114.22021,22.48923],[114.22047,22.48924],[114.2208,22.48902],[114.22103,22.48862],[114.22138,22.48831],[114.22158,22.48796],[114.22181,22.48788],[114.22201,22.48764],[114.22257,22.48747],[114.22291,22.48752],[114.22301,22.48747],[114.22302,22.48754],[114.2234,22.48716],[114.22365,22.48701],[114.22379,22.48664],[114.22404,22.48666],[114.22508,22.48637],[114.2255,22.48611],[114.22697,22.48616],[114.22714,22.48621],[114.22748,22.48611],[114.22799,22.48629],[114.22855,22.48623],[114.22873,22.48597],[114.22908,22.48599],[114.23027,22.48583],[114.23133,22.48536],[114.23166,22.48537],[114.23195,22.48546],[114.23225,22.48539],[114.23249,22.48513],[114.23286,22.48507],[114.23319,22.48522],[114.23368,22.48503],[114.23404,22.485]]},"properties":{"TRAIL_ID":"ws_9","TRAIL_NAME_EN":"WILSON TRAIL","TRAIL_NAME_TC":"衞奕信徑","SECTION_NO":"9","TYPE_EN":"Long Distance Trail","TYPE_TC":"長途遠足徑","DIFFICULTY_EN":"Difficult","DIFFICULTY_TC":"難行","REGION_EN":"North New Territories","REGION_TC":"新界北區","STARTpt_EN":"Cloudy Hill","STARTpt_TC":"九龍坑山","FINISHpt_EN":"Pat Sin Leng","FINISHpt_TC":"八仙嶺","WEBSITE":"https://www.hiking.gov.hk/trail/info/id/TjFJNDlpb0FhSmdCS25nYTg5K0pmQT09","TEL":"1823","MEASURE_LEN":10600,"name_en":"Wilson Trail Section 9","name_tc":"衞奕信徑第九段","parent_id":"ws","parent_en":"Wilson Trail","parent_tc":"衞奕信徑","parks_en":["Pat Sin Leng Country Park"],"parks_tc":["八仙嶺郊野公園"],"has_distance_posts":true,"mapped_length_m":10255,"length_mismatch":false,"branching":false,"direction_verified_by":"distance_posts","loop":false}},{"type":"Feature","geometry":{"type":"LineString","coordinates":[[114.21931,22.52514],[114.21946,22.52514],[114.21959,22.52527],[114.21945,22.52585],[114.21977,22.52672],[114.22024,22.52747],[114.22026,22.52825],[114.22045,22.52852],[114.22077,22.52858],[114.22101,22.52837],[114.22116,22.52802],[114.22134,22.52788],[114.22171,22.52731],[114.22124,22.5274],[114.221,22.52755],[114.22097,22.52743],[114.22107,22.52719],[114.22182,22.52667],[114.22256,22.52598],[114.22315,22.52531],[114.22324,22.5251],[114.22352,22.5249],[114.22369,22.52437],[114.22409,22.52409],[114.22359,22.52321],[114.22362,22.52304],[114.224,22.52285],[114.22419,22.52266],[114.22416,22.52253],[114.22401,22.52242],[114.22397,22.52197],[114.22406,22.52168],[114.22444,22.52145],[114.22487,22.52145],[114.22514,22.52135]]},"properties":{"TRAIL_ID":"fmy_1","TRAIL_NAME_EN":"FUNG HANG FAMILY WALK","TRAIL_NAME_TC":"鳳坑家樂徑","SECTION_NO":"0","TYPE_EN":"Family Walk","TYPE_TC":"家樂徑","DIFFICULTY_EN":"Easy","DIFFICULTY_TC":"易行","REGION_EN":"North New Territories","REGION_TC":"新界北區","STARTpt_EN":"Fung Hang","STARTpt_TC":"鳳坑","FINISHpt_EN":"Bride's Pool Road","FINISHpt_TC":"新娘潭路","WEBSITE":"https://www.hiking.gov.hk/trail/info/id/RDBrZUgxZm82eGlYWW5saS9zSDBWQT09","TEL":"1823","MEASURE_LEN":2000,"name_en":"Fung Hang Family Walk","name_tc":"鳳坑家樂徑","parent_id":null,"parent_en":null,"parent_tc":null,"parks_en":[],"parks_tc":[],"has_distance_posts":false,"mapped_length_m":1694,"length_mismatch":true,"branching":false,"direction_verified_by":null,"loop":false}},{"type":"Feature","geometry":{"type":"LineString","coordinates":[[114.13633,22.26496],[114.13624,22.26498],[114.13625,22.26509],[114.13615,22.26501],[114.13551,22.26569],[114.13559,22.26623],[114.13604,22.26632],[114.13643,22.2662],[114.13666,22.26646],[114.13689,22.26652],[114.13694,22.26669],[114.13757,22.26696],[114.13767,22.2671],[114.13766,22.26734],[114.13755,22.26742],[114.13759,22.26766],[114.13773,22.2677],[114.13783,22.26793],[114.13808,22.26767],[114.13835,22.26754],[114.13888,22.26781],[114.13896,22.26798],[114.13875,22.26816],[114.13868,22.26832],[114.139,22.26823],[114.13963,22.26829],[114.13948,22.2681],[114.13953,22.26787],[114.13981,22.26786],[114.14003,22.26807],[114.14024,22.26784],[114.14047,22.26777],[114.14092,22.26812],[114.1412,22.26819],[114.14129,22.26832],[114.14116,22.26848],[114.14123,22.2686],[114.14147,22.26864],[114.14177,22.26892],[114.14215,22.26854],[114.14242,22.26862],[114.14259,22.26854],[114.143,22.26853],[114.14309,22.26865],[114.1433,22.26849],[114.14348,22.26855],[114.14346,22.26871],[114.1436,22.26891],[114.14434,22.26889],[114.14526,22.26905],[114.14548,22.26915],[114.14558,22.26916],[114.14603,22.26883],[114.14632,22.26889],[114.14647,22.26882],[114.14611,22.26853],[114.14574,22.26846],[114.14533,22.26856],[114.14524,22.26847],[114.14501,22.26843],[114.14494,22.26823],[114.14499,22.2679],[114.14492,22.26786],[114.14467,22.26799],[114.1445,22.26793],[114.14426,22.26756],[114.14411,22.26747],[114.14408,22.2672],[114.14389,22.26714],[114.14382,22.26702],[114.14388,22.26684],[114.14324,22.2668],[114.14267,22.26665],[114.14264,22.26643],[114.14207,22.26606],[114.14163,22.26602],[114.14135,22.26614],[114.14094,22.26616],[114.14061,22.26643],[114.14035,22.26651],[114.13983,22.26639],[114.13965,22.26659],[114.13928,22.2666],[114.13876,22.26652],[114.13687,22.26555],[114.13645,22.26547],[114.13633,22.26496]]},"properties":{"TRAIL_ID":"fmy_10","TRAIL_NAME_EN":"POK FU LAM FAMILY WALK","TRAIL_NAME_TC":"薄扶林家樂徑","SECTION_NO":"0","TYPE_EN":"Family Walk","TYPE_TC":"家樂徑","DIFFICULTY_EN":"Easy","DIFFICULTY_TC":"易行","REGION_EN":"Hong Kong Island","REGION_TC":"香港島","STARTpt_EN":"Pok Fu Lam Reservoir Management Centre","STARTpt_TC":"薄扶林水塘郊野公園管理站","FINISHpt_EN":"Pok Fu Lam Reservoir Road","FINISHpt_TC":"薄扶林水塘道","WEBSITE":"https://www.hiking.gov.hk/trail/info/id/TWprMlNsc2tlb3p2VFBNMGJnRzNSQT09","TEL":"1823","MEASURE_LEN":3500,"name_en":"Pok Fu Lam Family Walk","name_tc":"薄扶林家樂徑","parent_id":null,"parent_en":null,"parent_tc":null,"parks_en":[],"parks_tc":[],"has_distance_posts":false,"mapped_length_m":3256,"length_mismatch":false,"branching":false,"direction_verified_by":null,"loop":true}},{"type":"Feature","geometry":{"type":"LineString","coordinates":[[114.23363,22.4693],[114.23372,22.46944],[114.23388,22.46944],[114.23417,22.46957],[114.23436,22.46954],[114.23464,22.46971],[114.23413,22.46892],[114.2341,22.46871],[114.23419,22.4686],[114.23435,22.46906],[114.23526,22.46995],[114.23484,22.47099],[114.23466,22.4712],[114.23452,22.47091],[114.23444,22.47097],[114.23438,22.47087],[114.23428,22.4706],[114.23389,22.47029],[114.23387,22.4701],[114.23407,22.46993],[114.23419,22.47],[114.23422,22.47022],[114.23427,22.47018],[114.23435,22.46986],[114.2343,22.46966],[114.23388,22.46944],[114.23372,22.46944],[114.23367,22.46934],[114.23363,22.4693]]},"properties":{"TRAIL_ID":"fmy_11","TRAIL_NAME_EN":"TAI MEI TUK FAMILY WALK","TRAIL_NAME_TC":"大美督家樂徑","SECTION_NO":"0","TYPE_EN":"Family Walk","TYPE_TC":"家樂徑","DIFFICULTY_EN":"Easy","DIFFICULTY_TC":"易行","REGION_EN":"North New Territories","REGION_TC":"新界北區","STARTpt_EN":"Tai Mei Tuk","STARTpt_TC":"大美督","FINISHpt_EN":"Tai Mei Tuk","FINISHpt_TC":"大美督","WEBSITE":"https://www.hiking.gov.hk/trail/info/id/ZHIxalZwQUVXdytUUE9uRU94OTVTdz09","TEL":"1823","MEASURE_LEN":1000,"name_en":"Tai Mei Tuk Family Walk","name_tc":"大美督家樂徑","parent_id":null,"parent_en":null,"parent_tc":null,"parks_en":[],"parks_tc":[],"has_distance_posts":false,"mapped_length_m":1002,"length_mismatch":false,"branching":false,"direction_verified_by":null,"loop":true}},{"type":"Feature","geometry":{"type":"LineString","coordinates":[[114.23776,22.40822],[114.23805,22.40817],[114.23818,22.40836],[114.23825,22.40862],[114.23813,22.40885],[114.23832,22.40928],[114.23824,22.40941],[114.23828,22.40957],[114.23821,22.40987],[114.23783,22.41015],[114.23773,22.41019],[114.23756,22.41011],[114.23717,22.4101],[114.23695,22.40995],[114.23679,22.40965],[114.2368,22.40935],[114.23673,22.40918],[114.23641,22.40882]]},"properties":{"TRAIL_ID":"fmy_12","TRAIL_NAME_EN":"MA ON SHAN FAMILY WALK","TRAIL_NAME_TC":"馬鞍山家樂徑","SECTION_NO":"0","TYPE_EN":"Family Walk","TYPE_TC":"家樂徑","DIFFICULTY_EN":"Easy","DIFFICULTY_TC":"易行","REGION_EN":"Central New Territories","REGION_TC":"新界中區","STARTpt_EN":"Ma On Shan Barbecue Site","STARTpt_TC":"馬鞍山燒烤場","FINISHpt_EN":"Ma On Shan Barbecue Site","FINISHpt_TC":"馬鞍山燒烤場","WEBSITE":"https://www.hiking.gov.hk/trail/info/id/S25mS2F6QmlEQlg2VTRtOVN4M29nZz09","TEL":"1823","MEASURE_LEN":600,"name_en":"Ma On Shan Family Walk","name_tc":"馬鞍山家樂徑","parent_id":null,"parent_en":null,"parent_tc":null,"parks_en":[],"parks_tc":[],"has_distance_posts":false,"mapped_length_m":541,"length_mismatch":false,"branching":false,"direction_verified_by":null,"loop":false}},{"type":"Feature","geometry":{"type":"LineString","coordinates":[[114.20159,22.25884],[114.20156,22.25872],[114.20167,22.25872],[114.20164,22.2586],[114.20197,22.25834],[114.20213,22.2581],[114.20235,22.25733],[114.20244,22.25712],[114.20258,22.25702],[114.20277,22.25651],[114.20335,22.25604],[114.20344,22.25608],[114.20339,22.25635],[114.20348,22.25695],[114.2036,22.25696],[114.20399,22.25668],[114.20408,22.25697],[114.20446,22.2571],[114.20432,22.25768],[114.20464,22.25766],[114.20496,22.25786],[114.20498,22.25879],[114.20486,22.25901],[114.2046,22.25915],[114.20471,22.25928],[114.20502,22.2593],[114.20515,22.25923],[114.20529,22.25879],[114.20556,22.25882],[114.2059,22.25821],[114.20606,22.25807],[114.20645,22.25802],[114.2069,22.25806],[114.20741,22.25792],[114.20769,22.25796],[114.20806,22.25787],[114.20817,22.25803],[114.20815,22.25813],[114.20823,22.25816],[114.20835,22.25807],[114.20842,22.25823],[114.20858,22.25822],[114.20888,22.25792],[114.2088,22.25763]]},"properties":{"TRAIL_ID":"fmy_13","TRAIL_NAME_EN":"TAI TAM FAMILY WALK","TRAIL_NAME_TC":"大潭家樂徑","SECTION_NO":"0","TYPE_EN":"Family Walk","TYPE_TC":"家樂徑","DIFFICULTY_EN":"Easy","DIFFICULTY_TC":"易行","REGION_EN":"Hong Kong Island","REGION_TC":"香港島","STARTpt_EN":"Tai Tam Reservoir Road (near Parkview Mansions)","STARTpt_TC":"大潭水塘道近陽明山","FINISHpt_EN":"Tai Tam Reservoir Road (near Tai Tam Upper Reservoir)","FINISHpt_TC":"大潭水塘道近大潭水塘","WEBSITE":"https://www.hiking.gov.hk/trail/info/id/VXUrUWZ6Y3hSVmdqdmVDNXA5QU5mUT09","TEL":"1823","MEASURE_LEN":1600,"name_en":"Tai Tam Family Walk","name_tc":"大潭家樂徑","parent_id":null,"parent_en":null,"parent_tc":null,"parks_en":[],"parks_tc":[],"has_distance_posts":false,"mapped_length_m":1611,"length_mismatch":false,"branching":false,"direction_verified_by":null,"loop":false}},{"type":"Feature","geometry":{"type":"LineString","coordinates":[[114.18078,22.49214],[114.18035,22.49184],[114.18044,22.49144],[114.18086,22.49122],[114.18126,22.4911],[114.18129,22.49093],[114.18113,22.49074],[114.18142,22.49069],[114.1817,22.49075],[114.1818,22.49072],[114.18184,22.49058],[114.18129,22.48939],[114.18115,22.48927],[114.18113,22.48892],[114.18094,22.48863],[114.18094,22.48844],[114.18076,22.48826],[114.18083,22.48794],[114.18073,22.48769],[114.18082,22.48757],[114.18108,22.48742],[114.18138,22.48733],[114.18149,22.48708],[114.18169,22.48714],[114.18185,22.48685],[114.18198,22.4868],[114.18199,22.48661],[114.18231,22.48656],[114.18271,22.48705],[114.18253,22.48712],[114.18248,22.48735],[114.18233,22.48741],[114.18221,22.48758],[114.18182,22.48782],[114.18151,22.4879],[114.18144,22.48802],[114.18155,22.48841],[114.18169,22.4885],[114.18168,22.48882],[114.18191,22.48956],[114.18246,22.49024],[114.18272,22.49038],[114.18299,22.49039],[114.18312,22.49015],[114.1833,22.49013],[114.18338,22.49035],[114.18403,22.4906],[114.18409,22.49084],[114.18397,22.49112],[114.18334,22.4915],[114.18283,22.49154],[114.18238,22.49177],[114.18184,22.49179],[114.18152,22.49204],[114.1816,22.49232],[114.18117,22.49232],[114.18078,22.49214]]},"properties":{"TRAIL_ID":"fmy_2","TRAIL_NAME_EN":"HOK TAU RESERVOIR FAMILY WALK","TRAIL_NAME_TC":"鶴藪水塘家樂徑","SECTION_NO":"0","TYPE_EN":"Family Walk","TYPE_TC":"家樂徑","DIFFICULTY_EN":"Easy","DIFFICULTY_TC":"易行","REGION_EN":"North New Territories","REGION_TC":"新界北區","STARTpt_EN":"Hok Tau Reservoir","STARTpt_TC":"鶴藪水塘","FINISHpt_EN":"Hok Tau Reservoir","FINISHpt_TC":"鶴藪水塘","WEBSITE":"https://www.hiking.gov.hk/trail/info/id/UHkzMDc1SzQzSHoyK09neFRTNTRTUT09","TEL":"1823","MEASURE_LEN":2500,"name_en":"Hok Tau Reservoir Family Walk","name_tc":"鶴藪水塘家樂徑","parent_id":null,"parent_en":null,"parent_tc":null,"parks_en":[],"parks_tc":[],"has_distance_posts":false,"mapped_length_m":2156,"length_mismatch":true,"branching":false,"direction_verified_by":null,"loop":true}},{"type":"Feature","geometry":{"type":"LineString","coordinates":[[114.07371,22.40704],[114.07376,22.40694],[114.07361,22.40639],[114.07305,22.40632],[114.07274,22.40611],[114.07228,22.40596],[114.07143,22.40612],[114.07112,22.40599],[114.07072,22.40598],[114.07066,22.40586],[114.07077,22.40579],[114.07122,22.40577],[114.07201,22.40559],[114.0722,22.40563],[114.07226,22.40555],[114.07216,22.40538],[114.07225,22.40534],[114.07269,22.40547],[114.07295,22.40535],[114.07318,22.40553],[114.07341,22.40556],[114.07399,22.40548],[114.07456,22.40504],[114.07456,22.40482],[114.07471,22.40464],[114.07536,22.40435],[114.07592,22.40423],[114.07609,22.40451],[114.07643,22.40477],[114.07644,22.40509],[114.0765,22.40519],[114.0769,22.40534],[114.07706,22.40554],[114.07747,22.40564],[114.07764,22.40589],[114.07798,22.4061],[114.07837,22.40671],[114.07789,22.40694],[114.07771,22.40684],[114.07713,22.40681],[114.07697,22.40692],[114.07679,22.40745],[114.0766,22.40738],[114.07554,22.40741],[114.07517,22.4073],[114.07502,22.40746],[114.07446,22.40717],[114.07391,22.40739],[114.07351,22.40729],[114.07372,22.40716],[114.0737,22.40704]]},"properties":{"TRAIL_ID":"fmy_3","TRAIL_NAME_EN":"HO PUI RESERVOIR FAMILY WALK","TRAIL_NAME_TC":"河背水塘家樂徑","SECTION_NO":"0","TYPE_EN":"Family Walk","TYPE_TC":"家樂徑","DIFFICULTY_EN":"Easy","DIFFICULTY_TC":"易行","REGION_EN":"West New Territories","REGION_TC":"新界西區","STARTpt_EN":"Ho Pui village","STARTpt_TC":"河背村","FINISHpt_EN":"Ho Pui village","FINISHpt_TC":"河背村","WEBSITE":"https://www.hiking.gov.hk/trail/info/id/SnNRa3lmM0U4NTVScG5uMG45Qktsdz09","TEL":"1823","MEASURE_LEN":2100,"name_en":"Ho Pui Reservoir Family Walk","name_tc":"河背水塘家樂徑","parent_id":null,"parent_en":null,"parent_tc":null,"parks_en":[],"parks_tc":[],"has_distance_posts":false,"mapped_length_m":2120,"length_mismatch":false,"branching":false,"direction_verified_by":null,"loop":true}},{"type":"Feature","geometry":{"type":"LineString","coordinates":[[114.15095,22.35725],[114.15111,22.35732],[114.15116,22.35763],[114.15133,22.35799],[114.15147,22.35803],[114.15162,22.3579],[114.1518,22.35828],[114.152,22.35838],[114.15219,22.35866],[114.15213,22.35894],[114.15218,22.35911],[114.15209,22.35948],[114.15218,22.3596],[114.15196,22.35977],[114.15193,22.35995],[114.15245,22.36056],[114.15255,22.36136],[114.15273,22.36153],[114.15262,22.36206],[114.15283,22.3623],[114.1525,22.36303],[114.15221,22.36303],[114.1521,22.36309],[114.15221,22.36341],[114.15223,22.36395],[114.15197,22.36395],[114.15187,22.36423],[114.15154,22.36436],[114.15148,22.36453],[114.15151,22.36481],[114.15179,22.3649],[114.1517,22.36525],[114.15116,22.36543],[114.15085,22.36564]]},"properties":{"TRAIL_ID":"fmy_4","TRAIL_NAME_EN":"KAM SHAN FAMILY WALK","TRAIL_NAME_TC":"金山家樂徑","SECTION_NO":"0","TYPE_EN":"Family Walk","TYPE_TC":"家樂徑","DIFFICULTY_EN":"Easy","DIFFICULTY_TC":"易行","REGION_EN":"Central New Territories","REGION_TC":"新界中區","STARTpt_EN":"Kam Shan Road","STARTpt_TC":"金山路","FINISHpt_EN":"Kam Shan Road","FINISHpt_TC":"金山路","WEBSITE":"https://www.hiking.gov.hk/trail/info/id/VGZRNVlyYTdoR2l4cXB2TTRSRWpsQT09","TEL":"1823","MEASURE_LEN":1000,"name_en":"Kam Shan Family Walk","name_tc":"金山家樂徑","parent_id":null,"parent_en":null,"parent_tc":null,"parks_en":[],"parks_tc":[],"has_distance_posts":false,"mapped_length_m":1266,"length_mismatch":true,"branching":false,"direction_verified_by":null,"loop":false}},{"type":"Feature","geometry":{"type":"LineString","coordinates":[[114.10606,22.39549],[114.10601,22.39528],[114.10603,22.39515],[114.10612,22.3951],[114.10609,22.39495],[114.10589,22.39492],[114.10573,22.39477],[114.1054,22.39474],[114.1053,22.39465],[114.10533,22.39448],[114.1052,22.39422],[114.10539,22.39412],[114.10557,22.39408],[114.10601,22.39434],[114.10625,22.39425],[114.10664,22.39479],[114.1066,22.39493],[114.10669,22.39522]]},"properties":{"TRAIL_ID":"fmy_5","TRAIL_NAME_EN":"CHUEN LUNG FAMILY WALK","TRAIL_NAME_TC":"川龍家樂徑","SECTION_NO":"0","TYPE_EN":"Family Walk","TYPE_TC":"家樂徑","DIFFICULTY_EN":"Easy","DIFFICULTY_TC":"易行","REGION_EN":"West New Territories","REGION_TC":"新界西區","STARTpt_EN":"Chuen Lung Barbecue Site","STARTpt_TC":"川龍燒烤場","FINISHpt_EN":"Chuen Lung Barbecue Site","FINISHpt_TC":"川龍燒烤場","WEBSITE":"https://www.hiking.gov.hk/trail/info/id/RVJobWpURjlCUGU4VFB6bDdhYXl5UT09","TEL":"1823","MEASURE_LEN":500,"name_en":"Chuen Lung Family Walk","name_tc":"川龍家樂徑","parent_id":null,"parent_en":null,"parent_tc":null,"parks_en":[],"parks_tc":[],"has_distance_posts":false,"mapped_length_m":463,"length_mismatch":false,"branching":false,"direction_verified_by":null,"loop":false}},{"type":"Feature","geometry":{"type":"LineString","coordinates":[[114.10588,22.4047],[114.10587,22.40484],[114.10566,22.40501],[114.10545,22.40506],[114.10515,22.40498],[114.10516,22.40491],[114.10544,22.40478],[114.10554,22.40442],[114.10538,22.40388],[114.1055,22.40379],[114.10606,22.40371],[114.10631,22.40356],[114.10677,22.40349],[114.10693,22.40395],[114.1069,22.40405],[114.10658,22.40407],[114.1063,22.40433],[114.1061,22.4044]]},"properties":{"TRAIL_ID":"fmy_6","TRAIL_NAME_EN":"TAI MO SHAN FAMILY WALK","TRAIL_NAME_TC":"大帽山家樂徑","SECTION_NO":"0","TYPE_EN":"Family Walk","TYPE_TC":"家樂徑","DIFFICULTY_EN":"Easy","DIFFICULTY_TC":"易行","REGION_EN":"West New Territories","REGION_TC":"新界西區","STARTpt_EN":"Rotary Park","STARTpt_TC":"扶輪公園","FINISHpt_EN":"Rotary Park","FINISHpt_TC":"扶輪公園","WEBSITE":"https://www.hiking.gov.hk/trail/info/id/OUpMbkhjSTJxM05tM3VZcGFXZTZwdz09","TEL":"1823","MEASURE_LEN":500,"name_en":"Tai Mo Shan Family Walk","name_tc":"大帽山家樂徑","parent_id":null,"parent_en":null,"parent_tc":null,"parks_en":[],"parks_tc":[],"has_distance_posts":false,"mapped_length_m":567,"length_mismatch":true,"branching":false,"direction_verified_by":null,"loop":true}},{"type":"Feature","geometry":{"type":"LineString","coordinates":[[114.31861,22.39806],[114.31868,22.39888],[114.31884,22.39913],[114.31869,22.3999],[114.31843,22.40024],[114.31836,22.40046],[114.31842,22.40062],[114.31835,22.40073],[114.31844,22.401],[114.31879,22.40148],[114.3188,22.40175],[114.31879,22.40199],[114.31867,22.40221],[114.31822,22.40268],[114.31827,22.40329],[114.3184,22.40378],[114.3184,22.40432],[114.31971,22.40416],[114.31999,22.40362],[114.32029,22.40345],[114.32036,22.40333],[114.32047,22.40336],[114.32049,22.4032],[114.32084,22.40332],[114.32092,22.40342],[114.32107,22.40341],[114.32106,22.40329],[114.32148,22.40308],[114.3218,22.40276],[114.32187,22.40249],[114.3221,22.40232],[114.32215,22.40215],[114.3223,22.40205],[114.32263,22.402],[114.32282,22.40186]]},"properties":{"TRAIL_ID":"fmy_7","TRAIL_NAME_EN":"PAK TAM CHUNG FAMILY WALK","TRAIL_NAME_TC":"北潭涌家樂徑","SECTION_NO":"0","TYPE_EN":"Family Walk","TYPE_TC":"家樂徑","DIFFICULTY_EN":"Easy","DIFFICULTY_TC":"易行","REGION_EN":"Sai Kung","REGION_TC":"西貢","STARTpt_EN":"Pak Tam Chung Barbecue Area Car Park","STARTpt_TC":"北潭涌燒烤場停車場","FINISHpt_EN":"Pak Tam Road","FINISHpt_TC":"北潭路","WEBSITE":"https://www.hiking.gov.hk/trail/info/id/dDFXTTZ2TTBxWGVpd3ZKajdFRUNzZz09","TEL":"1823","MEASURE_LEN":1400,"name_en":"Pak Tam Chung Family Walk","name_tc":"北潭涌家樂徑","parent_id":null,"parent_en":null,"parent_tc":null,"parks_en":[],"parks_tc":[],"has_distance_posts":false,"mapped_length_m":1400,"length_mismatch":false,"branching":false,"direction_verified_by":null,"loop":false}},{"type":"Feature","geometry":{"type":"LineString","coordinates":[[114.32101,22.39116],[114.32114,22.39126],[114.32131,22.39114],[114.3214,22.3913],[114.32164,22.39124],[114.32165,22.39106],[114.32215,22.39108],[114.32229,22.39118],[114.32233,22.39149],[114.32286,22.39169],[114.32259,22.392],[114.32241,22.39203],[114.3223,22.39213],[114.3223,22.39245],[114.32234,22.39257],[114.3226,22.39277],[114.32252,22.39303],[114.32272,22.39344],[114.3227,22.39366],[114.32284,22.39384],[114.3231,22.39386],[114.32303,22.39417],[114.32311,22.39446],[114.32297,22.39473],[114.32312,22.39513],[114.32317,22.39567],[114.3233,22.39576],[114.32358,22.39578],[114.32391,22.3963],[114.32416,22.39646],[114.32432,22.3967],[114.32428,22.39687],[114.324,22.39725],[114.32405,22.39753],[114.32394,22.39755],[114.32367,22.39737],[114.3236,22.3974],[114.32367,22.39759],[114.32404,22.39776],[114.32398,22.39814],[114.32402,22.39831],[114.32436,22.39833],[114.32447,22.39842],[114.32463,22.39834],[114.32454,22.39785],[114.32437,22.39765],[114.32459,22.39749],[114.32456,22.39728],[114.32468,22.39688],[114.3249,22.39667],[114.32509,22.39673],[114.32541,22.39698],[114.32554,22.39745],[114.32576,22.39747],[114.32596,22.39769]]},"properties":{"TRAIL_ID":"fmy_8","TRAIL_NAME_EN":"SHEUNG YIU FAMILY WALK","TRAIL_NAME_TC":"上窰家樂徑","SECTION_NO":"0","TYPE_EN":"Family Walk","TYPE_TC":"家樂徑","DIFFICULTY_EN":"Moderate","DIFFICULTY_TC":"普通","REGION_EN":"Sai Kung","REGION_TC":"西貢","STARTpt_EN":"Sheung Yiu","STARTpt_TC":"上窰","FINISHpt_EN":"Tai Mong Tsai Road","FINISHpt_TC":"大網仔路","WEBSITE":"https://www.hiking.gov.hk/trail/info/id/LzJZUFdmR0thSHgwV0xPSElFbjVBQT09","TEL":"1823","MEASURE_LEN":1800,"name_en":"Sheung Yiu Family Walk","name_tc":"上窰家樂徑","parent_id":null,"parent_en":null,"parent_tc":null,"parks_en":[],"parks_tc":[],"has_distance_posts":false,"mapped_length_m":1765,"length_mismatch":false,"branching":false,"direction_verified_by":"place_names","loop":false}},{"type":"Feature","geometry":{"type":"LineString","coordinates":[[114.33684,22.43464],[114.33682,22.43461],[114.33681,22.43459],[114.3368,22.43458],[114.33656,22.43446],[114.3365,22.43433],[114.33639,22.4342],[114.33638,22.43419],[114.33637,22.43419],[114.33636,22.43419],[114.33635,22.43419],[114.33634,22.43419],[114.3363,22.43425],[114.33627,22.43427],[114.33624,22.43428],[114.33623,22.43428],[114.33613,22.43435],[114.33608,22.43439],[114.33606,22.43442],[114.33609,22.43424],[114.3361,22.43421],[114.3361,22.43414],[114.33609,22.43413],[114.33609,22.43409],[114.33608,22.43408],[114.33603,22.43398],[114.33605,22.43396],[114.33605,22.43393],[114.33606,22.43392],[114.33607,22.43392],[114.33609,22.43391],[114.3361,22.4339],[114.33624,22.43373],[114.33626,22.43371],[114.33629,22.43366],[114.33636,22.43359],[114.33638,22.43358],[114.33639,22.43356],[114.33642,22.43352],[114.33646,22.43347],[114.33647,22.43344],[114.33648,22.43341],[114.33649,22.43338],[114.33649,22.43336],[114.33648,22.43332],[114.33648,22.4333],[114.33641,22.43318],[114.3364,22.43316],[114.33628,22.43304],[114.33627,22.43303],[114.33619,22.43276],[114.33608,22.43257],[114.33609,22.43252],[114.33608,22.43246],[114.33609,22.43243],[114.3361,22.43233],[114.33623,22.43218],[114.33625,22.43216],[114.33626,22.43214],[114.33627,22.43211],[114.33628,22.43205],[114.33628,22.4318],[114.33627,22.43179],[114.33615,22.4317],[114.33616,22.43162],[114.33619,22.43156],[114.3362,22.43152],[114.33621,22.43149],[114.3362,22.43147],[114.33615,22.43142],[114.33612,22.4314],[114.33609,22.43137],[114.33608,22.43134],[114.33605,22.43124],[114.336,22.43115],[114.33598,22.43113],[114.33596,22.43112],[114.33583,22.43112],[114.33571,22.43106],[114.33567,22.43105],[114.33565,22.43104],[114.33543,22.43103],[114.3352,22.43076],[114.33505,22.4304],[114.33503,22.4298],[114.33488,22.42973],[114.33438,22.42977],[114.3337,22.43006],[114.33322,22.43014],[114.33303,22.43026],[114.33285,22.43061],[114.33304,22.43062],[114.33333,22.43044],[114.33416,22.43045],[114.33451,22.43069],[114.33471,22.43064],[114.33503,22.43092],[114.33512,22.43083],[114.33543,22.43104],[114.33565,22.43104],[114.33583,22.43112],[114.33598,22.43113],[114.33609,22.43137],[114.33612,22.4314],[114.3362,22.43147],[114.33621,22.43149],[114.33615,22.43162],[114.33615,22.4317],[114.33628,22.4318],[114.33627,22.43211],[114.3361,22.43233],[114.33608,22.43246],[114.33609,22.43252],[114.33608,22.43256],[114.33608,22.43258],[114.33627,22.43303],[114.33628,22.43304],[114.33641,22.43318],[114.33649,22.43336],[114.33639,22.43356],[114.33629,22.43366],[114.3361,22.4339],[114.33606,22.43392],[114.33605,22.43393],[114.33603,22.43398],[114.3361,22.43414],[114.33606,22.43442],[114.3363,22.43425],[114.33634,22.43419],[114.33637,22.43419],[114.33656,22.43446],[114.33683,22.43464]]},"properties":{"TRAIL_ID":"fmy_9","TRAIL_NAME_EN":"WONG SHEK FAMILY WALK","TRAIL_NAME_TC":"黃石家樂徑","SECTION_NO":"0","TYPE_EN":"Family Walk","TYPE_TC":"家樂徑","DIFFICULTY_EN":"Easy","DIFFICULTY_TC":"易行","REGION_EN":"Sai Kung","REGION_TC":"西貢","STARTpt_EN":"Wong Shek Pier Bus Terminus","STARTpt_TC":"黃石碼頭巴士總站","FINISHpt_EN":"Wong Shek Pier Bus Terminus","FINISHpt_TC":"黃石碼頭巴士總站","WEBSITE":"https://www.hiking.gov.hk/trail/info/id/dVVzSndDcTNlMlpYcFgveHArcGxlZz09","TEL":"1823","MEASURE_LEN":1900,"name_en":"Wong Shek Family Walk","name_tc":"黃石家樂徑","parent_id":null,"parent_en":null,"parent_tc":null,"parks_en":[],"parks_tc":[],"has_distance_posts":false,"mapped_length_m":1910,"length_mismatch":false,"branching":false,"direction_verified_by":null,"loop":true}},{"type":"Feature","geometry":{"type":"LineString","coordinates":[[114.14949,22.27123],[114.14936,22.27168],[114.14938,22.27183],[114.14956,22.27211],[114.14954,22.27221],[114.14941,22.2725],[114.14904,22.27276],[114.14884,22.27393],[114.14905,22.27433],[114.14901,22.27461],[114.14906,22.27476],[114.1493,22.27495],[114.14939,22.27545],[114.14883,22.27583],[114.14868,22.27566],[114.14857,22.27563],[114.14832,22.27576],[114.14795,22.2765],[114.14807,22.27717],[114.14802,22.27735],[114.14789,22.2775],[114.14736,22.27781],[114.14692,22.27787],[114.14682,22.27811],[114.14651,22.27844],[114.14509,22.27837],[114.1449,22.2782],[114.14477,22.27781],[114.14451,22.27765],[114.14405,22.27752],[114.14321,22.2776],[114.14283,22.27752],[114.14251,22.2773],[114.14193,22.27653],[114.14191,22.27614],[114.14178,22.27575],[114.14156,22.27545],[114.14079,22.27522],[114.14051,22.27524],[114.14003,22.27502],[114.13923,22.27492],[114.13866,22.2746],[114.13856,22.27443],[114.13885,22.27357],[114.13968,22.27261],[114.14027,22.27284],[114.14051,22.27281],[114.14115,22.27233],[114.14215,22.27208],[114.1425,22.27216],[114.14279,22.27209],[114.14319,22.27181],[114.14337,22.27184],[114.14365,22.27168],[114.14385,22.27145],[114.14472,22.2715],[114.14492,22.27166],[114.1455,22.27181],[114.14595,22.27173],[114.14612,22.2716],[114.14663,22.27148],[114.14709,22.2717],[114.14768,22.27129],[114.14844,22.27134],[114.149,22.27121]]},"properties":{"TRAIL_ID":"tre_1","TRAIL_NAME_EN":"POK FU LAM TREE WALK","TRAIL_NAME_TC":"薄扶林樹木研習徑","SECTION_NO":"0","TYPE_EN":"Tree Walk","TYPE_TC":"樹木研習徑","DIFFICULTY_EN":"Easy","DIFFICULTY_TC":"易行","REGION_EN":"Hong Kong Island","REGION_TC":"香港島","STARTpt_EN":"Peak Tram","STARTpt_TC":"山頂纜車站","FINISHpt_EN":"Harlech Road","FINISHpt_TC":"夏力道","WEBSITE":"https://www.hiking.gov.hk/trail/info/id/UFBsNE9YZFZiVjcxbEppTE5waXo3UT09","TEL":"1823","MEASURE_LEN":3200,"name_en":"Pok Fu Lam Tree Walk","name_tc":"薄扶林樹木研習徑","parent_id":null,"parent_en":null,"parent_tc":null,"parks_en":[],"parks_tc":[],"has_distance_posts":false,"mapped_length_m":3423,"length_mismatch":false,"branching":false,"direction_verified_by":null,"loop":false}},{"type":"Feature","geometry":{"type":"LineString","coordinates":[[114.27718,22.40538],[114.277,22.40534],[114.27689,22.40501],[114.27672,22.40482],[114.27657,22.40481],[114.27634,22.405],[114.27568,22.40521],[114.27536,22.4058],[114.27473,22.40618],[114.27466,22.40649],[114.27446,22.40678],[114.27437,22.40739],[114.27407,22.40777],[114.274,22.40802],[114.2741,22.40833]]},"properties":{"TRAIL_ID":"tre_10","TRAIL_NAME_EN":"KEI LING HA TREE WALK","TRAIL_NAME_TC":"企嶺下樹木研習徑","SECTION_NO":"0","TYPE_EN":"Tree Walk","TYPE_TC":"樹木研習徑","DIFFICULTY_EN":"Easy","DIFFICULTY_TC":"易行","REGION_EN":"Sai Kung","REGION_TC":"西貢","STARTpt_EN":"Shui Long Wo","STARTpt_TC":"水浪窩","FINISHpt_EN":"Kei Ling Ha Lo Wai","FINISHpt_TC":"企嶺下老圍","WEBSITE":"https://www.hiking.gov.hk/trail/info/id/RVlYeCtCQWFVQWcyanhnWGU0d1ZCUT09","TEL":"1823","MEASURE_LEN":600,"name_en":"Kei Ling Ha Tree Walk","name_tc":"企嶺下樹木研習徑","parent_id":null,"parent_en":null,"parent_tc":null,"parks_en":[],"parks_tc":[],"has_distance_posts":false,"mapped_length_m":617,"length_mismatch":false,"branching":false,"direction_verified_by":"place_names","loop":false}},{"type":"Feature","geometry":{"type":"LineString","coordinates":[[114.25852,22.42984],[114.25833,22.42957],[114.25843,22.42955],[114.25834,22.42941],[114.25911,22.42938],[114.25927,22.42948],[114.25914,22.42958],[114.25892,22.42958],[114.25898,22.42952],[114.25867,22.4296]]},"properties":{"TRAIL_ID":"tre_11","TRAIL_NAME_EN":"NAI CHUNG TREE WALK","TRAIL_NAME_TC":"泥涌樹木研習徑","SECTION_NO":"0","TYPE_EN":"Tree Walk","TYPE_TC":"樹木研習徑","DIFFICULTY_EN":"Easy","DIFFICULTY_TC":"易行","REGION_EN":"Central New Territories","REGION_TC":"新界中區","STARTpt_EN":"Nai Chung Barbecue Site","STARTpt_TC":"泥涌燒烤場","FINISHpt_EN":"Nai Chung Barbecue Site","FINISHpt_TC":"泥涌燒烤場","WEBSITE":"https://www.hiking.gov.hk/trail/info/id/V3JLaVN0VWZ2T1lteUZmQlp2L1ZoQT09","TEL":"1823","MEASURE_LEN":300,"name_en":"Nai Chung Tree Walk","name_tc":"泥涌樹木研習徑","parent_id":null,"parent_en":null,"parent_tc":null,"parks_en":[],"parks_tc":[],"has_distance_posts":false,"mapped_length_m":251,"length_mismatch":true,"branching":false,"direction_verified_by":null,"loop":true}},{"type":"Feature","geometry":{"type":"LineString","coordinates":[[114.2427,22.4878],[114.24294,22.48747],[114.24268,22.48696],[114.24224,22.48714],[114.24199,22.48715],[114.24191,22.48727],[114.24217,22.48761],[114.24216,22.48779],[114.24227,22.48795]]},"properties":{"TRAIL_ID":"tre_12","TRAIL_NAME_EN":"CHUNG PUI TREE WALK","TRAIL_NAME_TC":"涌背樹木研習徑","SECTION_NO":"0","TYPE_EN":"Tree Walk","TYPE_TC":"樹木研習徑","DIFFICULTY_EN":"Easy","DIFFICULTY_TC":"易行","REGION_EN":"North New Territories","REGION_TC":"新界北區","STARTpt_EN":"Bride's Pool Road","STARTpt_TC":"新娘潭路","FINISHpt_EN":"Bride's Pool Road","FINISHpt_TC":"新娘潭路","WEBSITE":"https://www.hiking.gov.hk/trail/info/id/RURvbVRIM0FiZXc0U0dlcWtTVnNBdz09","TEL":"1823","MEASURE_LEN":250,"name_en":"Chung Pui Tree Walk","name_tc":"涌背樹木研習徑","parent_id":null,"parent_en":null,"parent_tc":null,"parks_en":[],"parks_tc":[],"has_distance_posts":false,"mapped_length_m":295,"length_mismatch":true,"branching":false,"direction_verified_by":null,"loop":true}},{"type":"Feature","geometry":{"type":"LineString","coordinates":[[114.14726,22.34954],[114.14744,22.34977],[114.14752,22.35016],[114.14785,22.35088],[114.14804,22.35102],[114.14822,22.35105],[114.1483,22.35088],[114.14844,22.35085],[114.14905,22.35118],[114.14932,22.35137],[114.14932,22.35163],[114.14945,22.3517],[114.1494,22.35199],[114.14978,22.35192],[114.15004,22.35205],[114.1501,22.35217],[114.15028,22.35228],[114.15062,22.35227],[114.15084,22.35237],[114.15098,22.35254],[114.15104,22.35296],[114.1514,22.35313],[114.15151,22.35333],[114.15186,22.35324],[114.15212,22.35334],[114.15238,22.35323],[114.15246,22.35343]]},"properties":{"TRAIL_ID":"tre_13","TRAIL_NAME_EN":"KAM SHAN TREE WALK","TRAIL_NAME_TC":"金山樹木研習徑","SECTION_NO":"0","TYPE_EN":"Tree Walk","TYPE_TC":"樹木研習徑","DIFFICULTY_EN":"Easy","DIFFICULTY_TC":"易行","REGION_EN":"Central New Territories","REGION_TC":"新界中區","STARTpt_EN":"Kowloon Reservoir","STARTpt_TC":"九龍水塘","FINISHpt_EN":"Kowloon Reception Reservoir","FINISHpt_TC":"九龍接收水塘","WEBSITE":"https://www.hiking.gov.hk/trail/info/id/c0RsOFZwREtEUGlqK050bVY0dys1dz09","TEL":"1823","MEASURE_LEN":1000,"name_en":"Kam Shan Tree Walk","name_tc":"金山樹木研習徑","parent_id":null,"parent_en":null,"parent_tc":null,"parks_en":[],"parks_tc":[],"has_distance_posts":false,"mapped_length_m":862,"length_mismatch":true,"branching":false,"direction_verified_by":null,"loop":false}},{"type":"Feature","geometry":{"type":"LineString","coordinates":[[114.03238,22.40943],[114.03289,22.40967],[114.03295,22.40979],[114.03286,22.40993],[114.03263,22.40993],[114.0313,22.40953],[114.03101,22.40929],[114.03054,22.40957],[114.03042,22.40954],[114.03034,22.40937],[114.03072,22.40926],[114.03081,22.4091],[114.03098,22.40902],[114.03113,22.40919],[114.03121,22.40915],[114.0315,22.40927],[114.03236,22.40942]]},"properties":{"TRAIL_ID":"tre_14","TRAIL_NAME_EN":"TAI TONG TREE WALK","TRAIL_NAME_TC":"大棠樹木研習徑","SECTION_NO":"0","TYPE_EN":"Tree Walk","TYPE_TC":"樹木研習徑","DIFFICULTY_EN":"Easy","DIFFICULTY_TC":"易行","REGION_EN":"West New Territories","REGION_TC":"新界西區","STARTpt_EN":"Tai Tong Barbecue Area","STARTpt_TC":"大棠燒烤場","FINISHpt_EN":"Tai Tong Barbecue Area","FINISHpt_TC":"大棠燒烤場","WEBSITE":"https://www.hiking.gov.hk/trail/info/id/VUYwYmN4Y1Q4R0FHSldVNkRCTXVuUT09","TEL":"1823","MEASURE_LEN":650,"name_en":"Tai Tong Tree Walk","name_tc":"大棠樹木研習徑","parent_id":null,"parent_en":null,"parent_tc":null,"parks_en":[],"parks_tc":[],"has_distance_posts":false,"mapped_length_m":636,"length_mismatch":false,"branching":false,"direction_verified_by":null,"loop":true}},{"type":"Feature","geometry":{"type":"LineString","coordinates":[[113.98825,22.25644],[113.98829,22.25671],[113.98818,22.25688],[113.98831,22.25711],[113.98823,22.25718],[113.98808,22.25712],[113.9877,22.25653],[113.98692,22.25668],[113.98673,22.25679],[113.9866,22.25703],[113.98637,22.25699],[113.98603,22.25705],[113.98587,22.25698]]},"properties":{"TRAIL_ID":"tre_16","TRAIL_NAME_EN":"NAM SHAN TREE WALK","TRAIL_NAME_TC":"南山樹木研習徑","SECTION_NO":"0","TYPE_EN":"Tree Walk","TYPE_TC":"樹木研習徑","DIFFICULTY_EN":"Easy","DIFFICULTY_TC":"易行","REGION_EN":"Lantau Island","REGION_TC":"大嶼山","STARTpt_EN":"South Lantau Road","STARTpt_TC":"嶼南道","FINISHpt_EN":"Nam Shan","FINISHpt_TC":"南山","WEBSITE":"https://www.hiking.gov.hk/trail/info/id/bUhFSUx4VzgzMFBPWFhuaVRqRE9mUT09","TEL":"1823","MEASURE_LEN":440,"name_en":"Nam Shan Tree Walk","name_tc":"南山樹木研習徑","parent_id":null,"parent_en":null,"parent_tc":null,"parks_en":[],"parks_tc":[],"has_distance_posts":false,"mapped_length_m":409,"length_mismatch":false,"branching":false,"direction_verified_by":null,"loop":false}},{"type":"Feature","geometry":{"type":"LineString","coordinates":[[114.15914,22.25408],[114.15962,22.25492],[114.15995,22.25502],[114.16006,22.25512],[114.16023,22.25601],[114.16049,22.25644],[114.16056,22.25705],[114.16073,22.25714],[114.16118,22.25709],[114.16136,22.25715],[114.16151,22.25758],[114.16142,22.25789],[114.16156,22.25821],[114.16156,22.25869],[114.1617,22.25888],[114.1619,22.25893],[114.16207,22.25867],[114.16228,22.25852],[114.16269,22.25846],[114.16309,22.25876],[114.16339,22.25881],[114.16339,22.25932],[114.16362,22.25964],[114.16358,22.25994],[114.16365,22.26018],[114.16355,22.26037],[114.16385,22.26043],[114.16388,22.26078],[114.16418,22.26079],[114.16444,22.26102],[114.16446,22.26115],[114.16464,22.26124],[114.16467,22.26137],[114.16454,22.26158],[114.16489,22.26168],[114.16473,22.26208],[114.16513,22.26228],[114.16511,22.2627],[114.16531,22.26279],[114.16522,22.26316],[114.16551,22.26343],[114.16573,22.26342],[114.16586,22.26376],[114.16607,22.26388],[114.16591,22.2642],[114.16594,22.26427],[114.16619,22.26431],[114.16626,22.2644],[114.16603,22.26463],[114.16611,22.26478],[114.16648,22.26483],[114.1666,22.26494],[114.16694,22.26485],[114.16709,22.26472],[114.16723,22.26492],[114.16721,22.26507],[114.1675,22.26504],[114.16771,22.26524],[114.16802,22.26535],[114.1684,22.26572],[114.16846,22.26578],[114.16827,22.26581],[114.16812,22.26571],[114.16805,22.26586],[114.16787,22.26589],[114.16772,22.26562],[114.16761,22.26563],[114.16748,22.26579],[114.16766,22.26635],[114.16774,22.26642],[114.16799,22.26632],[114.16822,22.26641],[114.16837,22.26664],[114.1689,22.26676],[114.16933,22.26662],[114.16968,22.26679]]},"properties":{"TRAIL_ID":"tre_2","TRAIL_NAME_EN":"ABERDEEN TREE WALK","TRAIL_NAME_TC":"香港仔樹木研習徑","SECTION_NO":"0","TYPE_EN":"Tree Walk","TYPE_TC":"樹木研習徑","DIFFICULTY_EN":"Easy","DIFFICULTY_TC":"易行","REGION_EN":"Hong Kong Island","REGION_TC":"香港島","STARTpt_EN":"Aberdeen Tree Centre","STARTpt_TC":"香港仔樹木廊","FINISHpt_EN":"Wan Chai Gap","FINISHpt_TC":"灣仔峽","WEBSITE":"https://www.hiking.gov.hk/trail/info/id/WmppU2ZSVEUwdFF4VWFaTFkrdmZBUT09","TEL":"1823","MEASURE_LEN":2500,"name_en":"Aberdeen Tree Walk","name_tc":"香港仔樹木研習徑","parent_id":null,"parent_en":null,"parent_tc":null,"parks_en":[],"parks_tc":[],"has_distance_posts":false,"mapped_length_m":2608,"length_mismatch":false,"branching":false,"direction_verified_by":"place_names","loop":false}},{"type":"Feature","geometry":{"type":"LineString","coordinates":[[114.20478,22.25927],[114.20456,22.2591],[114.20463,22.25893],[114.20446,22.25886],[114.20463,22.25884],[114.20454,22.25876],[114.20461,22.25872],[114.20457,22.25863],[114.20446,22.25867]]},"properties":{"TRAIL_ID":"tre_4","TRAIL_NAME_EN":"TAI TAM TREE WALK","TRAIL_NAME_TC":"大潭樹木研習徑","SECTION_NO":"0","TYPE_EN":"Tree Walk","TYPE_TC":"樹木研習徑","DIFFICULTY_EN":"Easy","DIFFICULTY_TC":"易行","REGION_EN":"Hong Kong Island","REGION_TC":"香港島","STARTpt_EN":"Tai Tam Barbecue Area Site No. 3","STARTpt_TC":"大潭燒烤區3號場","FINISHpt_EN":"Tai Tam Barbecue Area Site No. 3","FINISHpt_TC":"大潭燒烤區3號場","WEBSITE":"https://www.hiking.gov.hk/trail/info/id/MzdJN3lQcHFvVXp0R1BOWTRBZ2liUT09","TEL":"1823","MEASURE_LEN":140,"name_en":"Tai Tam Tree Walk","name_tc":"大潭樹木研習徑","parent_id":null,"parent_en":null,"parent_tc":null,"parks_en":[],"parks_tc":[],"has_distance_posts":false,"mapped_length_m":141,"length_mismatch":false,"branching":false,"direction_verified_by":null,"loop":false}},{"type":"Feature","geometry":{"type":"LineString","coordinates":[[114.21345,22.27918],[114.21382,22.27727],[114.21389,22.27717],[114.214,22.27733],[114.21404,22.27717],[114.21398,22.27677],[114.21386,22.27652],[114.21365,22.27642],[114.21346,22.27641],[114.21325,22.27663],[114.213,22.27666],[114.21294,22.27679],[114.21275,22.2768],[114.21284,22.27688],[114.21255,22.27691],[114.21257,22.27696],[114.21248,22.27697],[114.21266,22.2771],[114.21244,22.27728],[114.21217,22.27703],[114.21209,22.27711],[114.21196,22.27707],[114.21179,22.27713],[114.21146,22.27706],[114.21089,22.27711],[114.211,22.27735],[114.21096,22.27757],[114.21114,22.27788],[114.21103,22.27801],[114.21057,22.27808],[114.21048,22.27837],[114.21014,22.27861],[114.21012,22.27872],[114.20994,22.27886]]},"properties":{"TRAIL_ID":"tre_5","TRAIL_NAME_EN":"QUARRY BAY TREE WALK","TRAIL_NAME_TC":"鰂魚涌樹木研習徑","SECTION_NO":"0","TYPE_EN":"Tree Walk","TYPE_TC":"樹木研習徑","DIFFICULTY_EN":"Easy","DIFFICULTY_TC":"易行","REGION_EN":"Hong Kong Island","REGION_TC":"香港島","STARTpt_EN":"Mount Parker Road","STARTpt_TC":"柏架山道","FINISHpt_EN":"Greig Road","FINISHpt_TC":"基利路","WEBSITE":"https://www.hiking.gov.hk/trail/info/id/bjVaMklDRFFFWnEzMmgxT2cvY2t4dz09","TEL":"1823","MEASURE_LEN":1100,"name_en":"Quarry Bay Tree Walk","name_tc":"鰂魚涌樹木研習徑","parent_id":null,"parent_en":null,"parent_tc":null,"parks_en":[],"parks_tc":[],"has_distance_posts":false,"mapped_length_m":1093,"length_mismatch":false,"branching":false,"direction_verified_by":null,"loop":false}},{"type":"Feature","geometry":{"type":"LineString","coordinates":[[114.2994,22.29022],[114.29892,22.29017],[114.2987,22.2898],[114.29923,22.28851],[114.29977,22.28814],[114.30043,22.28793],[114.30071,22.28791],[114.30136,22.28808],[114.30157,22.28854],[114.30174,22.28868],[114.30196,22.28904],[114.3021,22.28911],[114.30237,22.28952],[114.30233,22.2898],[114.30214,22.29015],[114.30186,22.29046],[114.30185,22.29082],[114.3015,22.29105],[114.30128,22.29111]]},"properties":{"TRAIL_ID":"tre_6","TRAIL_NAME_EN":"CLEAR WATER BAY TREE WALK","TRAIL_NAME_TC":"清水灣樹木研習徑","SECTION_NO":"0","TYPE_EN":"Tree Walk","TYPE_TC":"樹木研習徑","DIFFICULTY_EN":"Easy","DIFFICULTY_TC":"易行","REGION_EN":"Sai Kung","REGION_TC":"西貢","STARTpt_EN":"Clearwater Bay Country Park Visitor Centre","STARTpt_TC":"清水灣郊野公園遊客中心","FINISHpt_EN":"Barbecue Area","FINISHpt_TC":"燒烤地點","WEBSITE":"https://www.hiking.gov.hk/trail/info/id/Wk12WTM4TlZlRFhhMlAyU0dCVkRldz09","TEL":"1823","MEASURE_LEN":950,"name_en":"Clear Water Bay Tree Walk","name_tc":"清水灣樹木研習徑","parent_id":null,"parent_en":null,"parent_tc":null,"parks_en":[],"parks_tc":[],"has_distance_posts":false,"mapped_length_m":933,"length_mismatch":false,"branching":false,"direction_verified_by":null,"loop":false}},{"type":"Feature","geometry":{"type":"LineString","coordinates":[[114.33343,22.43671],[114.33347,22.43689],[114.3337,22.43709],[114.33376,22.43724],[114.33385,22.43721],[114.33391,22.43705],[114.33418,22.43698],[114.33386,22.43682],[114.3337,22.43683],[114.33357,22.43669],[114.33343,22.43671]]},"properties":{"TRAIL_ID":"tre_7","TRAIL_NAME_EN":"TAI TAN TREE WALK","TRAIL_NAME_TC":"大灘樹木研習徑","SECTION_NO":"0","TYPE_EN":"Tree Walk","TYPE_TC":"樹木研習徑","DIFFICULTY_EN":"Easy","DIFFICULTY_TC":"易行","REGION_EN":"Sai Kung","REGION_TC":"西貢","STARTpt_EN":"Tai Tan Campsite","STARTpt_TC":"大灘營地","FINISHpt_EN":"Tai Tan Campsite","FINISHpt_TC":"大灘營地","WEBSITE":"https://www.hiking.gov.hk/trail/info/id/UzEydzFOQTc2YjFneklVdFV6cTVJZz09","TEL":"1823","MEASURE_LEN":200,"name_en":"Tai Tan Tree Walk","name_tc":"大灘樹木研習徑","parent_id":null,"parent_en":null,"parent_tc":null,"parks_en":[],"parks_tc":[],"has_distance_posts":false,"mapped_length_m":221,"length_mismatch":true,"branching":false,"direction_verified_by":null,"loop":true}},{"type":"Feature","geometry":{"type":"LineString","coordinates":[[114.33393,22.43666],[114.33434,22.43665],[114.33501,22.43618],[114.3354,22.43564],[114.33545,22.43541],[114.33533,22.43504],[114.33541,22.43505],[114.33555,22.43487],[114.33589,22.43465],[114.33606,22.43442]]},"properties":{"TRAIL_ID":"tre_8","TRAIL_NAME_EN":"WONG SHEK TREE WALK","TRAIL_NAME_TC":"黃石樹木研習徑","SECTION_NO":"0","TYPE_EN":"Tree Walk","TYPE_TC":"樹木研習徑","DIFFICULTY_EN":"Easy","DIFFICULTY_TC":"易行","REGION_EN":"Sai Kung","REGION_TC":"西貢","STARTpt_EN":"Pak Tam Road","STARTpt_TC":"北潭路","FINISHpt_EN":"Wong Shek Family Walk","FINISHpt_TC":"黃石家樂徑","WEBSITE":"https://www.hiking.gov.hk/trail/info/id/VWlnL0szQnNOWG5OVEZLRXhCbnA1UT09","TEL":"1823","MEASURE_LEN":400,"name_en":"Wong Shek Tree Walk","name_tc":"黃石樹木研習徑","parent_id":null,"parent_en":null,"parent_tc":null,"parks_en":[],"parks_tc":[],"has_distance_posts":false,"mapped_length_m":379,"length_mismatch":false,"branching":false,"direction_verified_by":null,"loop":false}},{"type":"Feature","geometry":{"type":"LineString","coordinates":[[114.32025,22.39737],[114.32066,22.39781],[114.32079,22.39789],[114.32094,22.39787],[114.32091,22.39799],[114.32101,22.39808],[114.32113,22.39795],[114.32084,22.39754],[114.32111,22.39784],[114.32124,22.39789],[114.32127,22.39782],[114.32138,22.39782],[114.32127,22.39755],[114.32139,22.39733],[114.32112,22.39701],[114.321,22.39698],[114.32099,22.39684],[114.32085,22.39669],[114.32056,22.39682],[114.32041,22.39721],[114.32025,22.39736]]},"properties":{"TRAIL_ID":"tre_9","TRAIL_NAME_EN":"PAK TAM CHUNG TREE WALK","TRAIL_NAME_TC":"北潭涌樹木研習徑","SECTION_NO":"0","TYPE_EN":"Tree Walk","TYPE_TC":"樹木研習徑","DIFFICULTY_EN":"Easy","DIFFICULTY_TC":"易行","REGION_EN":"Sai Kung","REGION_TC":"西貢","STARTpt_EN":"Pak Tam Chung P.H.A.B. Site","STARTpt_TC":"北潭涌傷健樂園","FINISHpt_EN":"Pak Tam Chung P.H.A.B. Site","FINISHpt_TC":"北潭涌傷健樂園","WEBSITE":"https://www.hiking.gov.hk/trail/info/id/ak8zampXZjZLK1d4ZmU5THVMMGVMUT09","TEL":"1823","MEASURE_LEN":600,"name_en":"Pak Tam Chung Tree Walk","name_tc":"北潭涌樹木研習徑","parent_id":null,"parent_en":null,"parent_tc":null,"parks_en":[],"parks_tc":[],"has_distance_posts":false,"mapped_length_m":549,"length_mismatch":false,"branching":false,"direction_verified_by":null,"loop":true}}]}